{"type":"FeatureCollection","features":[{"type":"Feature","properties":{"kind":"water","class":"body"},"geometry":{"type":"Polygon","coordinates":[[[72.93986,19.05881],[72.93873,19.05894],[72.93718,19.05877],[72.93473,19.05886],[72.93404,19.05869],[72.93372,19.05792],[72.93277,19.05677],[72.93288,19.05602],[72.93186,19.05395],[72.93148,19.05238],[72.92898,19.05158],[72.92846,19.05111],[72.92857,19.0505],[72.92827,19.05009],[72.92853,19.04823],[72.92784,19.04754],[72.92803,19.04705],[72.92757,19.04652],[72.92747,19.04666],[72.92785,19.04701],[72.92768,19.04751],[72.92827,19.04808],[72.92838,19.04844],[72.92804,19.05022],[72.92839,19.05053],[72.92826,19.05117],[72.92892,19.05178],[72.93128,19.05246],[72.93162,19.0539],[72.93265,19.05615],[72.93261,19.05707],[72.93352,19.05795],[72.93382,19.05867],[72.93338,19.05941],[72.93317,19.05939],[72.9303,19.0569],[72.92978,19.05677],[72.92931,19.05596],[72.92818,19.05542],[72.92663,19.05562],[72.92637,19.05547],[72.92595,19.05249],[72.92484,19.04924],[72.92502,19.05028],[72.92464,19.05025],[72.9232,19.05115],[72.92295,19.05289],[72.92274,19.05321],[72.92218,19.05346],[72.9213,19.05321],[72.92057,19.05338],[72.92023,19.05299],[72.91917,19.05356],[72.9193,19.05363],[72.92013,19.05311],[72.92058,19.05353],[72.92114,19.05332],[72.92239,19.05357],[72.92283,19.05334],[72.92322,19.05297],[72.92342,19.05124],[72.92488,19.05046],[72.9255,19.05169],[72.92612,19.05547],[72.92667,19.05579],[72.92839,19.05563],[72.92928,19.05617],[72.92949,19.0569],[72.93043,19.05736],[72.93317,19.05962],[72.93352,19.05967],[72.93408,19.05894],[72.93454,19.05911],[72.93665,19.05898],[72.93912,19.05922],[72.93966,19.05909],[72.93986,19.05881]]]}},{"type":"Feature","properties":{"kind":"road","class":"major"},"geometry":{"type":"LineString","coordinates":[[72.91433,19.05352],[72.91669,19.05242],[72.91891,19.05076],[72.92045,19.04989],[72.9204,19.04808],[72.91948,19.04629],[72.91864,19.0454],[72.91831,19.04467]]}},{"type":"Feature","properties":{"kind":"road","class":"major"},"geometry":{"type":"LineString","coordinates":[[72.89785,19.05644],[72.89808,19.05617],[72.89795,19.05589],[72.89759,19.05588],[72.89744,19.05614]]}},{"type":"Feature","properties":{"kind":"road","class":"minor"},"geometry":{"type":"LineString","coordinates":[[72.90384,19.05792],[72.9005,19.05799]]}},{"type":"Feature","properties":{"kind":"road","class":"minor"},"geometry":{"type":"LineString","coordinates":[[72.90035,19.05977],[72.89842,19.05839]]}},{"type":"Feature","properties":{"kind":"road","class":"minor"},"geometry":{"type":"LineString","coordinates":[[72.90381,19.05669],[72.90048,19.05673]]}},{"type":"Feature","properties":{"kind":"road","class":"minor"},"geometry":{"type":"LineString","coordinates":[[72.90389,19.05911],[72.90053,19.05917]]}},{"type":"Feature","properties":{"kind":"road","class":"major"},"geometry":{"type":"LineString","coordinates":[[72.8972,19.06048],[72.89766,19.06013],[72.8985,19.05983]]}},{"type":"Feature","properties":{"kind":"road","class":"minor"},"geometry":{"type":"LineString","coordinates":[[72.90386,19.05852],[72.9006,19.05858]]}},{"type":"Feature","properties":{"kind":"road","class":"major"},"geometry":{"type":"LineString","coordinates":[[72.89785,19.05644],[72.89842,19.05839]]}},{"type":"Feature","properties":{"kind":"road","class":"minor"},"geometry":{"type":"LineString","coordinates":[[72.90384,19.05727],[72.90049,19.05733]]}},{"type":"Feature","properties":{"kind":"road","class":"major"},"geometry":{"type":"LineString","coordinates":[[72.89457,19.05415],[72.8954,19.05792],[72.89706,19.06059]]}},{"type":"Feature","properties":{"kind":"road","class":"major"},"geometry":{"type":"LineString","coordinates":[[72.89524,19.05664],[72.89744,19.05614]]}},{"type":"Feature","properties":{"kind":"road","class":"major"},"geometry":{"type":"LineString","coordinates":[[72.88597,19.05871],[72.88449,19.06073]]}},{"type":"Feature","properties":{"kind":"road","class":"minor"},"geometry":{"type":"LineString","coordinates":[[72.89053,19.0776],[72.88981,19.07903],[72.88984,19.08064]]}},{"type":"Feature","properties":{"kind":"road","class":"minor"},"geometry":{"type":"LineString","coordinates":[[72.8834,19.07705],[72.88308,19.07717],[72.88298,19.07754],[72.88286,19.08122]]}},{"type":"Feature","properties":{"kind":"road","class":"minor"},"geometry":{"type":"LineString","coordinates":[[72.85932,19.07746],[72.85966,19.07854]]}},{"type":"Feature","properties":{"kind":"road","class":"major"},"geometry":{"type":"LineString","coordinates":[[72.85996,19.08494],[72.86091,19.08505],[72.86137,19.08441],[72.86227,19.08423],[72.86411,19.08422],[72.86493,19.08382],[72.86646,19.08246],[72.86858,19.08249],[72.87038,19.08165]]}},{"type":"Feature","properties":{"kind":"road","class":"minor"},"geometry":{"type":"LineString","coordinates":[[72.8698,19.0782],[72.87062,19.07814],[72.87234,19.07866],[72.87469,19.0781]]}},{"type":"Feature","properties":{"kind":"road","class":"minor"},"geometry":{"type":"LineString","coordinates":[[72.86261,19.0778],[72.86334,19.07898],[72.86357,19.08014],[72.86415,19.08075]]}},{"type":"Feature","properties":{"kind":"road","class":"minor"},"geometry":{"type":"LineString","coordinates":[[72.86571,19.07597],[72.86332,19.07596],[72.86281,19.07613],[72.86181,19.07686]]}},{"type":"Feature","properties":{"kind":"road","class":"minor"},"geometry":{"type":"LineString","coordinates":[[72.86161,19.0778],[72.86101,19.0779],[72.8575,19.07953],[72.85684,19.07995],[72.85623,19.08081],[72.85533,19.08075],[72.85484,19.08021]]}},{"type":"Feature","properties":{"kind":"road","class":"minor"},"geometry":{"type":"LineString","coordinates":[[72.85888,19.07616],[72.85914,19.07585],[72.85977,19.0758],[72.85998,19.07599],[72.8605,19.07603],[72.86093,19.07655]]}},{"type":"Feature","properties":{"kind":"road","class":"minor"},"geometry":{"type":"LineString","coordinates":[[72.86945,19.07798],[72.86817,19.07838],[72.86793,19.0786],[72.86679,19.07886]]}},{"type":"Feature","properties":{"kind":"road","class":"minor"},"geometry":{"type":"LineString","coordinates":[[72.87772,19.06682],[72.87904,19.06586],[72.87947,19.06655]]}},{"type":"Feature","properties":{"kind":"road","class":"major"},"geometry":{"type":"LineString","coordinates":[[72.85872,19.08191],[72.8592,19.08003],[72.86024,19.07908],[72.86116,19.07863],[72.86124,19.07802],[72.86176,19.07786]]}},{"type":"Feature","properties":{"kind":"road","class":"major"},"geometry":{"type":"LineString","coordinates":[[72.87872,19.07779],[72.87717,19.0784]]}},{"type":"Feature","properties":{"kind":"road","class":"minor"},"geometry":{"type":"LineString","coordinates":[[72.86785,19.06212],[72.86887,19.06218]]}},{"type":"Feature","properties":{"kind":"road","class":"minor"},"geometry":{"type":"LineString","coordinates":[[72.86226,19.06521],[72.86513,19.06283]]}},{"type":"Feature","properties":{"kind":"road","class":"minor"},"geometry":{"type":"LineString","coordinates":[[72.86983,19.05332],[72.87082,19.05363],[72.87136,19.05455],[72.87253,19.0554],[72.87335,19.05681]]}},{"type":"Feature","properties":{"kind":"road","class":"minor"},"geometry":{"type":"LineString","coordinates":[[72.86884,19.06209],[72.86785,19.06204]]}},{"type":"Feature","properties":{"kind":"road","class":"minor"},"geometry":{"type":"LineString","coordinates":[[72.86699,19.06042],[72.8681,19.05985]]}},{"type":"Feature","properties":{"kind":"road","class":"major"},"geometry":{"type":"LineString","coordinates":[[72.86528,19.06728],[72.86649,19.06617]]}},{"type":"Feature","properties":{"kind":"road","class":"minor"},"geometry":{"type":"LineString","coordinates":[[72.86749,19.0704],[72.87026,19.07204]]}},{"type":"Feature","properties":{"kind":"road","class":"major"},"geometry":{"type":"LineString","coordinates":[[72.86643,19.06612],[72.8652,19.06723]]}},{"type":"Feature","properties":{"kind":"road","class":"minor"},"geometry":{"type":"LineString","coordinates":[[72.86905,19.06227],[72.87047,19.06578]]}},{"type":"Feature","properties":{"kind":"road","class":"minor"},"geometry":{"type":"LineString","coordinates":[[72.86474,19.07185],[72.86393,19.07295],[72.86379,19.0744],[72.86239,19.07482],[72.86245,19.07534]]}},{"type":"Feature","properties":{"kind":"road","class":"minor"},"geometry":{"type":"LineString","coordinates":[[72.86781,19.06386],[72.86973,19.06395]]}},{"type":"Feature","properties":{"kind":"road","class":"minor"},"geometry":{"type":"LineString","coordinates":[[72.86208,19.06529],[72.86135,19.06575],[72.85716,19.06628]]}},{"type":"Feature","properties":{"kind":"road","class":"minor"},"geometry":{"type":"LineString","coordinates":[[72.85951,19.06605],[72.85937,19.06502]]}},{"type":"Feature","properties":{"kind":"road","class":"minor"},"geometry":{"type":"LineString","coordinates":[[72.8723,19.07101],[72.87248,19.07028],[72.87202,19.06899],[72.86942,19.06732],[72.86767,19.06573]]}},{"type":"Feature","properties":{"kind":"road","class":"major"},"geometry":{"type":"LineString","coordinates":[[72.91262,19.12037],[72.91304,19.12224]]}},{"type":"Feature","properties":{"kind":"road","class":"major"},"geometry":{"type":"LineString","coordinates":[[72.89309,19.12483],[72.89224,19.123],[72.89135,19.1217],[72.89006,19.11795],[72.88937,19.11687],[72.88918,19.11562]]}},{"type":"Feature","properties":{"kind":"road","class":"major"},"geometry":{"type":"LineString","coordinates":[[72.87848,19.11044],[72.879,19.11226],[72.87948,19.11313]]}},{"type":"Feature","properties":{"kind":"road","class":"major"},"geometry":{"type":"LineString","coordinates":[[72.85928,19.10702],[72.85783,19.10827],[72.85393,19.10914]]}},{"type":"Feature","properties":{"kind":"road","class":"minor"},"geometry":{"type":"LineString","coordinates":[[72.85471,19.06026],[72.85399,19.06144]]}},{"type":"Feature","properties":{"kind":"road","class":"minor"},"geometry":{"type":"LineString","coordinates":[[72.85178,19.05794],[72.85358,19.05947]]}},{"type":"Feature","properties":{"kind":"road","class":"minor"},"geometry":{"type":"LineString","coordinates":[[72.86804,19.05976],[72.8673,19.05851],[72.8649,19.05732],[72.86331,19.0575],[72.86114,19.05867]]}},{"type":"Feature","properties":{"kind":"road","class":"minor"},"geometry":{"type":"LineString","coordinates":[[72.85716,19.06628],[72.85706,19.06555],[72.85726,19.06528],[72.85937,19.06502]]}},{"type":"Feature","properties":{"kind":"road","class":"minor"},"geometry":{"type":"LineString","coordinates":[[72.85425,19.0657],[72.85458,19.06544],[72.85596,19.06298]]}},{"type":"Feature","properties":{"kind":"road","class":"minor"},"geometry":{"type":"LineString","coordinates":[[72.85453,19.06535],[72.85586,19.06607],[72.85628,19.06653]]}},{"type":"Feature","properties":{"kind":"road","class":"minor"},"geometry":{"type":"LineString","coordinates":[[72.85596,19.06298],[72.85674,19.06176]]}},{"type":"Feature","properties":{"kind":"road","class":"minor"},"geometry":{"type":"LineString","coordinates":[[72.8567379,19.0617575],[72.8576536,19.0622731]]}},{"type":"Feature","properties":{"kind":"road","class":"minor"},"geometry":{"type":"LineString","coordinates":[[72.85674,19.06176],[72.85737,19.06084]]}},{"type":"Feature","properties":{"kind":"road","class":"minor"},"geometry":{"type":"LineString","coordinates":[[72.85377,19.06214],[72.85219,19.06508]]}},{"type":"Feature","properties":{"kind":"road","class":"minor"},"geometry":{"type":"LineString","coordinates":[[72.85656,19.07795],[72.85541,19.07827],[72.85495,19.07949]]}},{"type":"Feature","properties":{"kind":"road","class":"minor"},"geometry":{"type":"LineString","coordinates":[[72.85165,19.07932],[72.85484,19.08021]]}},{"type":"Feature","properties":{"kind":"road","class":"minor"},"geometry":{"type":"LineString","coordinates":[[72.85393,19.07999],[72.85377,19.08103]]}},{"type":"Feature","properties":{"kind":"road","class":"minor"},"geometry":{"type":"LineString","coordinates":[[72.85488,19.09457],[72.85555,19.09576]]}},{"type":"Feature","properties":{"kind":"road","class":"major"},"geometry":{"type":"LineString","coordinates":[[72.8567907,19.0599864],[72.8576193,19.0604139]]}},{"type":"Feature","properties":{"kind":"road","class":"major"},"geometry":{"type":"LineString","coordinates":[[72.86215,19.06534],[72.87057,19.07056],[72.8718,19.07107]]}},{"type":"Feature","properties":{"kind":"road","class":"major"},"geometry":{"type":"LineString","coordinates":[[72.8753551,19.0707566],[72.8742229,19.0708894]]}},{"type":"Feature","properties":{"kind":"road","class":"minor"},"geometry":{"type":"LineString","coordinates":[[72.85356,19.0621],[72.85294,19.0618]]}},{"type":"Feature","properties":{"kind":"road","class":"minor"},"geometry":{"type":"LineString","coordinates":[[72.86065,19.06215],[72.8612,19.06315],[72.86225,19.06385],[72.86377,19.06254],[72.86333,19.06118]]}},{"type":"Feature","properties":{"kind":"road","class":"minor"},"geometry":{"type":"LineString","coordinates":[[72.86276,19.06345],[72.8634,19.0641]]}},{"type":"Feature","properties":{"kind":"road","class":"minor"},"geometry":{"type":"LineString","coordinates":[[72.8535444,19.065737],[72.854028,19.0657877]]}},{"type":"Feature","properties":{"kind":"road","class":"minor"},"geometry":{"type":"LineString","coordinates":[[72.85014,19.08026],[72.85073,19.08348],[72.85285,19.08341],[72.85375,19.0826]]}},{"type":"Feature","properties":{"kind":"road","class":"major"},"geometry":{"type":"LineString","coordinates":[[72.89409,19.05402],[72.88938,19.05395]]}},{"type":"Feature","properties":{"kind":"road","class":"major"},"geometry":{"type":"LineString","coordinates":[[72.85392,19.09893],[72.85236,19.09475],[72.85133,19.09354],[72.85051,19.09297]]}},{"type":"Feature","properties":{"kind":"road","class":"major"},"geometry":{"type":"LineString","coordinates":[[72.85065,19.09322],[72.85163,19.09401],[72.85223,19.0948],[72.85382,19.09898]]}},{"type":"Feature","properties":{"kind":"road","class":"major"},"geometry":{"type":"LineString","coordinates":[[72.85531,19.13088],[72.85542,19.12729],[72.85565,19.12642],[72.85628,19.12548]]}},{"type":"Feature","properties":{"kind":"road","class":"major"},"geometry":{"type":"LineString","coordinates":[[72.86798,19.12923],[72.86977,19.13247],[72.87001,19.13405]]}},{"type":"Feature","properties":{"kind":"road","class":"major"},"geometry":{"type":"LineString","coordinates":[[72.85391,19.09922],[72.8545,19.10123],[72.85419,19.10348]]}},{"type":"Feature","properties":{"kind":"road","class":"major"},"geometry":{"type":"LineString","coordinates":[[72.89446,19.13886],[72.89304,19.13775],[72.89147,19.13736],[72.89098,19.13681],[72.88891,19.13655],[72.88786,19.13476],[72.8871,19.13412],[72.88416,19.13439],[72.88233,19.13544]]}},{"type":"Feature","properties":{"kind":"road","class":"major"},"geometry":{"type":"LineString","coordinates":[[72.91596,19.11797],[72.91592,19.11701],[72.9164,19.11565]]}},{"type":"Feature","properties":{"kind":"road","class":"major"},"geometry":{"type":"LineString","coordinates":[[72.90816,19.09206],[72.90885,19.0927],[72.90961,19.09291],[72.91041,19.09279],[72.91162,19.09214]]}},{"type":"Feature","properties":{"kind":"road","class":"minor"},"geometry":{"type":"LineString","coordinates":[[72.85965,19.08492],[72.85807,19.08574],[72.85763,19.0845],[72.85636,19.08434]]}},{"type":"Feature","properties":{"kind":"water","class":"line"},"geometry":{"type":"LineString","coordinates":[[72.89979,19.14401],[72.899,19.1444],[72.89703,19.1447],[72.8965,19.14323],[72.89485,19.14296],[72.89434,19.14213],[72.89496,19.14093],[72.89715,19.13939],[72.89837,19.13751],[72.89842,19.13651],[72.89787,19.13543],[72.8975,19.13529],[72.89648,19.13551],[72.89609,19.13522],[72.8958,19.13438],[72.89602,19.13335],[72.89684,19.13219],[72.89697,19.13172],[72.89674,19.13078],[72.8963,19.13051]]}},{"type":"Feature","properties":{"kind":"road","class":"minor"},"geometry":{"type":"LineString","coordinates":[[72.85453,19.07517],[72.85359,19.0767]]}},{"type":"Feature","properties":{"kind":"road","class":"minor"},"geometry":{"type":"LineString","coordinates":[[72.85353,19.07672],[72.85369,19.07912]]}},{"type":"Feature","properties":{"kind":"road","class":"major"},"geometry":{"type":"LineString","coordinates":[[72.86008,19.07455],[72.86051,19.07464]]}},{"type":"Feature","properties":{"kind":"road","class":"minor"},"geometry":{"type":"LineString","coordinates":[[72.87754,19.07767],[72.87617,19.07754]]}},{"type":"Feature","properties":{"kind":"road","class":"minor"},"geometry":{"type":"LineString","coordinates":[[72.87571,19.07905],[72.8751,19.07808],[72.8746,19.07769]]}},{"type":"Feature","properties":{"kind":"road","class":"minor"},"geometry":{"type":"LineString","coordinates":[[72.87672,19.07857],[72.87634,19.07776]]}},{"type":"Feature","properties":{"kind":"road","class":"minor"},"geometry":{"type":"LineString","coordinates":[[72.87748,19.07827],[72.87759,19.07627]]}},{"type":"Feature","properties":{"kind":"road","class":"minor"},"geometry":{"type":"LineString","coordinates":[[72.87325,19.0745],[72.87363,19.07381]]}},{"type":"Feature","properties":{"kind":"road","class":"minor"},"geometry":{"type":"LineString","coordinates":[[72.87469,19.0781],[72.87409,19.07795]]}},{"type":"Feature","properties":{"kind":"road","class":"minor"},"geometry":{"type":"LineString","coordinates":[[72.87435,19.07797],[72.87387,19.07735]]}},{"type":"Feature","properties":{"kind":"road","class":"minor"},"geometry":{"type":"LineString","coordinates":[[72.8751,19.07869],[72.8746,19.07851],[72.87378,19.07858],[72.87372,19.07904],[72.87443,19.07972]]}},{"type":"Feature","properties":{"kind":"road","class":"minor"},"geometry":{"type":"LineString","coordinates":[[72.86309,19.07289],[72.86393,19.07295]]}},{"type":"Feature","properties":{"kind":"road","class":"minor"},"geometry":{"type":"LineString","coordinates":[[72.86993,19.07728],[72.86939,19.07687],[72.86813,19.07652],[72.86716,19.07665],[72.86727,19.07736],[72.86817,19.07838]]}},{"type":"Feature","properties":{"kind":"road","class":"major"},"geometry":{"type":"LineString","coordinates":[[72.8576975,19.0602701],[72.8568633,19.0598396]]}},{"type":"Feature","properties":{"kind":"road","class":"minor"},"geometry":{"type":"LineString","coordinates":[[72.8740013,19.0742688],[72.874667,19.073846]]}},{"type":"Feature","properties":{"kind":"road","class":"minor"},"geometry":{"type":"LineString","coordinates":[[72.86459,19.07408],[72.86449,19.0759]]}},{"type":"Feature","properties":{"kind":"water","class":"body"},"geometry":{"type":"Polygon","coordinates":[[[72.96031,19.08676],[72.95827,19.08743],[72.95658,19.08833],[72.95417,19.09044],[72.95385,19.09148],[72.95299,19.09286],[72.95036,19.0946],[72.94896,19.09507],[72.94649,19.0952],[72.94405,19.09475],[72.94069,19.09301],[72.93865,19.0924],[72.93787,19.09245],[72.93646,19.09319],[72.93578,19.09336],[72.93655,19.09319],[72.93798,19.09251],[72.93879,19.09252],[72.94075,19.09322],[72.94337,19.09464],[72.94341,19.09481],[72.94262,19.0951],[72.9413,19.09604],[72.94118,19.09685],[72.94197,19.09575],[72.94303,19.09519],[72.94369,19.09507],[72.94712,19.09555],[72.94877,19.09544],[72.94992,19.09516],[72.95311,19.09348],[72.95673,19.08981],[72.95742,19.08933],[72.95879,19.08869],[72.96041,19.08855],[72.96031,19.08676]]]}},{"type":"Feature","properties":{"kind":"road","class":"major"},"geometry":{"type":"LineString","coordinates":[[72.86858,19.12851],[72.87169,19.13112],[72.87216,19.13115],[72.87286,19.13028],[72.87307,19.13022]]}},{"type":"Feature","properties":{"kind":"road","class":"major"},"geometry":{"type":"LineString","coordinates":[[72.86806,19.12918],[72.86803,19.129],[72.86852,19.12855]]}},{"type":"Feature","properties":{"kind":"road","class":"major"},"geometry":{"type":"LineString","coordinates":[[72.86264,19.05903],[72.86247,19.06141]]}},{"type":"Feature","properties":{"kind":"road","class":"minor"},"geometry":{"type":"LineString","coordinates":[[72.86135,19.05866],[72.86334,19.05757],[72.8649,19.05742],[72.86727,19.05857],[72.86811,19.05996]]}},{"type":"Feature","properties":{"kind":"road","class":"minor"},"geometry":{"type":"LineString","coordinates":[[72.86618,19.06633],[72.86829,19.06759],[72.86892,19.06682]]}},{"type":"Feature","properties":{"kind":"road","class":"minor"},"geometry":{"type":"LineString","coordinates":[[72.87011,19.06789],[72.87047,19.06578]]}},{"type":"Feature","properties":{"kind":"road","class":"minor"},"geometry":{"type":"LineString","coordinates":[[72.86902,19.06835],[72.87049,19.06923],[72.87109,19.06852]]}},{"type":"Feature","properties":{"kind":"road","class":"major"},"geometry":{"type":"LineString","coordinates":[[72.86454,19.05898],[72.86458,19.05845]]}},{"type":"Feature","properties":{"kind":"road","class":"minor"},"geometry":{"type":"LineString","coordinates":[[72.86687,19.06591],[72.86732,19.0666],[72.86735,19.0671]]}},{"type":"Feature","properties":{"kind":"road","class":"minor"},"geometry":{"type":"LineString","coordinates":[[72.87088,19.07458],[72.8707,19.07555],[72.87079,19.07623],[72.87141,19.07677]]}},{"type":"Feature","properties":{"kind":"road","class":"major"},"geometry":{"type":"LineString","coordinates":[[72.93742,19.12135],[72.93971,19.12685]]}},{"type":"Feature","properties":{"kind":"road","class":"major"},"geometry":{"type":"LineString","coordinates":[[72.93896,19.12476],[72.93859,19.12401]]}},{"type":"Feature","properties":{"kind":"road","class":"major"},"geometry":{"type":"LineString","coordinates":[[72.8561,19.12539],[72.85543,19.12652],[72.85526,19.12729],[72.85493,19.13685]]}},{"type":"Feature","properties":{"kind":"road","class":"major"},"geometry":{"type":"LineString","coordinates":[[72.85354,19.10632],[72.85342,19.10794],[72.85478,19.11413],[72.85545,19.11875]]}},{"type":"Feature","properties":{"kind":"road","class":"major"},"geometry":{"type":"LineString","coordinates":[[72.9017974,19.0671718],[72.9022101,19.0674623]]}},{"type":"Feature","properties":{"kind":"road","class":"major"},"geometry":{"type":"LineString","coordinates":[[72.91889,19.08176],[72.92298,19.08667]]}},{"type":"Feature","properties":{"kind":"road","class":"major"},"geometry":{"type":"LineString","coordinates":[[72.92361,19.08785],[72.93067,19.10511]]}},{"type":"Feature","properties":{"kind":"road","class":"major"},"geometry":{"type":"LineString","coordinates":[[72.88005,19.13143],[72.87995,19.13091],[72.88012,19.13015]]}},{"type":"Feature","properties":{"kind":"road","class":"major"},"geometry":{"type":"LineString","coordinates":[[72.87908,19.1201],[72.87823,19.12],[72.87749,19.1202]]}},{"type":"Feature","properties":{"kind":"road","class":"major"},"geometry":{"type":"LineString","coordinates":[[72.87157,19.12315],[72.87409,19.12142],[72.87476,19.1212]]}},{"type":"Feature","properties":{"kind":"road","class":"minor"},"geometry":{"type":"LineString","coordinates":[[72.90288,19.0736],[72.90103,19.07002],[72.89956,19.06598]]}},{"type":"Feature","properties":{"kind":"road","class":"major"},"geometry":{"type":"LineString","coordinates":[[72.8978884,19.0620464],[72.8990303,19.0648903]]}},{"type":"Feature","properties":{"kind":"road","class":"major"},"geometry":{"type":"LineString","coordinates":[[72.90039,19.06609],[72.89775,19.06423]]}},{"type":"Feature","properties":{"kind":"road","class":"major"},"geometry":{"type":"LineString","coordinates":[[72.89527,19.06253],[72.89208,19.06024]]}},{"type":"Feature","properties":{"kind":"road","class":"minor"},"geometry":{"type":"LineString","coordinates":[[72.89879,19.06938],[72.89853,19.06865],[72.89801,19.0684],[72.89739,19.06851],[72.89698,19.06903],[72.89707,19.06971],[72.89779,19.07013],[72.89836,19.07],[72.89879,19.06938]]}},{"type":"Feature","properties":{"kind":"road","class":"minor"},"geometry":{"type":"LineString","coordinates":[[72.89035,19.06817],[72.89233,19.06846]]}},{"type":"Feature","properties":{"kind":"road","class":"minor"},"geometry":{"type":"LineString","coordinates":[[72.89224,19.06807],[72.89259,19.06779]]}},{"type":"Feature","properties":{"kind":"road","class":"major"},"geometry":{"type":"LineString","coordinates":[[72.89763,19.06437],[72.89872,19.06522]]}},{"type":"Feature","properties":{"kind":"road","class":"minor"},"geometry":{"type":"LineString","coordinates":[[72.89958,19.07712],[72.89498,19.07089]]}},{"type":"Feature","properties":{"kind":"road","class":"minor"},"geometry":{"type":"LineString","coordinates":[[72.8983,19.0674],[72.8974,19.06672],[72.89553,19.06602]]}},{"type":"Feature","properties":{"kind":"road","class":"major"},"geometry":{"type":"LineString","coordinates":[[72.8951653,19.0625965],[72.8976319,19.0643742]]}},{"type":"Feature","properties":{"kind":"road","class":"minor"},"geometry":{"type":"LineString","coordinates":[[72.89497,19.06674],[72.89666,19.06749],[72.89739,19.06851]]}},{"type":"Feature","properties":{"kind":"road","class":"minor"},"geometry":{"type":"LineString","coordinates":[[72.89471,19.06772],[72.89589,19.06903]]}},{"type":"Feature","properties":{"kind":"road","class":"minor"},"geometry":{"type":"LineString","coordinates":[[72.89836,19.07],[72.8987,19.07065]]}},{"type":"Feature","properties":{"kind":"road","class":"minor"},"geometry":{"type":"LineString","coordinates":[[72.90375,19.07004],[72.90267,19.06812],[72.90173,19.06813],[72.90043,19.06842]]}},{"type":"Feature","properties":{"kind":"road","class":"major"},"geometry":{"type":"LineString","coordinates":[[72.90227,19.06738],[72.89971,19.06551]]}},{"type":"Feature","properties":{"kind":"water","class":"body"},"geometry":{"type":"Polygon","coordinates":[[[72.88002,19.12695],[72.87977,19.12616],[72.88035,19.126],[72.88075,19.12672],[72.88028,19.127],[72.88002,19.12695]]]}},{"type":"Feature","properties":{"kind":"road","class":"minor"},"geometry":{"type":"LineString","coordinates":[[72.89885,19.06389],[72.90665,19.06025],[72.90755,19.06012]]}},{"type":"Feature","properties":{"kind":"road","class":"major"},"geometry":{"type":"LineString","coordinates":[[72.8993,19.06485],[72.90536,19.06221],[72.90796,19.06132]]}},{"type":"Feature","properties":{"kind":"road","class":"minor"},"geometry":{"type":"LineString","coordinates":[[72.87335,19.05681],[72.87244,19.05754],[72.87197,19.0582],[72.87389,19.06043]]}},{"type":"Feature","properties":{"kind":"road","class":"minor"},"geometry":{"type":"LineString","coordinates":[[72.87241,19.06021],[72.87277,19.06023],[72.87445,19.06195],[72.8752,19.06353],[72.87688,19.06523]]}},{"type":"Feature","properties":{"kind":"road","class":"minor"},"geometry":{"type":"LineString","coordinates":[[72.88255,19.07621],[72.88239,19.07516],[72.88284,19.07463],[72.88384,19.07459],[72.88459,19.07517],[72.88527,19.07473]]}},{"type":"Feature","properties":{"kind":"road","class":"major"},"geometry":{"type":"LineString","coordinates":[[72.88038,19.07994],[72.88085,19.08562]]}},{"type":"Feature","properties":{"kind":"road","class":"minor"},"geometry":{"type":"LineString","coordinates":[[72.87771,19.07042],[72.87548,19.07072]]}},{"type":"Feature","properties":{"kind":"road","class":"minor"},"geometry":{"type":"LineString","coordinates":[[72.87466,19.06605],[72.87574,19.06589],[72.87688,19.06523]]}},{"type":"Feature","properties":{"kind":"road","class":"minor"},"geometry":{"type":"LineString","coordinates":[[72.88515,19.06326],[72.88491,19.06347],[72.88338,19.06676]]}},{"type":"Feature","properties":{"kind":"road","class":"minor"},"geometry":{"type":"LineString","coordinates":[[72.90225,19.08382],[72.90219,19.08326],[72.90068,19.08244]]}},{"type":"Feature","properties":{"kind":"road","class":"major"},"geometry":{"type":"LineString","coordinates":[[72.88085,19.08562],[72.8812,19.08705],[72.88128,19.08838],[72.88225,19.09063],[72.88283,19.09295]]}},{"type":"Feature","properties":{"kind":"road","class":"minor"},"geometry":{"type":"LineString","coordinates":[[72.88496,19.0844],[72.88522,19.0827]]}},{"type":"Feature","properties":{"kind":"road","class":"minor"},"geometry":{"type":"LineString","coordinates":[[72.88041,19.07023],[72.88117,19.07353]]}},{"type":"Feature","properties":{"kind":"road","class":"minor"},"geometry":{"type":"LineString","coordinates":[[72.89798,19.0786],[72.89944,19.07715]]}},{"type":"Feature","properties":{"kind":"road","class":"minor"},"geometry":{"type":"LineString","coordinates":[[72.8963,19.08265],[72.8963,19.08055]]}},{"type":"Feature","properties":{"kind":"road","class":"minor"},"geometry":{"type":"LineString","coordinates":[[72.90068,19.08244],[72.90131,19.08376]]}},{"type":"Feature","properties":{"kind":"road","class":"major"},"geometry":{"type":"LineString","coordinates":[[72.89973,19.09409],[72.89861,19.09463],[72.89802,19.09507],[72.89786,19.09539],[72.89782,19.09916],[72.89842,19.10053],[72.89877,19.102]]}},{"type":"Feature","properties":{"kind":"road","class":"minor"},"geometry":{"type":"LineString","coordinates":[[72.89316,19.09007],[72.89276,19.09127],[72.89309,19.09191],[72.89374,19.09255],[72.89406,19.09364],[72.8945,19.09437],[72.8955,19.095],[72.89724,19.09455],[72.8976,19.09479]]}},{"type":"Feature","properties":{"kind":"road","class":"major"},"geometry":{"type":"LineString","coordinates":[[72.91111,19.05538],[72.91152,19.05614]]}},{"type":"Feature","properties":{"kind":"road","class":"major"},"geometry":{"type":"LineString","coordinates":[[72.91353,19.05926],[72.914,19.06081]]}},{"type":"Feature","properties":{"kind":"road","class":"major"},"geometry":{"type":"LineString","coordinates":[[72.9121918,19.0569312],[72.9131081,19.0582932]]}},{"type":"Feature","properties":{"kind":"road","class":"minor"},"geometry":{"type":"LineString","coordinates":[[72.89855,19.06308],[72.89824,19.06341],[72.89459,19.06439]]}},{"type":"Feature","properties":{"kind":"road","class":"major"},"geometry":{"type":"LineString","coordinates":[[72.92359,19.05917],[72.91963,19.0612]]}},{"type":"Feature","properties":{"kind":"road","class":"major"},"geometry":{"type":"LineString","coordinates":[[72.90764,19.07027],[72.90685,19.07024]]}},{"type":"Feature","properties":{"kind":"water","class":"body"},"geometry":{"type":"Polygon","coordinates":[[[72.92962,19.07726],[72.93063,19.07827],[72.93221,19.07683],[72.93121,19.07583],[72.92962,19.07726]]]}},{"type":"Feature","properties":{"kind":"water","class":"body"},"geometry":{"type":"Polygon","coordinates":[[[72.93191,19.07956],[72.93292,19.08057],[72.93455,19.07912],[72.93354,19.07811],[72.93191,19.07956]]]}},{"type":"Feature","properties":{"kind":"water","class":"body"},"geometry":{"type":"Polygon","coordinates":[[[72.93074,19.07838],[72.93175,19.07939],[72.93336,19.07799],[72.93234,19.07697],[72.93074,19.07838]]]}},{"type":"Feature","properties":{"kind":"water","class":"body"},"geometry":{"type":"Polygon","coordinates":[[[72.93307,19.08071],[72.93408,19.08172],[72.93571,19.08026],[72.9347,19.07925],[72.93307,19.08071]]]}},{"type":"Feature","properties":{"kind":"road","class":"minor"},"geometry":{"type":"LineString","coordinates":[[72.88335,19.06211],[72.88148,19.0608],[72.88075,19.06074],[72.88015,19.06107],[72.87983,19.06173],[72.87997,19.06226],[72.88161,19.06403]]}},{"type":"Feature","properties":{"kind":"road","class":"minor"},"geometry":{"type":"LineString","coordinates":[[72.89037,19.05416],[72.89021,19.05645]]}},{"type":"Feature","properties":{"kind":"road","class":"minor"},"geometry":{"type":"LineString","coordinates":[[72.89081,19.06526],[72.89012,19.0655]]}},{"type":"Feature","properties":{"kind":"road","class":"major"},"geometry":{"type":"LineString","coordinates":[[72.87547,19.07061],[72.87454,19.06484],[72.87299,19.06165],[72.87251,19.06017],[72.86809,19.05391]]}},{"type":"Feature","properties":{"kind":"road","class":"major"},"geometry":{"type":"LineString","coordinates":[[72.88344,19.06202],[72.88485,19.06313]]}},{"type":"Feature","properties":{"kind":"road","class":"minor"},"geometry":{"type":"LineString","coordinates":[[72.89304,19.06312],[72.89208,19.06382],[72.89106,19.06419]]}},{"type":"Feature","properties":{"kind":"road","class":"minor"},"geometry":{"type":"LineString","coordinates":[[72.89235,19.06258],[72.89056,19.06343]]}},{"type":"Feature","properties":{"kind":"road","class":"minor"},"geometry":{"type":"LineString","coordinates":[[72.89172,19.06206],[72.88997,19.06258]]}},{"type":"Feature","properties":{"kind":"road","class":"minor"},"geometry":{"type":"LineString","coordinates":[[72.89114,19.06147],[72.88915,19.06204]]}},{"type":"Feature","properties":{"kind":"road","class":"minor"},"geometry":{"type":"LineString","coordinates":[[72.89459,19.06439],[72.88987,19.06044],[72.88743,19.05899],[72.88644,19.05821]]}},{"type":"Feature","properties":{"kind":"road","class":"minor"},"geometry":{"type":"LineString","coordinates":[[72.88296,19.06405],[72.88382,19.0644]]}},{"type":"Feature","properties":{"kind":"road","class":"minor"},"geometry":{"type":"LineString","coordinates":[[72.87879,19.06394],[72.87786,19.06307],[72.87654,19.06251],[72.8759,19.06177],[72.87561,19.06095],[72.87492,19.06129],[72.87444,19.06113]]}},{"type":"Feature","properties":{"kind":"water","class":"body"},"geometry":{"type":"Polygon","coordinates":[[[72.87173,19.07495],[72.8714,19.07482],[72.87122,19.0757],[72.87249,19.07649],[72.87488,19.0775],[72.87535,19.07793],[72.87594,19.07892],[72.876,19.07908],[72.87584,19.07919],[72.87615,19.0797],[72.87774,19.07904],[72.87821,19.07954],[72.87797,19.08078],[72.8771,19.08294],[72.87715,19.08328],[72.87833,19.08494],[72.87832,19.08706],[72.87868,19.08769],[72.87893,19.08769],[72.87893,19.08735],[72.87923,19.08733],[72.87916,19.08556],[72.8778,19.08305],[72.87843,19.08203],[72.87929,19.07995],[72.87915,19.07902],[72.87848,19.07833],[72.87809,19.07822],[72.87641,19.07885],[72.87558,19.0773],[72.87246,19.0758],[72.8718,19.07531],[72.87173,19.07495]]]}},{"type":"Feature","properties":{"kind":"road","class":"minor"},"geometry":{"type":"LineString","coordinates":[[72.86301,19.07774],[72.86215,19.07662]]}},{"type":"Feature","properties":{"kind":"road","class":"major"},"geometry":{"type":"LineString","coordinates":[[72.85507,19.1369],[72.85531,19.13088]]}},{"type":"Feature","properties":{"kind":"road","class":"minor"},"geometry":{"type":"LineString","coordinates":[[72.88741,19.07524],[72.88574,19.07731],[72.88544,19.07866],[72.88522,19.0827]]}},{"type":"Feature","properties":{"kind":"road","class":"minor"},"geometry":{"type":"LineString","coordinates":[[72.85104,19.05546],[72.85206,19.05356],[72.85225,19.0535],[72.85416,19.05514],[72.85489,19.05605]]}},{"type":"Feature","properties":{"kind":"road","class":"major"},"geometry":{"type":"LineString","coordinates":[[72.90936,19.04657],[72.91039,19.0503],[72.91064,19.05331],[72.91097,19.05495]]}},{"type":"Feature","properties":{"kind":"road","class":"major"},"geometry":{"type":"LineString","coordinates":[[72.8825511,19.0537606],[72.8838404,19.0544032]]}},{"type":"Feature","properties":{"kind":"road","class":"minor"},"geometry":{"type":"LineString","coordinates":[[72.87389,19.06043],[72.87369,19.05764],[72.87335,19.05681]]}},{"type":"Feature","properties":{"kind":"road","class":"minor"},"geometry":{"type":"LineString","coordinates":[[72.88163,19.05446],[72.88025,19.05805]]}},{"type":"Feature","properties":{"kind":"road","class":"major"},"geometry":{"type":"LineString","coordinates":[[72.88334,19.05386],[72.88357,19.05368],[72.88675,19.05386]]}},{"type":"Feature","properties":{"kind":"road","class":"minor"},"geometry":{"type":"LineString","coordinates":[[72.89471,19.06772],[72.89517,19.06616]]}},{"type":"Feature","properties":{"kind":"road","class":"minor"},"geometry":{"type":"LineString","coordinates":[[72.89646,19.07005],[72.89498,19.07089]]}},{"type":"Feature","properties":{"kind":"road","class":"minor"},"geometry":{"type":"LineString","coordinates":[[72.89703,19.07425],[72.89808,19.07596],[72.89924,19.07734]]}},{"type":"Feature","properties":{"kind":"road","class":"minor"},"geometry":{"type":"LineString","coordinates":[[72.8731,19.05048],[72.87568,19.05143],[72.87731,19.05236],[72.87746,19.05344]]}},{"type":"Feature","properties":{"kind":"road","class":"major"},"geometry":{"type":"LineString","coordinates":[[72.90045,19.06018],[72.90059,19.06213]]}},{"type":"Feature","properties":{"kind":"road","class":"minor"},"geometry":{"type":"LineString","coordinates":[[72.89695,19.05338],[72.89704,19.05438],[72.89759,19.05588]]}},{"type":"Feature","properties":{"kind":"road","class":"major"},"geometry":{"type":"LineString","coordinates":[[72.890141,19.058866],[72.8852049,19.054929]]}},{"type":"Feature","properties":{"kind":"road","class":"major"},"geometry":{"type":"LineString","coordinates":[[72.8847666,19.0547843],[72.8900686,19.0589391]]}},{"type":"Feature","properties":{"kind":"road","class":"major"},"geometry":{"type":"LineString","coordinates":[[72.89896,19.06498],[72.89775,19.06423]]}},{"type":"Feature","properties":{"kind":"road","class":"minor"},"geometry":{"type":"LineString","coordinates":[[72.89961,19.05406],[72.89813,19.05418]]}},{"type":"Feature","properties":{"kind":"road","class":"minor"},"geometry":{"type":"LineString","coordinates":[[72.90055,19.05686],[72.89811,19.05696]]}},{"type":"Feature","properties":{"kind":"road","class":"minor"},"geometry":{"type":"LineString","coordinates":[[72.90109,19.05553],[72.90045,19.05554]]}},{"type":"Feature","properties":{"kind":"road","class":"minor"},"geometry":{"type":"LineString","coordinates":[[72.90054,19.05601],[72.89808,19.05617]]}},{"type":"Feature","properties":{"kind":"road","class":"major"},"geometry":{"type":"LineString","coordinates":[[72.89944,19.06567],[72.90221,19.06746]]}},{"type":"Feature","properties":{"kind":"road","class":"minor"},"geometry":{"type":"LineString","coordinates":[[72.88722,19.05698],[72.8901,19.05918]]}},{"type":"Feature","properties":{"kind":"road","class":"minor"},"geometry":{"type":"LineString","coordinates":[[72.89966,19.05605],[72.89961,19.05406],[72.90002,19.05363]]}},{"type":"Feature","properties":{"kind":"road","class":"major"},"geometry":{"type":"LineString","coordinates":[[72.88747,19.05661],[72.88525,19.05487]]}},{"type":"Feature","properties":{"kind":"road","class":"major"},"geometry":{"type":"LineString","coordinates":[[72.88466,19.05477],[72.88727,19.0569]]}},{"type":"Feature","properties":{"kind":"road","class":"minor"},"geometry":{"type":"LineString","coordinates":[[72.89214,19.06009],[72.88855,19.05749]]}},{"type":"Feature","properties":{"kind":"road","class":"minor"},"geometry":{"type":"LineString","coordinates":[[72.89785,19.05585],[72.89864,19.05506],[72.89961,19.05486]]}},{"type":"Feature","properties":{"kind":"road","class":"minor"},"geometry":{"type":"LineString","coordinates":[[72.89799,19.05391],[72.89834,19.0553]]}},{"type":"Feature","properties":{"kind":"road","class":"major"},"geometry":{"type":"LineString","coordinates":[[72.9312,19.10631],[72.93353,19.11193]]}},{"type":"Feature","properties":{"kind":"road","class":"major"},"geometry":{"type":"LineString","coordinates":[[72.93363,19.11191],[72.93315,19.11044]]}},{"type":"Feature","properties":{"kind":"road","class":"minor"},"geometry":{"type":"LineString","coordinates":[[72.89459,19.06439],[72.89081,19.06526]]}},{"type":"Feature","properties":{"kind":"road","class":"major"},"geometry":{"type":"LineString","coordinates":[[72.87673,19.12053],[72.87749,19.1202]]}},{"type":"Feature","properties":{"kind":"road","class":"minor"},"geometry":{"type":"LineString","coordinates":[[72.89861,19.09463],[72.8985,19.09424]]}},{"type":"Feature","properties":{"kind":"road","class":"minor"},"geometry":{"type":"LineString","coordinates":[[72.87953,19.07443],[72.87982,19.07475]]}},{"type":"Feature","properties":{"kind":"road","class":"minor"},"geometry":{"type":"LineString","coordinates":[[72.87982,19.07475],[72.88005,19.07522],[72.88002,19.07597]]}},{"type":"Feature","properties":{"kind":"road","class":"minor"},"geometry":{"type":"LineString","coordinates":[[72.87948,19.07494],[72.88002,19.07597]]}},{"type":"Feature","properties":{"kind":"road","class":"minor"},"geometry":{"type":"LineString","coordinates":[[72.88931,19.08973],[72.88994,19.09003],[72.89048,19.09004],[72.89082,19.09031]]}},{"type":"Feature","properties":{"kind":"road","class":"minor"},"geometry":{"type":"LineString","coordinates":[[72.8834,19.07705],[72.88367,19.07793],[72.88392,19.07818],[72.88398,19.08099]]}},{"type":"Feature","properties":{"kind":"road","class":"minor"},"geometry":{"type":"LineString","coordinates":[[72.88862,19.09354],[72.88881,19.09368],[72.88899,19.09433],[72.88877,19.09472],[72.8888,19.09509],[72.88847,19.09553],[72.88866,19.09599]]}},{"type":"Feature","properties":{"kind":"road","class":"minor"},"geometry":{"type":"LineString","coordinates":[[72.88574,19.07731],[72.88431,19.07696]]}},{"type":"Feature","properties":{"kind":"road","class":"minor"},"geometry":{"type":"LineString","coordinates":[[72.89048,19.09004],[72.89011,19.09061],[72.89012,19.09162]]}},{"type":"Feature","properties":{"kind":"road","class":"minor"},"geometry":{"type":"LineString","coordinates":[[72.88664,19.09148],[72.88638,19.09151],[72.88636,19.09168],[72.88498,19.09176]]}},{"type":"Feature","properties":{"kind":"road","class":"minor"},"geometry":{"type":"LineString","coordinates":[[72.88979,19.09415],[72.89017,19.09401],[72.89052,19.09448],[72.89079,19.0944]]}},{"type":"Feature","properties":{"kind":"road","class":"minor"},"geometry":{"type":"LineString","coordinates":[[72.87685,19.07049],[72.87619,19.0693],[72.87587,19.06652],[72.87602,19.06573]]}},{"type":"Feature","properties":{"kind":"road","class":"minor"},"geometry":{"type":"LineString","coordinates":[[72.89252,19.08499],[72.89158,19.08859]]}},{"type":"Feature","properties":{"kind":"road","class":"minor"},"geometry":{"type":"LineString","coordinates":[[72.88828,19.09005],[72.88725,19.09],[72.88708,19.08977],[72.88647,19.08969],[72.88636,19.09026]]}},{"type":"Feature","properties":{"kind":"road","class":"minor"},"geometry":{"type":"LineString","coordinates":[[72.89013,19.08941],[72.89059,19.08959]]}},{"type":"Feature","properties":{"kind":"road","class":"minor"},"geometry":{"type":"LineString","coordinates":[[72.89344,19.08947],[72.89329,19.08828],[72.8929,19.08771]]}},{"type":"Feature","properties":{"kind":"road","class":"minor"},"geometry":{"type":"LineString","coordinates":[[72.8761,19.08487],[72.87729,19.08543],[72.87806,19.08527]]}},{"type":"Feature","properties":{"kind":"road","class":"minor"},"geometry":{"type":"LineString","coordinates":[[72.88981,19.09304],[72.88824,19.09364],[72.88714,19.09357]]}},{"type":"Feature","properties":{"kind":"road","class":"minor"},"geometry":{"type":"LineString","coordinates":[[72.88384,19.07459],[72.88369,19.07331]]}},{"type":"Feature","properties":{"kind":"road","class":"major"},"geometry":{"type":"LineString","coordinates":[[72.85081,19.05574],[72.85512,19.05962]]}},{"type":"Feature","properties":{"kind":"road","class":"major"},"geometry":{"type":"LineString","coordinates":[[72.88384,19.0544],[72.88437,19.05453],[72.88497,19.05384],[72.88537,19.05376]]}},{"type":"Feature","properties":{"kind":"road","class":"minor"},"geometry":{"type":"LineString","coordinates":[[72.89848,19.05878],[72.89644,19.05963]]}},{"type":"Feature","properties":{"kind":"road","class":"minor"},"geometry":{"type":"LineString","coordinates":[[72.89953,19.06239],[72.89949,19.06045]]}},{"type":"Feature","properties":{"kind":"road","class":"minor"},"geometry":{"type":"LineString","coordinates":[[72.89401,19.06068],[72.89417,19.06096],[72.8956,19.06192],[72.89583,19.06272]]}},{"type":"Feature","properties":{"kind":"road","class":"major"},"geometry":{"type":"LineString","coordinates":[[72.89855,19.06061],[72.90029,19.05997]]}},{"type":"Feature","properties":{"kind":"road","class":"minor"},"geometry":{"type":"LineString","coordinates":[[72.89999,19.05322],[72.89799,19.05391]]}},{"type":"Feature","properties":{"kind":"road","class":"major"},"geometry":{"type":"LineString","coordinates":[[72.89944,19.0935],[72.8954,19.09599]]}},{"type":"Feature","properties":{"kind":"road","class":"minor"},"geometry":{"type":"LineString","coordinates":[[72.87688,19.06523],[72.87772,19.06682],[72.87798,19.06772],[72.87771,19.07042],[72.87912,19.07412]]}},{"type":"Feature","properties":{"kind":"road","class":"minor"},"geometry":{"type":"LineString","coordinates":[[72.87721,19.05789],[72.87682,19.05676],[72.87619,19.05601],[72.8762,19.05351]]}},{"type":"Feature","properties":{"kind":"road","class":"minor"},"geometry":{"type":"LineString","coordinates":[[72.88214,19.0548],[72.88105,19.05734],[72.88293,19.05806]]}},{"type":"Feature","properties":{"kind":"road","class":"minor"},"geometry":{"type":"LineString","coordinates":[[72.88359,19.05662],[72.88244,19.0592],[72.88255,19.05944]]}},{"type":"Feature","properties":{"kind":"road","class":"major"},"geometry":{"type":"LineString","coordinates":[[72.91674,19.06102],[72.91757,19.06203]]}},{"type":"Feature","properties":{"kind":"road","class":"major"},"geometry":{"type":"LineString","coordinates":[[72.907775,19.0712455],[72.9089233,19.072002]]}},{"type":"Feature","properties":{"kind":"road","class":"major"},"geometry":{"type":"LineString","coordinates":[[72.9097697,19.0724403],[72.9089743,19.0719075]]}},{"type":"Feature","properties":{"kind":"road","class":"major"},"geometry":{"type":"LineString","coordinates":[[72.9047061,19.0690643],[72.904366,19.068818]]}},{"type":"Feature","properties":{"kind":"road","class":"major"},"geometry":{"type":"LineString","coordinates":[[72.9093,19.07225],[72.91014,19.07289]]}},{"type":"Feature","properties":{"kind":"road","class":"major"},"geometry":{"type":"LineString","coordinates":[[72.9090574,19.0718382],[72.9077345,19.0709365]]}},{"type":"Feature","properties":{"kind":"road","class":"major"},"geometry":{"type":"LineString","coordinates":[[72.91024,19.07277],[72.90906,19.07184]]}},{"type":"Feature","properties":{"kind":"road","class":"major"},"geometry":{"type":"LineString","coordinates":[[72.90815,19.07165],[72.91014,19.07289]]}},{"type":"Feature","properties":{"kind":"road","class":"minor"},"geometry":{"type":"LineString","coordinates":[[72.90314,19.06772],[72.89973,19.06543]]}},{"type":"Feature","properties":{"kind":"road","class":"major"},"geometry":{"type":"LineString","coordinates":[[72.8805,19.12953],[72.88584,19.12935],[72.8868,19.12898],[72.88932,19.12706]]}},{"type":"Feature","properties":{"kind":"road","class":"major"},"geometry":{"type":"LineString","coordinates":[[72.88923,19.12696],[72.88671,19.12891],[72.88591,19.12924],[72.88047,19.12942]]}},{"type":"Feature","properties":{"kind":"road","class":"major"},"geometry":{"type":"LineString","coordinates":[[72.89117,19.12591],[72.89237,19.1253],[72.8938,19.12485],[72.89608,19.12462],[72.89693,19.12429]]}},{"type":"Feature","properties":{"kind":"road","class":"major"},"geometry":{"type":"LineString","coordinates":[[72.89681,19.12423],[72.89565,19.12458],[72.89376,19.12475],[72.89232,19.12521],[72.89113,19.12583]]}},{"type":"Feature","properties":{"kind":"road","class":"major"},"geometry":{"type":"LineString","coordinates":[[72.92151,19.12651],[72.92077,19.12846],[72.92018,19.12873],[72.91948,19.12825]]}},{"type":"Feature","properties":{"kind":"road","class":"major"},"geometry":{"type":"LineString","coordinates":[[72.927554,19.1251724],[72.9291332,19.1251566]]}},{"type":"Feature","properties":{"kind":"road","class":"major"},"geometry":{"type":"LineString","coordinates":[[72.92605,19.12518],[72.92741,19.12518]]}},{"type":"Feature","properties":{"kind":"road","class":"major"},"geometry":{"type":"LineString","coordinates":[[72.9285153,19.1250761],[72.9275451,19.1250936]]}},{"type":"Feature","properties":{"kind":"road","class":"major"},"geometry":{"type":"LineString","coordinates":[[72.92603,19.12508],[72.92279,19.12557]]}},{"type":"Feature","properties":{"kind":"road","class":"major"},"geometry":{"type":"LineString","coordinates":[[72.9228,19.12569],[72.92605,19.12518]]}},{"type":"Feature","properties":{"kind":"road","class":"major"},"geometry":{"type":"LineString","coordinates":[[72.8800649,19.1293126],[72.880119,19.1297472]]}},{"type":"Feature","properties":{"kind":"road","class":"major"},"geometry":{"type":"LineString","coordinates":[[72.85434,19.1035],[72.85473,19.10195],[72.85476,19.10092],[72.85414,19.09931]]}},{"type":"Feature","properties":{"kind":"road","class":"major"},"geometry":{"type":"LineString","coordinates":[[72.85557,19.11873],[72.85484,19.1138],[72.85354,19.10793],[72.85365,19.10635]]}},{"type":"Feature","properties":{"kind":"road","class":"major"},"geometry":{"type":"LineString","coordinates":[[72.8536,19.09889],[72.85425,19.10072],[72.85437,19.10156],[72.85347,19.10607]]}},{"type":"Feature","properties":{"kind":"road","class":"minor"},"geometry":{"type":"LineString","coordinates":[[72.86705,19.07534],[72.86688,19.07501],[72.867,19.07447],[72.86598,19.07433]]}},{"type":"Feature","properties":{"kind":"road","class":"major"},"geometry":{"type":"LineString","coordinates":[[72.85403,19.11335],[72.85313,19.11367],[72.85096,19.11498],[72.84968,19.11532]]}},{"type":"Feature","properties":{"kind":"road","class":"major"},"geometry":{"type":"LineString","coordinates":[[72.86687,19.11214],[72.86593,19.11151],[72.8627,19.11092],[72.86176,19.11091],[72.85889,19.11173]]}},{"type":"Feature","properties":{"kind":"road","class":"major"},"geometry":{"type":"LineString","coordinates":[[72.9397144,19.1268455],[72.9399053,19.1272765]]}},{"type":"Feature","properties":{"kind":"road","class":"minor"},"geometry":{"type":"LineString","coordinates":[[72.87546,19.05313],[72.87551,19.05421],[72.87529,19.05503],[72.8747,19.05667],[72.87406,19.0575]]}},{"type":"Feature","properties":{"kind":"road","class":"minor"},"geometry":{"type":"LineString","coordinates":[[72.8706099,19.0529931],[72.8708242,19.0536335]]}},{"type":"Feature","properties":{"kind":"water","class":"line"},"geometry":{"type":"LineString","coordinates":[[72.8788,19.08769],[72.87866,19.08548],[72.87757,19.08323],[72.87761,19.082],[72.87848,19.0806],[72.87868,19.07973],[72.87857,19.07932],[72.87799,19.07888],[72.8766,19.07905],[72.87623,19.07895],[72.87554,19.07783],[72.87489,19.07727],[72.87191,19.07577],[72.87147,19.07533],[72.87215,19.07318],[72.8732,19.07142],[72.8734,19.07056],[72.87272,19.06726],[72.86822,19.05661],[72.86613,19.05556],[72.86482,19.05558],[72.86293,19.05639],[72.86071,19.05689],[72.86008,19.05729],[72.85871,19.05776],[72.8571,19.05731],[72.85669,19.05705],[72.85529,19.05547],[72.85181,19.05222],[72.85036,19.05173],[72.84854,19.05191],[72.8467,19.0516],[72.84493,19.05162],[72.84318,19.05126],[72.84162,19.05051]]}},{"type":"Feature","properties":{"kind":"water","class":"line"},"geometry":{"type":"LineString","coordinates":[[72.8788436,19.0912659],[72.878796,19.0876913]]}},{"type":"Feature","properties":{"kind":"water","class":"line"},"geometry":{"type":"LineString","coordinates":[[72.88065,19.09598],[72.88016,19.09546],[72.87996,19.09488],[72.87883,19.09409],[72.87848,19.09339],[72.87884,19.09127]]}},{"type":"Feature","properties":{"kind":"road","class":"minor"},"geometry":{"type":"LineString","coordinates":[[72.90013,19.06764],[72.90151,19.06743],[72.90173,19.06813]]}},{"type":"Feature","properties":{"kind":"road","class":"minor"},"geometry":{"type":"LineString","coordinates":[[72.9012339,19.068836],[72.9005846,19.0683369]]}},{"type":"Feature","properties":{"kind":"road","class":"major"},"geometry":{"type":"LineString","coordinates":[[72.9285142,19.1250078],[72.9275516,19.1250186]]}},{"type":"Feature","properties":{"kind":"road","class":"major"},"geometry":{"type":"LineString","coordinates":[[72.9275328,19.125283],[72.9291299,19.1252623]]}},{"type":"Feature","properties":{"kind":"road","class":"major"},"geometry":{"type":"LineString","coordinates":[[72.92741,19.1251],[72.92603,19.12508]]}},{"type":"Feature","properties":{"kind":"road","class":"major"},"geometry":{"type":"LineString","coordinates":[[72.93268,19.12504],[72.93609,19.12485],[72.93824,19.1243]]}},{"type":"Feature","properties":{"kind":"road","class":"minor"},"geometry":{"type":"LineString","coordinates":[[72.90003,19.07522],[72.90309,19.07447]]}},{"type":"Feature","properties":{"kind":"road","class":"major"},"geometry":{"type":"LineString","coordinates":[[72.90058,19.05393],[72.9009,19.05363],[72.90079,19.05252]]}},{"type":"Feature","properties":{"kind":"road","class":"minor"},"geometry":{"type":"LineString","coordinates":[[72.86517,19.0777],[72.86593,19.07717],[72.86662,19.07616],[72.86615,19.0756],[72.8659,19.07497]]}},{"type":"Feature","properties":{"kind":"road","class":"minor"},"geometry":{"type":"LineString","coordinates":[[72.86192,19.07311],[72.86296,19.07263],[72.86314,19.07196],[72.863,19.07122]]}},{"type":"Feature","properties":{"kind":"road","class":"minor"},"geometry":{"type":"LineString","coordinates":[[72.86202,19.07587],[72.86146,19.07628]]}},{"type":"Feature","properties":{"kind":"road","class":"minor"},"geometry":{"type":"LineString","coordinates":[[72.86787,19.07963],[72.86821,19.07917],[72.86809,19.07854]]}},{"type":"Feature","properties":{"kind":"road","class":"minor"},"geometry":{"type":"LineString","coordinates":[[72.86248,19.07517],[72.86307,19.07497],[72.86305,19.07465]]}},{"type":"Feature","properties":{"kind":"road","class":"minor"},"geometry":{"type":"LineString","coordinates":[[72.86993,19.07728],[72.87085,19.07639]]}},{"type":"Feature","properties":{"kind":"road","class":"minor"},"geometry":{"type":"LineString","coordinates":[[72.8705067,19.0771301],[72.8714132,19.0773246]]}},{"type":"Feature","properties":{"kind":"road","class":"minor"},"geometry":{"type":"LineString","coordinates":[[72.86109,19.07291],[72.86192,19.07311],[72.86211,19.07339]]}},{"type":"Feature","properties":{"kind":"road","class":"minor"},"geometry":{"type":"LineString","coordinates":[[72.86202,19.07587],[72.86177,19.07542],[72.86248,19.07511]]}},{"type":"Feature","properties":{"kind":"road","class":"minor"},"geometry":{"type":"LineString","coordinates":[[72.87509,19.07495],[72.87501,19.07614]]}},{"type":"Feature","properties":{"kind":"road","class":"minor"},"geometry":{"type":"LineString","coordinates":[[72.8754,19.07344],[72.87464,19.07141]]}},{"type":"Feature","properties":{"kind":"road","class":"minor"},"geometry":{"type":"LineString","coordinates":[[72.87546,19.07148],[72.87374,19.07144]]}},{"type":"Feature","properties":{"kind":"road","class":"minor"},"geometry":{"type":"LineString","coordinates":[[72.87467,19.07385],[72.87509,19.07493],[72.87424,19.07531]]}},{"type":"Feature","properties":{"kind":"road","class":"minor"},"geometry":{"type":"LineString","coordinates":[[72.87345,19.07414],[72.87363,19.07422],[72.87383,19.07407],[72.874,19.07364]]}},{"type":"Feature","properties":{"kind":"road","class":"minor"},"geometry":{"type":"LineString","coordinates":[[72.85353,19.07672],[72.85313,19.07435]]}},{"type":"Feature","properties":{"kind":"road","class":"minor"},"geometry":{"type":"LineString","coordinates":[[72.8751956,19.0735763],[72.875524,19.0743121]]}},{"type":"Feature","properties":{"kind":"road","class":"minor"},"geometry":{"type":"LineString","coordinates":[[72.8754034,19.0734444],[72.8756169,19.0739476]]}},{"type":"Feature","properties":{"kind":"road","class":"minor"},"geometry":{"type":"LineString","coordinates":[[72.87431,19.07362],[72.87494,19.07335]]}},{"type":"Feature","properties":{"kind":"road","class":"minor"},"geometry":{"type":"LineString","coordinates":[[72.87492,19.0737],[72.87545,19.07503]]}},{"type":"Feature","properties":{"kind":"road","class":"minor"},"geometry":{"type":"LineString","coordinates":[[72.87466,19.07346],[72.87442,19.07283]]}},{"type":"Feature","properties":{"kind":"road","class":"minor"},"geometry":{"type":"LineString","coordinates":[[72.8749,19.07139],[72.87481,19.07113],[72.87408,19.07122]]}},{"type":"Feature","properties":{"kind":"road","class":"minor"},"geometry":{"type":"LineString","coordinates":[[72.87508,19.07362],[72.8746,19.0725]]}},{"type":"Feature","properties":{"kind":"road","class":"minor"},"geometry":{"type":"LineString","coordinates":[[72.87306,19.0728],[72.87303,19.07252],[72.87408,19.07208]]}},{"type":"Feature","properties":{"kind":"road","class":"minor"},"geometry":{"type":"LineString","coordinates":[[72.87314,19.07231],[72.87409,19.0719]]}},{"type":"Feature","properties":{"kind":"road","class":"minor"},"geometry":{"type":"LineString","coordinates":[[72.86326,19.07103],[72.86298,19.06948],[72.86326,19.06911]]}},{"type":"Feature","properties":{"kind":"road","class":"minor"},"geometry":{"type":"LineString","coordinates":[[72.87408,19.07208],[72.87377,19.07252],[72.87297,19.07284]]}},{"type":"Feature","properties":{"kind":"road","class":"minor"},"geometry":{"type":"LineString","coordinates":[[72.87422,19.07089],[72.87386,19.06788],[72.87427,19.06788]]}},{"type":"Feature","properties":{"kind":"road","class":"minor"},"geometry":{"type":"LineString","coordinates":[[72.85594,19.06447],[72.85505,19.06593],[72.85414,19.06679]]}},{"type":"Feature","properties":{"kind":"road","class":"minor"},"geometry":{"type":"LineString","coordinates":[[72.87397,19.07144],[72.87418,19.07244]]}},{"type":"Feature","properties":{"kind":"road","class":"minor"},"geometry":{"type":"LineString","coordinates":[[72.89464,19.08582],[72.89496,19.08726],[72.89561,19.08749],[72.89662,19.08939],[72.89643,19.08974]]}},{"type":"Feature","properties":{"kind":"road","class":"minor"},"geometry":{"type":"LineString","coordinates":[[72.89276,19.09127],[72.89223,19.09231],[72.89229,19.09479],[72.8927,19.09581]]}},{"type":"Feature","properties":{"kind":"road","class":"minor"},"geometry":{"type":"LineString","coordinates":[[72.89316,19.09007],[72.89411,19.09032],[72.89453,19.08991],[72.8947,19.0884],[72.89424,19.08666],[72.89451,19.0857]]}},{"type":"Feature","properties":{"kind":"road","class":"minor"},"geometry":{"type":"LineString","coordinates":[[72.89518,19.09486],[72.89491,19.0963]]}},{"type":"Feature","properties":{"kind":"road","class":"minor"},"geometry":{"type":"LineString","coordinates":[[72.89735,19.09455],[72.89773,19.09363],[72.89906,19.0937]]}},{"type":"Feature","properties":{"kind":"road","class":"minor"},"geometry":{"type":"LineString","coordinates":[[72.88538,19.09362],[72.88678,19.10009]]}},{"type":"Feature","properties":{"kind":"road","class":"minor"},"geometry":{"type":"LineString","coordinates":[[72.89536,19.09083],[72.89535,19.0913],[72.89668,19.09118],[72.89761,19.09158],[72.89852,19.09126],[72.89894,19.0916]]}},{"type":"Feature","properties":{"kind":"road","class":"minor"},"geometry":{"type":"LineString","coordinates":[[72.88253,19.09572],[72.88273,19.0947],[72.88226,19.09436]]}},{"type":"Feature","properties":{"kind":"road","class":"minor"},"geometry":{"type":"LineString","coordinates":[[72.88047,19.09275],[72.87995,19.09277],[72.87997,19.09211]]}},{"type":"Feature","properties":{"kind":"road","class":"minor"},"geometry":{"type":"LineString","coordinates":[[72.89762,19.09391],[72.89709,19.093],[72.89601,19.09304],[72.89507,19.0927]]}},{"type":"Feature","properties":{"kind":"road","class":"minor"},"geometry":{"type":"LineString","coordinates":[[72.90004,19.09301],[72.89999,19.09203],[72.89941,19.09066]]}},{"type":"Feature","properties":{"kind":"road","class":"minor"},"geometry":{"type":"LineString","coordinates":[[72.88366,19.0955],[72.8877,19.09572]]}},{"type":"Feature","properties":{"kind":"road","class":"minor"},"geometry":{"type":"LineString","coordinates":[[72.89917,19.09027],[72.89813,19.0876],[72.89794,19.08665]]}},{"type":"Feature","properties":{"kind":"road","class":"minor"},"geometry":{"type":"LineString","coordinates":[[72.89235,19.09479],[72.89318,19.0948]]}},{"type":"Feature","properties":{"kind":"road","class":"minor"},"geometry":{"type":"LineString","coordinates":[[72.90117,19.08355],[72.90086,19.08367],[72.90079,19.08354],[72.90114,19.08341]]}},{"type":"Feature","properties":{"kind":"road","class":"minor"},"geometry":{"type":"LineString","coordinates":[[72.88271,19.09429],[72.88328,19.09417]]}},{"type":"Feature","properties":{"kind":"road","class":"minor"},"geometry":{"type":"LineString","coordinates":[[72.88225,19.09556],[72.88212,19.0963],[72.88363,19.0967]]}},{"type":"Feature","properties":{"kind":"road","class":"minor"},"geometry":{"type":"LineString","coordinates":[[72.89896,19.08675],[72.89895,19.08713],[72.89975,19.08756],[72.89975,19.08842],[72.90008,19.08922],[72.90008,19.08975]]}},{"type":"Feature","properties":{"kind":"road","class":"minor"},"geometry":{"type":"LineString","coordinates":[[72.88236,19.09372],[72.88186,19.09378],[72.8814,19.09329],[72.88048,19.09284],[72.88056,19.09148]]}},{"type":"Feature","properties":{"kind":"road","class":"minor"},"geometry":{"type":"LineString","coordinates":[[72.90032,19.08969],[72.9006,19.08953],[72.90056,19.08702],[72.90085,19.08571],[72.90053,19.08551],[72.90024,19.08568]]}},{"type":"Feature","properties":{"kind":"road","class":"minor"},"geometry":{"type":"LineString","coordinates":[[72.88225,19.09556],[72.88215,19.09468],[72.88236,19.09359],[72.88281,19.09288]]}},{"type":"Feature","properties":{"kind":"road","class":"minor"},"geometry":{"type":"LineString","coordinates":[[72.88273,19.0947],[72.88346,19.09458]]}},{"type":"Feature","properties":{"kind":"road","class":"minor"},"geometry":{"type":"LineString","coordinates":[[72.8945,19.09075],[72.89616,19.09049],[72.89701,19.09059],[72.89729,19.09038],[72.89952,19.09066],[72.90009,19.09048],[72.90009,19.09024]]}},{"type":"Feature","properties":{"kind":"road","class":"minor"},"geometry":{"type":"LineString","coordinates":[[72.89426,19.09524],[72.89503,19.09517]]}},{"type":"Feature","properties":{"kind":"road","class":"minor"},"geometry":{"type":"LineString","coordinates":[[72.89225,19.0938],[72.89325,19.09378],[72.8934,19.09435],[72.89227,19.09444]]}},{"type":"Feature","properties":{"kind":"road","class":"minor"},"geometry":{"type":"LineString","coordinates":[[72.89682,19.08766],[72.89704,19.08765],[72.89703,19.08725],[72.89643,19.08727]]}},{"type":"Feature","properties":{"kind":"road","class":"minor"},"geometry":{"type":"LineString","coordinates":[[72.89569,19.09501],[72.89588,19.09586]]}},{"type":"Feature","properties":{"kind":"road","class":"minor"},"geometry":{"type":"LineString","coordinates":[[72.90214,19.08495],[72.90186,19.08458],[72.90095,19.08465],[72.90078,19.08429]]}},{"type":"Feature","properties":{"kind":"road","class":"minor"},"geometry":{"type":"LineString","coordinates":[[72.89502,19.09133],[72.89541,19.09054]]}},{"type":"Feature","properties":{"kind":"road","class":"minor"},"geometry":{"type":"LineString","coordinates":[[72.8932,19.09203],[72.89293,19.09299],[72.89223,19.09308]]}},{"type":"Feature","properties":{"kind":"road","class":"minor"},"geometry":{"type":"LineString","coordinates":[[72.90072,19.08899],[72.90118,19.0888],[72.9021,19.08742]]}},{"type":"Feature","properties":{"kind":"road","class":"minor"},"geometry":{"type":"LineString","coordinates":[[72.89831,19.088],[72.89924,19.08756]]}},{"type":"Feature","properties":{"kind":"road","class":"minor"},"geometry":{"type":"LineString","coordinates":[[72.8947,19.0884],[72.89538,19.08946],[72.89534,19.09055]]}},{"type":"Feature","properties":{"kind":"road","class":"minor"},"geometry":{"type":"LineString","coordinates":[[72.89835,19.08818],[72.89783,19.0886],[72.89774,19.08928]]}},{"type":"Feature","properties":{"kind":"road","class":"minor"},"geometry":{"type":"LineString","coordinates":[[72.89806,19.09134],[72.89807,19.09052]]}},{"type":"Feature","properties":{"kind":"road","class":"minor"},"geometry":{"type":"LineString","coordinates":[[72.89698,19.08914],[72.89635,19.0884],[72.89637,19.08626]]}},{"type":"Feature","properties":{"kind":"road","class":"minor"},"geometry":{"type":"LineString","coordinates":[[72.88579,19.06258],[72.88685,19.06348]]}},{"type":"Feature","properties":{"kind":"road","class":"minor"},"geometry":{"type":"LineString","coordinates":[[72.87862,19.07272],[72.87767,19.07249],[72.87718,19.07202]]}},{"type":"Feature","properties":{"kind":"road","class":"minor"},"geometry":{"type":"LineString","coordinates":[[72.88306,19.08544],[72.8831,19.08708],[72.88405,19.0872]]}},{"type":"Feature","properties":{"kind":"road","class":"minor"},"geometry":{"type":"LineString","coordinates":[[72.88325,19.0632],[72.88388,19.06223]]}},{"type":"Feature","properties":{"kind":"road","class":"minor"},"geometry":{"type":"LineString","coordinates":[[72.88515,19.06326],[72.88579,19.06258]]}},{"type":"Feature","properties":{"kind":"road","class":"minor"},"geometry":{"type":"LineString","coordinates":[[72.88543,19.06288],[72.88647,19.06374]]}},{"type":"Feature","properties":{"kind":"road","class":"minor"},"geometry":{"type":"LineString","coordinates":[[72.88377,19.0739038],[72.8853061,19.0735143]]}},{"type":"Feature","properties":{"kind":"road","class":"minor"},"geometry":{"type":"LineString","coordinates":[[72.89343,19.06593],[72.89222,19.06622]]}},{"type":"Feature","properties":{"kind":"road","class":"minor"},"geometry":{"type":"LineString","coordinates":[[72.88209,19.09023],[72.88363,19.08986]]}},{"type":"Feature","properties":{"kind":"road","class":"minor"},"geometry":{"type":"LineString","coordinates":[[72.89012,19.0655],[72.88734,19.06171],[72.88507,19.05994]]}},{"type":"Feature","properties":{"kind":"road","class":"minor"},"geometry":{"type":"LineString","coordinates":[[72.89712,19.07139],[72.89834,19.07143],[72.89901,19.07128],[72.89943,19.07098]]}},{"type":"Feature","properties":{"kind":"road","class":"minor"},"geometry":{"type":"LineString","coordinates":[[72.87598,19.07403],[72.87655,19.07394],[72.87687,19.0743],[72.87758,19.07407]]}},{"type":"Feature","properties":{"kind":"road","class":"minor"},"geometry":{"type":"LineString","coordinates":[[72.88326,19.09083],[72.8833,19.09059],[72.88391,19.09034]]}},{"type":"Feature","properties":{"kind":"road","class":"minor"},"geometry":{"type":"LineString","coordinates":[[72.89065,19.06531],[72.88654,19.05951],[72.8853,19.06143]]}},{"type":"Feature","properties":{"kind":"road","class":"minor"},"geometry":{"type":"LineString","coordinates":[[72.88152,19.07216],[72.88142,19.07118]]}},{"type":"Feature","properties":{"kind":"road","class":"minor"},"geometry":{"type":"LineString","coordinates":[[72.8776,19.08647],[72.87804,19.08602],[72.87769,19.08534]]}},{"type":"Feature","properties":{"kind":"road","class":"minor"},"geometry":{"type":"LineString","coordinates":[[72.8818,19.08955],[72.88312,19.0891],[72.88322,19.08957]]}},{"type":"Feature","properties":{"kind":"road","class":"minor"},"geometry":{"type":"LineString","coordinates":[[72.89645,19.06509],[72.89723,19.06502],[72.89808,19.06552],[72.89857,19.06651],[72.89854,19.06775]]}},{"type":"Feature","properties":{"kind":"road","class":"minor"},"geometry":{"type":"LineString","coordinates":[[72.88238,19.09102],[72.88287,19.0909],[72.88284,19.09063],[72.88313,19.09033],[72.88439,19.09013]]}},{"type":"Feature","properties":{"kind":"road","class":"minor"},"geometry":{"type":"LineString","coordinates":[[72.8831997,19.0865016],[72.8837802,19.08636]]}},{"type":"Feature","properties":{"kind":"road","class":"minor"},"geometry":{"type":"LineString","coordinates":[[72.89398,19.06643],[72.89253,19.06674]]}},{"type":"Feature","properties":{"kind":"road","class":"minor"},"geometry":{"type":"LineString","coordinates":[[72.87967,19.08504],[72.8797,19.08339]]}},{"type":"Feature","properties":{"kind":"road","class":"minor"},"geometry":{"type":"LineString","coordinates":[[72.88607,19.09021],[72.88471,19.09034]]}},{"type":"Feature","properties":{"kind":"road","class":"minor"},"geometry":{"type":"LineString","coordinates":[[72.89789,19.08183],[72.89857,19.08052]]}},{"type":"Feature","properties":{"kind":"road","class":"minor"},"geometry":{"type":"LineString","coordinates":[[72.8808534,19.0760924],[72.8808392,19.0767859]]}},{"type":"Feature","properties":{"kind":"road","class":"minor"},"geometry":{"type":"LineString","coordinates":[[72.8822797,19.0898875],[72.8827275,19.0898376]]}},{"type":"Feature","properties":{"kind":"road","class":"minor"},"geometry":{"type":"LineString","coordinates":[[72.8971,19.07659],[72.89808,19.07596]]}},{"type":"Feature","properties":{"kind":"road","class":"minor"},"geometry":{"type":"LineString","coordinates":[[72.8973695,19.0769932],[72.8984003,19.0763307]]}},{"type":"Feature","properties":{"kind":"road","class":"minor"},"geometry":{"type":"LineString","coordinates":[[72.88327,19.09161],[72.88381,19.09158]]}},{"type":"Feature","properties":{"kind":"road","class":"minor"},"geometry":{"type":"LineString","coordinates":[[72.89786,19.07721],[72.89868,19.07666]]}},{"type":"Feature","properties":{"kind":"road","class":"minor"},"geometry":{"type":"LineString","coordinates":[[72.8831816,19.0892084],[72.8837484,19.0891606]]}},{"type":"Feature","properties":{"kind":"road","class":"minor"},"geometry":{"type":"LineString","coordinates":[[72.88601,19.06809],[72.8849,19.06725]]}},{"type":"Feature","properties":{"kind":"road","class":"minor"},"geometry":{"type":"LineString","coordinates":[[72.89208,19.06382],[72.89238,19.06496]]}},{"type":"Feature","properties":{"kind":"road","class":"minor"},"geometry":{"type":"LineString","coordinates":[[72.88834,19.06463],[72.88869,19.06517],[72.88969,19.06491]]}},{"type":"Feature","properties":{"kind":"road","class":"minor"},"geometry":{"type":"LineString","coordinates":[[72.88796,19.06473],[72.88934,19.06436]]}},{"type":"Feature","properties":{"kind":"road","class":"minor"},"geometry":{"type":"LineString","coordinates":[[72.88725,19.06089],[72.88714,19.06097],[72.88611,19.06016]]}},{"type":"Feature","properties":{"kind":"road","class":"minor"},"geometry":{"type":"LineString","coordinates":[[72.87818,19.07686],[72.87929,19.07685]]}},{"type":"Feature","properties":{"kind":"road","class":"minor"},"geometry":{"type":"LineString","coordinates":[[72.88292,19.08965],[72.88227,19.08974]]}},{"type":"Feature","properties":{"kind":"road","class":"minor"},"geometry":{"type":"LineString","coordinates":[[72.89899,19.06424],[72.89995,19.06383],[72.89979,19.06346]]}},{"type":"Feature","properties":{"kind":"road","class":"minor"},"geometry":{"type":"LineString","coordinates":[[72.88423,19.09087],[72.88398,19.0909],[72.884,19.09118]]}},{"type":"Feature","properties":{"kind":"road","class":"minor"},"geometry":{"type":"LineString","coordinates":[[72.89398,19.06643],[72.89403,19.06752]]}},{"type":"Feature","properties":{"kind":"road","class":"minor"},"geometry":{"type":"LineString","coordinates":[[72.88022,19.08622],[72.88011,19.08554],[72.88082,19.08548]]}},{"type":"Feature","properties":{"kind":"road","class":"minor"},"geometry":{"type":"LineString","coordinates":[[72.88153,19.07203],[72.88274,19.07181]]}},{"type":"Feature","properties":{"kind":"road","class":"minor"},"geometry":{"type":"LineString","coordinates":[[72.90062,19.08003],[72.89996,19.0805]]}},{"type":"Feature","properties":{"kind":"road","class":"minor"},"geometry":{"type":"LineString","coordinates":[[72.8793969,19.0850212],[72.8798947,19.0863257]]}},{"type":"Feature","properties":{"kind":"road","class":"minor"},"geometry":{"type":"LineString","coordinates":[[72.88713,19.07846],[72.88881,19.07644]]}},{"type":"Feature","properties":{"kind":"road","class":"minor"},"geometry":{"type":"LineString","coordinates":[[72.89748,19.06607],[72.89638,19.06519]]}},{"type":"Feature","properties":{"kind":"road","class":"minor"},"geometry":{"type":"LineString","coordinates":[[72.88782,19.07896],[72.88957,19.07696]]}},{"type":"Feature","properties":{"kind":"road","class":"minor"},"geometry":{"type":"LineString","coordinates":[[72.88639,19.07791],[72.88813,19.07589]]}},{"type":"Feature","properties":{"kind":"road","class":"minor"},"geometry":{"type":"LineString","coordinates":[[72.8859,19.06823],[72.88651,19.06752],[72.88586,19.06701]]}},{"type":"Feature","properties":{"kind":"road","class":"minor"},"geometry":{"type":"LineString","coordinates":[[72.8802391,19.0771164],[72.8812266,19.0771903]]}},{"type":"Feature","properties":{"kind":"road","class":"minor"},"geometry":{"type":"LineString","coordinates":[[72.88421,19.06358],[72.8831,19.06316],[72.88215,19.0645]]}},{"type":"Feature","properties":{"kind":"road","class":"minor"},"geometry":{"type":"LineString","coordinates":[[72.89987,19.07968],[72.90098,19.08116]]}},{"type":"Feature","properties":{"kind":"road","class":"minor"},"geometry":{"type":"LineString","coordinates":[[72.87824,19.08715],[72.87803,19.08527]]}},{"type":"Feature","properties":{"kind":"road","class":"minor"},"geometry":{"type":"LineString","coordinates":[[72.87845,19.07547],[72.87916,19.07641]]}},{"type":"Feature","properties":{"kind":"road","class":"minor"},"geometry":{"type":"LineString","coordinates":[[72.87524,19.06478],[72.87598,19.06423]]}},{"type":"Feature","properties":{"kind":"road","class":"minor"},"geometry":{"type":"LineString","coordinates":[[72.89269,19.06285],[72.89202,19.06333],[72.89083,19.06378]]}},{"type":"Feature","properties":{"kind":"road","class":"minor"},"geometry":{"type":"LineString","coordinates":[[72.88629,19.07663],[72.88962,19.07916]]}},{"type":"Feature","properties":{"kind":"road","class":"minor"},"geometry":{"type":"LineString","coordinates":[[72.88684,19.07594],[72.88993,19.07828]]}},{"type":"Feature","properties":{"kind":"road","class":"minor"},"geometry":{"type":"LineString","coordinates":[[72.90059,19.07922],[72.89932,19.0801]]}},{"type":"Feature","properties":{"kind":"road","class":"minor"},"geometry":{"type":"LineString","coordinates":[[72.88013,19.06869],[72.88119,19.06849],[72.88175,19.06822]]}},{"type":"Feature","properties":{"kind":"road","class":"minor"},"geometry":{"type":"LineString","coordinates":[[72.89642,19.0764],[72.89781,19.07554]]}},{"type":"Feature","properties":{"kind":"road","class":"minor"},"geometry":{"type":"LineString","coordinates":[[72.89231,19.06472],[72.89276,19.06442],[72.89276,19.06368]]}},{"type":"Feature","properties":{"kind":"road","class":"minor"},"geometry":{"type":"LineString","coordinates":[[72.87519,19.06464],[72.87579,19.06411]]}},{"type":"Feature","properties":{"kind":"road","class":"minor"},"geometry":{"type":"LineString","coordinates":[[72.88596,19.06114],[72.88703,19.06201],[72.88803,19.06325]]}},{"type":"Feature","properties":{"kind":"road","class":"minor"},"geometry":{"type":"LineString","coordinates":[[72.89973,19.06543],[72.90076,19.06545],[72.90178,19.06593],[72.90185,19.06567],[72.90147,19.06544],[72.90122,19.06558],[72.90164,19.06587]]}},{"type":"Feature","properties":{"kind":"road","class":"minor"},"geometry":{"type":"LineString","coordinates":[[72.87554,19.06593],[72.87513,19.0645],[72.87449,19.06471]]}},{"type":"Feature","properties":{"kind":"road","class":"minor"},"geometry":{"type":"LineString","coordinates":[[72.88092,19.08593],[72.8798,19.08636],[72.87943,19.08603]]}},{"type":"Feature","properties":{"kind":"road","class":"minor"},"geometry":{"type":"LineString","coordinates":[[72.88495,19.07304],[72.88524,19.07226]]}},{"type":"Feature","properties":{"kind":"road","class":"minor"},"geometry":{"type":"LineString","coordinates":[[72.89954,19.07993],[72.90039,19.08108],[72.90145,19.08043]]}},{"type":"Feature","properties":{"kind":"road","class":"minor"},"geometry":{"type":"LineString","coordinates":[[72.88774,19.06288],[72.88738,19.06308],[72.88613,19.06177],[72.88638,19.06148]]}},{"type":"Feature","properties":{"kind":"road","class":"minor"},"geometry":{"type":"LineString","coordinates":[[72.87935,19.08756],[72.87909,19.085]]}},{"type":"Feature","properties":{"kind":"road","class":"minor"},"geometry":{"type":"LineString","coordinates":[[72.88305,19.09057],[72.88311,19.09086],[72.88395,19.09069],[72.88389,19.09017]]}},{"type":"Feature","properties":{"kind":"road","class":"minor"},"geometry":{"type":"LineString","coordinates":[[72.88398,19.08099],[72.88316,19.08135],[72.88286,19.08122]]}},{"type":"Feature","properties":{"kind":"road","class":"minor"},"geometry":{"type":"LineString","coordinates":[[72.89022,19.07753],[72.88856,19.0795]]}},{"type":"Feature","properties":{"kind":"road","class":"minor"},"geometry":{"type":"LineString","coordinates":[[72.88327,19.09161],[72.88319,19.09207],[72.88264,19.09213]]}},{"type":"Feature","properties":{"kind":"road","class":"minor"},"geometry":{"type":"LineString","coordinates":[[72.88138,19.08869],[72.88424,19.08833]]}},{"type":"Feature","properties":{"kind":"road","class":"minor"},"geometry":{"type":"LineString","coordinates":[[72.894,19.06767],[72.89636,19.07151],[72.89691,19.07175],[72.89747,19.07084]]}},{"type":"Feature","properties":{"kind":"road","class":"minor"},"geometry":{"type":"LineString","coordinates":[[72.88284,19.06271],[72.88123,19.06132],[72.88059,19.06149],[72.88044,19.06183],[72.8806,19.06223],[72.88123,19.06259],[72.88208,19.06344]]}},{"type":"Feature","properties":{"kind":"road","class":"minor"},"geometry":{"type":"LineString","coordinates":[[72.88272,19.06165],[72.88372,19.06054]]}},{"type":"Feature","properties":{"kind":"road","class":"minor"},"geometry":{"type":"LineString","coordinates":[[72.88044,19.06183],[72.87985,19.06166]]}},{"type":"Feature","properties":{"kind":"road","class":"minor"},"geometry":{"type":"LineString","coordinates":[[72.88232,19.06136],[72.88328,19.06024]]}},{"type":"Feature","properties":{"kind":"road","class":"minor"},"geometry":{"type":"LineString","coordinates":[[72.88409,19.07026],[72.88495,19.07102]]}},{"type":"Feature","properties":{"kind":"road","class":"minor"},"geometry":{"type":"LineString","coordinates":[[72.8815316,19.062909],[72.8822255,19.0621903]]}},{"type":"Feature","properties":{"kind":"road","class":"minor"},"geometry":{"type":"LineString","coordinates":[[72.88049,19.06288],[72.88081,19.06236]]}},{"type":"Feature","properties":{"kind":"road","class":"minor"},"geometry":{"type":"LineString","coordinates":[[72.88368,19.07118],[72.88424,19.07162]]}},{"type":"Feature","properties":{"kind":"road","class":"minor"},"geometry":{"type":"LineString","coordinates":[[72.90236,19.09273],[72.90187,19.09296],[72.90193,19.0936],[72.9002,19.09446]]}},{"type":"Feature","properties":{"kind":"road","class":"minor"},"geometry":{"type":"LineString","coordinates":[[72.8826513,19.070073],[72.8831891,19.0694741]]}},{"type":"Feature","properties":{"kind":"water","class":"line"},"geometry":{"type":"LineString","coordinates":[[72.89184,19.102],[72.89212,19.10191],[72.89255,19.10259],[72.89329,19.10238],[72.89327,19.10219],[72.89359,19.10212]]}},{"type":"Feature","properties":{"kind":"road","class":"minor"},"geometry":{"type":"LineString","coordinates":[[72.88346,19.07094],[72.88283,19.07031],[72.88184,19.06877]]}},{"type":"Feature","properties":{"kind":"road","class":"minor"},"geometry":{"type":"LineString","coordinates":[[72.89549,19.0659],[72.89638,19.06519],[72.89664,19.06466]]}},{"type":"Feature","properties":{"kind":"road","class":"minor"},"geometry":{"type":"LineString","coordinates":[[72.88075,19.06074],[72.88109,19.05985],[72.88264,19.06097]]}},{"type":"Feature","properties":{"kind":"road","class":"minor"},"geometry":{"type":"LineString","coordinates":[[72.8799,19.06176],[72.87962,19.06154],[72.87963,19.0612],[72.88066,19.05914],[72.88148,19.05954],[72.88294,19.06062]]}},{"type":"Feature","properties":{"kind":"road","class":"minor"},"geometry":{"type":"LineString","coordinates":[[72.89576,19.06233],[72.89356,19.06081]]}},{"type":"Feature","properties":{"kind":"road","class":"minor"},"geometry":{"type":"LineString","coordinates":[[72.88832,19.05542],[72.88928,19.05597]]}},{"type":"Feature","properties":{"kind":"road","class":"minor"},"geometry":{"type":"LineString","coordinates":[[72.89214,19.06009],[72.89223,19.05653],[72.89279,19.05653],[72.89294,19.05538],[72.89486,19.05481]]}},{"type":"Feature","properties":{"kind":"road","class":"minor"},"geometry":{"type":"LineString","coordinates":[[72.8890122,19.0539344],[72.8890651,19.0532734]]}},{"type":"Feature","properties":{"kind":"road","class":"minor"},"geometry":{"type":"LineString","coordinates":[[72.88325,19.05329],[72.88413,19.05322]]}},{"type":"Feature","properties":{"kind":"road","class":"minor"},"geometry":{"type":"LineString","coordinates":[[72.8892357,19.0549625],[72.8903505,19.0556843]]}},{"type":"Feature","properties":{"kind":"road","class":"minor"},"geometry":{"type":"LineString","coordinates":[[72.88298,19.05465],[72.88399,19.056]]}},{"type":"Feature","properties":{"kind":"road","class":"minor"},"geometry":{"type":"LineString","coordinates":[[72.88895,19.05673],[72.88799,19.05617]]}},{"type":"Feature","properties":{"kind":"road","class":"minor"},"geometry":{"type":"LineString","coordinates":[[72.89451,19.05328],[72.89598,19.0529]]}},{"type":"Feature","properties":{"kind":"road","class":"minor"},"geometry":{"type":"LineString","coordinates":[[72.88353,19.05261],[72.8839,19.05262],[72.88426,19.05358]]}},{"type":"Feature","properties":{"kind":"road","class":"minor"},"geometry":{"type":"LineString","coordinates":[[72.89192,19.05642],[72.89203,19.05532],[72.89172,19.05421]]}},{"type":"Feature","properties":{"kind":"road","class":"minor"},"geometry":{"type":"LineString","coordinates":[[72.88325,19.05329],[72.88353,19.05261]]}},{"type":"Feature","properties":{"kind":"road","class":"minor"},"geometry":{"type":"LineString","coordinates":[[72.88164,19.05757],[72.88247,19.05574],[72.88283,19.05551]]}},{"type":"Feature","properties":{"kind":"road","class":"minor"},"geometry":{"type":"LineString","coordinates":[[72.88504,19.05361],[72.88505,19.05057]]}},{"type":"Feature","properties":{"kind":"road","class":"minor"},"geometry":{"type":"LineString","coordinates":[[72.89119,19.05629],[72.89114,19.05505]]}},{"type":"Feature","properties":{"kind":"road","class":"minor"},"geometry":{"type":"LineString","coordinates":[[72.89133,19.05252],[72.89124,19.05404]]}},{"type":"Feature","properties":{"kind":"road","class":"minor"},"geometry":{"type":"LineString","coordinates":[[72.88203,19.05847],[72.88272,19.05674],[72.88228,19.05615]]}},{"type":"Feature","properties":{"kind":"road","class":"minor"},"geometry":{"type":"LineString","coordinates":[[72.88516,19.05362],[72.88531,19.0524]]}},{"type":"Feature","properties":{"kind":"road","class":"minor"},"geometry":{"type":"LineString","coordinates":[[72.88249,19.05934],[72.8818,19.05896]]}},{"type":"Feature","properties":{"kind":"road","class":"minor"},"geometry":{"type":"LineString","coordinates":[[72.89617,19.06063],[72.89649,19.06104],[72.89711,19.06068]]}},{"type":"Feature","properties":{"kind":"road","class":"major"},"geometry":{"type":"LineString","coordinates":[[72.91345,19.06166],[72.91192,19.06376]]}},{"type":"Feature","properties":{"kind":"road","class":"minor"},"geometry":{"type":"LineString","coordinates":[[72.89174,19.06208],[72.89258,19.06164],[72.89305,19.06112]]}},{"type":"Feature","properties":{"kind":"road","class":"major"},"geometry":{"type":"LineString","coordinates":[[72.85402,19.09889],[72.8533,19.09695]]}},{"type":"Feature","properties":{"kind":"road","class":"major"},"geometry":{"type":"LineString","coordinates":[[72.85382,19.09807],[72.85242,19.09462],[72.85078,19.09301]]}},{"type":"Feature","properties":{"kind":"road","class":"major"},"geometry":{"type":"LineString","coordinates":[[72.8535966,19.0988918],[72.8540021,19.0995706]]}},{"type":"Feature","properties":{"kind":"road","class":"major"},"geometry":{"type":"LineString","coordinates":[[72.85612,19.12067],[72.85586,19.12021]]}},{"type":"Feature","properties":{"kind":"road","class":"major"},"geometry":{"type":"LineString","coordinates":[[72.93082,19.10505],[72.92374,19.08782]]}},{"type":"Feature","properties":{"kind":"road","class":"major"},"geometry":{"type":"LineString","coordinates":[[72.9336348,19.1119119],[72.9313291,19.1062673]]}},{"type":"Feature","properties":{"kind":"road","class":"major"},"geometry":{"type":"LineString","coordinates":[[72.9306736,19.1051132],[72.9311969,19.1063074]]}},{"type":"Feature","properties":{"kind":"road","class":"major"},"geometry":{"type":"LineString","coordinates":[[72.9186475,19.0814619],[72.9187961,19.0818376]]}},{"type":"Feature","properties":{"kind":"water","class":"body"},"geometry":{"type":"Polygon","coordinates":[[[72.87407,19.12293],[72.8739,19.12267],[72.87409,19.1222],[72.87515,19.12216],[72.87559,19.12245],[72.87554,19.12294],[72.87407,19.12293]]]}},{"type":"Feature","properties":{"kind":"road","class":"major"},"geometry":{"type":"LineString","coordinates":[[72.90862,19.04128],[72.90903,19.04548],[72.9104,19.05024],[72.91082,19.05413],[72.91107,19.0552],[72.91188,19.05652]]}},{"type":"Feature","properties":{"kind":"road","class":"minor"},"geometry":{"type":"LineString","coordinates":[[72.89646,19.07005],[72.89747,19.07084],[72.89797,19.07089],[72.8987,19.07065],[72.89941,19.06987],[72.89954,19.06934],[72.89938,19.06874]]}},{"type":"Feature","properties":{"kind":"road","class":"minor"},"geometry":{"type":"LineString","coordinates":[[72.88255,19.06676],[72.88226,19.06621],[72.88079,19.06508]]}},{"type":"Feature","properties":{"kind":"road","class":"minor"},"geometry":{"type":"LineString","coordinates":[[72.89517,19.06616],[72.89553,19.06597]]}},{"type":"Feature","properties":{"kind":"road","class":"minor"},"geometry":{"type":"LineString","coordinates":[[72.89012,19.0655],[72.88864,19.06587],[72.88851,19.06573],[72.8876,19.06408],[72.88867,19.06347]]}},{"type":"Feature","properties":{"kind":"road","class":"minor"},"geometry":{"type":"LineString","coordinates":[[72.89613,19.07779],[72.89536,19.07551],[72.89065,19.07161],[72.8887,19.07029],[72.88891,19.06985],[72.88771,19.06844],[72.8882,19.06787]]}},{"type":"Feature","properties":{"kind":"road","class":"minor"},"geometry":{"type":"LineString","coordinates":[[72.89106,19.06812],[72.89224,19.06834]]}},{"type":"Feature","properties":{"kind":"road","class":"minor"},"geometry":{"type":"LineString","coordinates":[[72.88522,19.0827],[72.88917,19.08064]]}},{"type":"Feature","properties":{"kind":"road","class":"minor"},"geometry":{"type":"LineString","coordinates":[[72.88928,19.09158],[72.8889,19.09189],[72.88887,19.09231],[72.88979,19.09415],[72.88999,19.09576],[72.89089,19.09786],[72.89063,19.09798],[72.89063,19.09914],[72.8908,19.09921],[72.89087,19.09996],[72.89149,19.10022]]}},{"type":"Feature","properties":{"kind":"road","class":"minor"},"geometry":{"type":"LineString","coordinates":[[72.89113,19.09127],[72.89185,19.09218],[72.89223,19.09231]]}},{"type":"Feature","properties":{"kind":"road","class":"minor"},"geometry":{"type":"LineString","coordinates":[[72.89042,19.08839],[72.89073,19.08849],[72.8908,19.08955]]}},{"type":"Feature","properties":{"kind":"road","class":"minor"},"geometry":{"type":"LineString","coordinates":[[72.88955,19.0804],[72.88956,19.08024],[72.88856,19.0795]]}},{"type":"Feature","properties":{"kind":"road","class":"minor"},"geometry":{"type":"LineString","coordinates":[[72.88419,19.09015],[72.88424,19.09065],[72.88395,19.09069],[72.88398,19.0909],[72.88351,19.09099]]}},{"type":"Feature","properties":{"kind":"road","class":"minor"},"geometry":{"type":"LineString","coordinates":[[72.88715,19.08664],[72.88738,19.087],[72.88747,19.08767],[72.88821,19.08812],[72.8884,19.08904]]}},{"type":"Feature","properties":{"kind":"road","class":"minor"},"geometry":{"type":"LineString","coordinates":[[72.88041,19.07023],[72.88232,19.06824]]}},{"type":"Feature","properties":{"kind":"road","class":"minor"},"geometry":{"type":"LineString","coordinates":[[72.89985,19.06851],[72.90029,19.06862]]}},{"type":"Feature","properties":{"kind":"road","class":"major"},"geometry":{"type":"LineString","coordinates":[[72.87987,19.1248],[72.87958,19.12672],[72.88006,19.12931]]}},{"type":"Feature","properties":{"kind":"water","class":"line"},"geometry":{"type":"LineString","coordinates":[[72.8843,19.1292],[72.88417,19.12838],[72.8844,19.12762],[72.88523,19.12726],[72.88614,19.12715],[72.88648,19.12688],[72.88686,19.12462],[72.88749,19.1227],[72.8884,19.12184],[72.88831,19.12156],[72.88683,19.12092],[72.88632,19.12049],[72.88585,19.11839],[72.88626,19.11574],[72.88705,19.11452],[72.88718,19.11396],[72.88539,19.11215],[72.88525,19.11119],[72.88536,19.11087],[72.88603,19.11048],[72.88697,19.10955],[72.88661,19.10822],[72.88605,19.10704],[72.88407,19.10577],[72.88385,19.10431],[72.882,19.10313],[72.88044,19.10263],[72.88004,19.10211],[72.87921,19.0998],[72.87904,19.09897],[72.87914,19.09861],[72.88022,19.09837],[72.88084,19.09802],[72.88101,19.09642],[72.88065,19.09598]]}},{"type":"Feature","properties":{"kind":"road","class":"major"},"geometry":{"type":"LineString","coordinates":[[72.85139,19.12365],[72.85306,19.12334],[72.85408,19.12368]]}},{"type":"Feature","properties":{"kind":"road","class":"major"},"geometry":{"type":"LineString","coordinates":[[72.86801,19.05396],[72.87234,19.06002],[72.8728,19.06152],[72.8744,19.06471],[72.87534,19.07064]]}},{"type":"Feature","properties":{"kind":"road","class":"minor"},"geometry":{"type":"LineString","coordinates":[[72.86415,19.08075],[72.86681,19.08239]]}},{"type":"Feature","properties":{"kind":"road","class":"minor"},"geometry":{"type":"LineString","coordinates":[[72.87721,19.05789],[72.87752,19.0593],[72.87695,19.05962],[72.87684,19.06095],[72.8771,19.0623],[72.87662,19.06258]]}},{"type":"Feature","properties":{"kind":"road","class":"major"},"geometry":{"type":"LineString","coordinates":[[72.88668,19.0851],[72.89042,19.0847]]}},{"type":"Feature","properties":{"kind":"road","class":"major"},"geometry":{"type":"LineString","coordinates":[[72.88387,19.10705],[72.8833,19.10727],[72.88075,19.10756]]}},{"type":"Feature","properties":{"kind":"road","class":"major"},"geometry":{"type":"LineString","coordinates":[[72.89842,19.05839],[72.8985,19.05983]]}},{"type":"Feature","properties":{"kind":"road","class":"minor"},"geometry":{"type":"LineString","coordinates":[[72.8958,19.05653],[72.89591,19.05791]]}},{"type":"Feature","properties":{"kind":"road","class":"major"},"geometry":{"type":"LineString","coordinates":[[72.87217,19.07098],[72.87066,19.07043],[72.86089,19.06436],[72.85998,19.06346],[72.8596,19.06253]]}},{"type":"Feature","properties":{"kind":"road","class":"major"},"geometry":{"type":"LineString","coordinates":[[72.8739703,19.0708785],[72.872835,19.0710154]]}},{"type":"Feature","properties":{"kind":"road","class":"major"},"geometry":{"type":"LineString","coordinates":[[72.8728377,19.0711781],[72.873986,19.0709951]]}},{"type":"Feature","properties":{"kind":"road","class":"major"},"geometry":{"type":"LineString","coordinates":[[72.88386,19.07288],[72.88311,19.07336],[72.8825,19.0735]]}},{"type":"Feature","properties":{"kind":"road","class":"major"},"geometry":{"type":"LineString","coordinates":[[72.88596,19.06407],[72.88732,19.06601],[72.88888,19.06762]]}},{"type":"Feature","properties":{"kind":"road","class":"minor"},"geometry":{"type":"LineString","coordinates":[[72.88431,19.07696],[72.88368,19.07635],[72.88255,19.07621]]}},{"type":"Feature","properties":{"kind":"road","class":"major"},"geometry":{"type":"LineString","coordinates":[[72.85497,19.10153],[72.8559,19.10215],[72.85705,19.10221]]}},{"type":"Feature","properties":{"kind":"road","class":"major"},"geometry":{"type":"LineString","coordinates":[[72.8551471,19.1012845],[72.8547396,19.1005791]]}},{"type":"Feature","properties":{"kind":"road","class":"major"},"geometry":{"type":"LineString","coordinates":[[72.85391,19.09922],[72.85457,19.10073]]}},{"type":"Feature","properties":{"kind":"road","class":"major"},"geometry":{"type":"LineString","coordinates":[[72.85457,19.10073],[72.85497,19.10153]]}},{"type":"Feature","properties":{"kind":"road","class":"major"},"geometry":{"type":"LineString","coordinates":[[72.90517,19.11966],[72.90333,19.1193],[72.90007,19.12006]]}},{"type":"Feature","properties":{"kind":"road","class":"major"},"geometry":{"type":"LineString","coordinates":[[72.90526,19.11983],[72.90752,19.1209],[72.90785,19.1212],[72.90808,19.12152],[72.90843,19.12314],[72.90887,19.12381],[72.90969,19.12404],[72.9117,19.12378],[72.91258,19.12398]]}},{"type":"Feature","properties":{"kind":"road","class":"major"},"geometry":{"type":"LineString","coordinates":[[72.90013,19.12015],[72.90275,19.11953]]}},{"type":"Feature","properties":{"kind":"road","class":"major"},"geometry":{"type":"LineString","coordinates":[[72.88394,19.07296],[72.88515,19.07185],[72.8867,19.07003]]}},{"type":"Feature","properties":{"kind":"road","class":"major"},"geometry":{"type":"LineString","coordinates":[[72.8930336,19.0654336],[72.8917733,19.0657689]]}},{"type":"Feature","properties":{"kind":"road","class":"major"},"geometry":{"type":"LineString","coordinates":[[72.8917942,19.0658481],[72.8930531,19.065503]]}},{"type":"Feature","properties":{"kind":"road","class":"major"},"geometry":{"type":"LineString","coordinates":[[72.88793,19.06857],[72.89006,19.0664],[72.89179,19.06585]]}},{"type":"Feature","properties":{"kind":"road","class":"major"},"geometry":{"type":"LineString","coordinates":[[72.88661,19.06996],[72.88506,19.07178],[72.88386,19.07288]]}},{"type":"Feature","properties":{"kind":"road","class":"major"},"geometry":{"type":"LineString","coordinates":[[72.88895,19.06753],[72.89025,19.0664],[72.89181,19.06593]]}},{"type":"Feature","properties":{"kind":"road","class":"major"},"geometry":{"type":"LineString","coordinates":[[72.89175,19.0657],[72.89015,19.06616],[72.8887,19.06735]]}},{"type":"Feature","properties":{"kind":"road","class":"minor"},"geometry":{"type":"LineString","coordinates":[[72.89089,19.06807],[72.88977,19.06794],[72.88895,19.06753]]}},{"type":"Feature","properties":{"kind":"road","class":"minor"},"geometry":{"type":"LineString","coordinates":[[72.89275,19.06864],[72.8923,19.06827]]}},{"type":"Feature","properties":{"kind":"road","class":"minor"},"geometry":{"type":"LineString","coordinates":[[72.88888,19.06762],[72.88962,19.06797],[72.89106,19.06812]]}},{"type":"Feature","properties":{"kind":"road","class":"major"},"geometry":{"type":"LineString","coordinates":[[72.88862,19.06742],[72.88661,19.06996]]}},{"type":"Feature","properties":{"kind":"road","class":"major"},"geometry":{"type":"LineString","coordinates":[[72.8887,19.06735],[72.88739,19.06596],[72.88667,19.06472],[72.88602,19.06399]]}},{"type":"Feature","properties":{"kind":"road","class":"major"},"geometry":{"type":"LineString","coordinates":[[72.88891,19.06719],[72.88845,19.06718]]}},{"type":"Feature","properties":{"kind":"road","class":"major"},"geometry":{"type":"LineString","coordinates":[[72.88872,19.06779],[72.88916,19.06776]]}},{"type":"Feature","properties":{"kind":"road","class":"major"},"geometry":{"type":"LineString","coordinates":[[72.8884,19.06718],[72.88845,19.06762]]}},{"type":"Feature","properties":{"kind":"road","class":"major"},"geometry":{"type":"LineString","coordinates":[[72.88918,19.0677],[72.88924,19.06725]]}},{"type":"Feature","properties":{"kind":"road","class":"major"},"geometry":{"type":"LineString","coordinates":[[72.8867,19.07003],[72.88895,19.06753]]}},{"type":"Feature","properties":{"kind":"road","class":"major"},"geometry":{"type":"LineString","coordinates":[[72.87096,19.0743],[72.86326,19.07103],[72.86244,19.07106],[72.86171,19.07137],[72.86115,19.07199],[72.86086,19.07287]]}},{"type":"Feature","properties":{"kind":"road","class":"major"},"geometry":{"type":"LineString","coordinates":[[72.8957289,19.0647926],[72.8963753,19.0646418]]}},{"type":"Feature","properties":{"kind":"road","class":"major"},"geometry":{"type":"LineString","coordinates":[[72.90668,19.0702],[72.90437,19.06882]]}},{"type":"Feature","properties":{"kind":"road","class":"major"},"geometry":{"type":"LineString","coordinates":[[72.8952923,19.0647795],[72.8932941,19.0653159]]}},{"type":"Feature","properties":{"kind":"road","class":"major"},"geometry":{"type":"LineString","coordinates":[[72.89334,19.06548],[72.89534,19.06494]]}},{"type":"Feature","properties":{"kind":"road","class":"major"},"geometry":{"type":"LineString","coordinates":[[72.9032,19.06791],[72.90233,19.06731],[72.90154,19.06714],[72.89781,19.06471],[72.89711,19.06451],[72.89636,19.06457]]}},{"type":"Feature","properties":{"kind":"road","class":"major"},"geometry":{"type":"LineString","coordinates":[[72.87727,19.07593],[72.87609,19.07643],[72.87501,19.07614]]}},{"type":"Feature","properties":{"kind":"road","class":"major"},"geometry":{"type":"LineString","coordinates":[[72.87439,19.07608],[72.87544,19.07662],[72.87632,19.07668]]}},{"type":"Feature","properties":{"kind":"road","class":"major"},"geometry":{"type":"LineString","coordinates":[[72.87657,19.07641],[72.87578,19.07649],[72.87498,19.07621]]}},{"type":"Feature","properties":{"kind":"road","class":"major"},"geometry":{"type":"LineString","coordinates":[[72.87661,19.07649],[72.87944,19.07487]]}},{"type":"Feature","properties":{"kind":"road","class":"major"},"geometry":{"type":"LineString","coordinates":[[72.87493,19.07629],[72.87577,19.07658],[72.87661,19.07649]]}},{"type":"Feature","properties":{"kind":"road","class":"major"},"geometry":{"type":"LineString","coordinates":[[72.87821,19.07562],[72.87969,19.07478]]}},{"type":"Feature","properties":{"kind":"road","class":"major"},"geometry":{"type":"LineString","coordinates":[[72.8794,19.07479],[72.87657,19.07641]]}},{"type":"Feature","properties":{"kind":"road","class":"major"},"geometry":{"type":"LineString","coordinates":[[72.88214,19.07347],[72.88119,19.07363],[72.88048,19.07404]]}},{"type":"Feature","properties":{"kind":"road","class":"major"},"geometry":{"type":"LineString","coordinates":[[72.88252,19.0736],[72.88316,19.07346],[72.88394,19.07296]]}},{"type":"Feature","properties":{"kind":"road","class":"major"},"geometry":{"type":"LineString","coordinates":[[72.87962,19.07465],[72.87806,19.07543]]}},{"type":"Feature","properties":{"kind":"road","class":"major"},"geometry":{"type":"LineString","coordinates":[[72.87969,19.07478],[72.88125,19.07382],[72.88215,19.07365]]}},{"type":"Feature","properties":{"kind":"road","class":"minor"},"geometry":{"type":"LineString","coordinates":[[72.88195,19.07736],[72.88267,19.0812]]}},{"type":"Feature","properties":{"kind":"road","class":"minor"},"geometry":{"type":"LineString","coordinates":[[72.88346,19.07094],[72.88409,19.07026],[72.8821,19.06848]]}},{"type":"Feature","properties":{"kind":"road","class":"minor"},"geometry":{"type":"LineString","coordinates":[[72.88125,19.07382],[72.88312,19.07358],[72.88416,19.0729]]}},{"type":"Feature","properties":{"kind":"road","class":"minor"},"geometry":{"type":"LineString","coordinates":[[72.88002,19.07597],[72.88024,19.07695],[72.88032,19.07965]]}},{"type":"Feature","properties":{"kind":"road","class":"minor"},"geometry":{"type":"LineString","coordinates":[[72.89272,19.06768],[72.89308,19.0675],[72.89393,19.0676]]}},{"type":"Feature","properties":{"kind":"road","class":"minor"},"geometry":{"type":"LineString","coordinates":[[72.89224,19.06834],[72.89276,19.0688]]}},{"type":"Feature","properties":{"kind":"road","class":"minor"},"geometry":{"type":"LineString","coordinates":[[72.8923,19.06827],[72.89089,19.06807]]}},{"type":"Feature","properties":{"kind":"road","class":"major"},"geometry":{"type":"LineString","coordinates":[[72.89177,19.06577],[72.89002,19.06634],[72.88787,19.06852]]}},{"type":"Feature","properties":{"kind":"road","class":"major"},"geometry":{"type":"LineString","coordinates":[[72.89638,19.06464],[72.8971,19.06459],[72.89777,19.06478],[72.90361,19.06855]]}},{"type":"Feature","properties":{"kind":"road","class":"major"},"geometry":{"type":"LineString","coordinates":[[72.8963595,19.0645715],[72.8957107,19.0647228]]}},{"type":"Feature","properties":{"kind":"road","class":"major"},"geometry":{"type":"LineString","coordinates":[[72.895342,19.0649436],[72.8957289,19.0647926]]}},{"type":"Feature","properties":{"kind":"road","class":"major"},"geometry":{"type":"LineString","coordinates":[[72.8866994,19.0700283],[72.8879333,19.0685673]]}},{"type":"Feature","properties":{"kind":"road","class":"major"},"geometry":{"type":"LineString","coordinates":[[72.8878737,19.0685228],[72.8866101,19.0699612]]}},{"type":"Feature","properties":{"kind":"road","class":"major"},"geometry":{"type":"LineString","coordinates":[[72.8957107,19.0647228],[72.8952923,19.0647795]]}},{"type":"Feature","properties":{"kind":"road","class":"major"},"geometry":{"type":"LineString","coordinates":[[72.8918147,19.065926],[72.8930767,19.065587]]}},{"type":"Feature","properties":{"kind":"road","class":"major"},"geometry":{"type":"LineString","coordinates":[[72.89534,19.06494],[72.8971,19.06467]]}},{"type":"Feature","properties":{"kind":"road","class":"major"},"geometry":{"type":"LineString","coordinates":[[72.89717,19.06445],[72.89529,19.06478]]}},{"type":"Feature","properties":{"kind":"road","class":"minor"},"geometry":{"type":"LineString","coordinates":[[72.88553,19.07102],[72.88328,19.07319],[72.88214,19.07347]]}},{"type":"Feature","properties":{"kind":"road","class":"major"},"geometry":{"type":"LineString","coordinates":[[72.85512,19.05962],[72.85556,19.05984],[72.85679,19.05999]]}},{"type":"Feature","properties":{"kind":"road","class":"major"},"geometry":{"type":"LineString","coordinates":[[72.85599,19.05974],[72.85502,19.05938]]}},{"type":"Feature","properties":{"kind":"road","class":"major"},"geometry":{"type":"LineString","coordinates":[[72.87183,19.07193],[72.87145,19.07263],[72.87096,19.0743]]}},{"type":"Feature","properties":{"kind":"road","class":"major"},"geometry":{"type":"LineString","coordinates":[[72.86649,19.06607],[72.86433,19.06077]]}},{"type":"Feature","properties":{"kind":"road","class":"minor"},"geometry":{"type":"LineString","coordinates":[[72.86013,19.05929],[72.86056,19.06001],[72.8604,19.06122],[72.8606,19.06209]]}},{"type":"Feature","properties":{"kind":"road","class":"minor"},"geometry":{"type":"LineString","coordinates":[[72.87047,19.06578],[72.87114,19.06578],[72.87172,19.06735],[72.87193,19.06892]]}},{"type":"Feature","properties":{"kind":"road","class":"major"},"geometry":{"type":"LineString","coordinates":[[72.86013,19.05929],[72.85891,19.06001]]}},{"type":"Feature","properties":{"kind":"road","class":"minor"},"geometry":{"type":"LineString","coordinates":[[72.87026,19.07204],[72.86758,19.07042]]}},{"type":"Feature","properties":{"kind":"road","class":"minor"},"geometry":{"type":"LineString","coordinates":[[72.85718,19.06635],[72.86137,19.06582],[72.86215,19.06534]]}},{"type":"Feature","properties":{"kind":"road","class":"minor"},"geometry":{"type":"LineString","coordinates":[[72.87027,19.07205],[72.87151,19.07248]]}},{"type":"Feature","properties":{"kind":"road","class":"major"},"geometry":{"type":"LineString","coordinates":[[72.8721,19.07146],[72.8723,19.07101]]}},{"type":"Feature","properties":{"kind":"road","class":"major"},"geometry":{"type":"LineString","coordinates":[[72.87217,19.07098],[72.87204,19.07136]]}},{"type":"Feature","properties":{"kind":"road","class":"minor"},"geometry":{"type":"LineString","coordinates":[[72.86804,19.05976],[72.86705,19.06031]]}},{"type":"Feature","properties":{"kind":"road","class":"major"},"geometry":{"type":"LineString","coordinates":[[72.8606525,19.074867],[72.8605998,19.0744629]]}},{"type":"Feature","properties":{"kind":"road","class":"minor"},"geometry":{"type":"LineString","coordinates":[[72.86957,19.06743],[72.86834,19.06918]]}},{"type":"Feature","properties":{"kind":"road","class":"minor"},"geometry":{"type":"LineString","coordinates":[[72.8684,19.06922],[72.86964,19.06748]]}},{"type":"Feature","properties":{"kind":"road","class":"minor"},"geometry":{"type":"LineString","coordinates":[[72.87179,19.06832],[72.87136,19.06856]]}},{"type":"Feature","properties":{"kind":"road","class":"minor"},"geometry":{"type":"LineString","coordinates":[[72.86499,19.06277],[72.8622,19.06517]]}},{"type":"Feature","properties":{"kind":"road","class":"minor"},"geometry":{"type":"LineString","coordinates":[[72.86792,19.06596],[72.86809,19.06584],[72.8689,19.06593],[72.87028,19.06715]]}},{"type":"Feature","properties":{"kind":"road","class":"minor"},"geometry":{"type":"LineString","coordinates":[[72.88445,19.07263],[72.8856,19.07378]]}},{"type":"Feature","properties":{"kind":"road","class":"minor"},"geometry":{"type":"LineString","coordinates":[[72.89398,19.0659],[72.89517,19.06604]]}},{"type":"Feature","properties":{"kind":"road","class":"major"},"geometry":{"type":"LineString","coordinates":[[72.91373,19.05915],[72.91318,19.05823]]}},{"type":"Feature","properties":{"kind":"road","class":"major"},"geometry":{"type":"LineString","coordinates":[[72.91193,19.05648],[72.91126,19.05549],[72.91091,19.05413],[72.91046,19.05002],[72.90912,19.04548],[72.9087,19.04128]]}},{"type":"Feature","properties":{"kind":"road","class":"major"},"geometry":{"type":"LineString","coordinates":[[72.9148,19.06514],[72.91504,19.06557],[72.9155,19.06534],[72.91515,19.06376],[72.91448,19.06241],[72.91411,19.06019],[72.91332,19.05842]]}},{"type":"Feature","properties":{"kind":"road","class":"major"},"geometry":{"type":"LineString","coordinates":[[72.91455,19.06329],[72.91477,19.06385],[72.9148,19.06514]]}},{"type":"Feature","properties":{"kind":"road","class":"major"},"geometry":{"type":"LineString","coordinates":[[72.91324,19.05847],[72.91393,19.05993]]}},{"type":"Feature","properties":{"kind":"road","class":"major"},"geometry":{"type":"LineString","coordinates":[[72.8600696,19.1147757],[72.8593649,19.1148492]]}},{"type":"Feature","properties":{"kind":"road","class":"minor"},"geometry":{"type":"LineString","coordinates":[[72.85395,19.06078],[72.85399,19.06018],[72.85376,19.05969]]}},{"type":"Feature","properties":{"kind":"road","class":"minor"},"geometry":{"type":"LineString","coordinates":[[72.85686,19.06381],[72.85581,19.06327]]}},{"type":"Feature","properties":{"kind":"road","class":"major"},"geometry":{"type":"LineString","coordinates":[[72.9131783,19.0582315],[72.9122351,19.0568894]]}},{"type":"Feature","properties":{"kind":"road","class":"minor"},"geometry":{"type":"LineString","coordinates":[[72.89873,19.06891],[72.89931,19.06854]]}},{"type":"Feature","properties":{"kind":"road","class":"major"},"geometry":{"type":"LineString","coordinates":[[72.9141615,19.062041],[72.9142344,19.0626758]]}},{"type":"Feature","properties":{"kind":"road","class":"major"},"geometry":{"type":"LineString","coordinates":[[72.91495,19.06301],[72.91445,19.06202]]}},{"type":"Feature","properties":{"kind":"road","class":"major"},"geometry":{"type":"LineString","coordinates":[[72.91445,19.06202],[72.91426,19.06049],[72.91402,19.0599]]}},{"type":"Feature","properties":{"kind":"road","class":"major"},"geometry":{"type":"LineString","coordinates":[[72.91393,19.05993],[72.91416,19.06204]]}},{"type":"Feature","properties":{"kind":"road","class":"minor"},"geometry":{"type":"LineString","coordinates":[[72.89817,19.05551],[72.89849,19.05565],[72.89964,19.05556]]}},{"type":"Feature","properties":{"kind":"road","class":"minor"},"geometry":{"type":"LineString","coordinates":[[72.89972,19.05862],[72.89965,19.05691]]}},{"type":"Feature","properties":{"kind":"road","class":"major"},"geometry":{"type":"LineString","coordinates":[[72.8985,19.05983],[72.89842,19.06065]]}},{"type":"Feature","properties":{"kind":"road","class":"major"},"geometry":{"type":"LineString","coordinates":[[72.87241,19.10165],[72.8725,19.10316],[72.87284,19.1034],[72.87338,19.10333]]}},{"type":"Feature","properties":{"kind":"road","class":"major"},"geometry":{"type":"LineString","coordinates":[[72.87652,19.10089],[72.87613,19.10068],[72.87277,19.10063],[72.87241,19.10093]]}},{"type":"Feature","properties":{"kind":"road","class":"major"},"geometry":{"type":"LineString","coordinates":[[72.87447,19.10511],[72.87606,19.10932]]}},{"type":"Feature","properties":{"kind":"road","class":"major"},"geometry":{"type":"LineString","coordinates":[[72.87449,19.10306],[72.87447,19.10345]]}},{"type":"Feature","properties":{"kind":"road","class":"major"},"geometry":{"type":"LineString","coordinates":[[72.87459,19.10352],[72.87461,19.10306]]}},{"type":"Feature","properties":{"kind":"road","class":"major"},"geometry":{"type":"LineString","coordinates":[[72.86627,19.10294],[72.8707,19.10321],[72.87263,19.10318]]}},{"type":"Feature","properties":{"kind":"road","class":"major"},"geometry":{"type":"LineString","coordinates":[[72.87417,19.1033],[72.87447,19.10369]]}},{"type":"Feature","properties":{"kind":"road","class":"major"},"geometry":{"type":"LineString","coordinates":[[72.87459,19.10352],[72.87504,19.10319]]}},{"type":"Feature","properties":{"kind":"road","class":"major"},"geometry":{"type":"LineString","coordinates":[[72.90257,19.08744],[72.89637,19.08626],[72.89183,19.08474],[72.89042,19.08464]]}},{"type":"Feature","properties":{"kind":"road","class":"major"},"geometry":{"type":"LineString","coordinates":[[72.91162,19.09214],[72.91656,19.09814]]}},{"type":"Feature","properties":{"kind":"road","class":"minor"},"geometry":{"type":"LineString","coordinates":[[72.90068,19.08244],[72.89983,19.08209],[72.89789,19.08183],[72.89736,19.08289],[72.89643,19.08272]]}},{"type":"Feature","properties":{"kind":"road","class":"major"},"geometry":{"type":"LineString","coordinates":[[72.90868,19.08987],[72.91083,19.09129],[72.9115,19.09201]]}},{"type":"Feature","properties":{"kind":"road","class":"major"},"geometry":{"type":"LineString","coordinates":[[72.9078,19.08932],[72.90772,19.09053],[72.9074,19.09099]]}},{"type":"Feature","properties":{"kind":"road","class":"major"},"geometry":{"type":"LineString","coordinates":[[72.90794,19.07096],[72.90783,19.07067],[72.90805,19.07042]]}},{"type":"Feature","properties":{"kind":"road","class":"major"},"geometry":{"type":"LineString","coordinates":[[72.92114,19.0846],[72.92288,19.08672],[72.92336,19.0876]]}},{"type":"Feature","properties":{"kind":"road","class":"minor"},"geometry":{"type":"LineString","coordinates":[[72.88328,19.06024],[72.8843,19.06096]]}},{"type":"Feature","properties":{"kind":"water","class":"body"},"geometry":{"type":"Polygon","coordinates":[[[72.90586,19.05596],[72.90587,19.05576],[72.90632,19.0557],[72.90629,19.05604],[72.90586,19.05596]]]}},{"type":"Feature","properties":{"kind":"road","class":"minor"},"geometry":{"type":"LineString","coordinates":[[72.88203,19.05994],[72.88233,19.05958]]}},{"type":"Feature","properties":{"kind":"water","class":"body"},"geometry":{"type":"Polygon","coordinates":[[[72.89615,19.1168],[72.89592,19.11618],[72.89605,19.11587],[72.89684,19.11627],[72.897,19.1172],[72.89615,19.1168]]]}},{"type":"Feature","properties":{"kind":"water","class":"body"},"geometry":{"type":"Polygon","coordinates":[[[72.89947,19.11536],[72.89909,19.1158],[72.89927,19.11641],[72.89961,19.11612],[72.89976,19.11664],[72.89923,19.11715],[72.89925,19.11738],[72.89936,19.11761],[72.89981,19.11779],[72.90042,19.11782],[72.90088,19.11634],[72.9008,19.11589],[72.90046,19.11539],[72.89947,19.11536]]]}},{"type":"Feature","properties":{"kind":"water","class":"body"},"geometry":{"type":"Polygon","coordinates":[[[72.90905,19.07011],[72.9097,19.07008],[72.90986,19.06936],[72.90905,19.07011]]]}},{"type":"Feature","properties":{"kind":"road","class":"major"},"geometry":{"type":"LineString","coordinates":[[72.8949,19.12766],[72.89656,19.12985],[72.89726,19.13123]]}},{"type":"Feature","properties":{"kind":"road","class":"major"},"geometry":{"type":"LineString","coordinates":[[72.89426,19.09672],[72.89285,19.09787],[72.89122,19.10068],[72.88996,19.10197]]}},{"type":"Feature","properties":{"kind":"road","class":"major"},"geometry":{"type":"LineString","coordinates":[[72.8954,19.09599],[72.89426,19.09672]]}},{"type":"Feature","properties":{"kind":"road","class":"major"},"geometry":{"type":"LineString","coordinates":[[72.88782,19.1059],[72.88797,19.10684],[72.88763,19.10819],[72.88774,19.10961]]}},{"type":"Feature","properties":{"kind":"road","class":"major"},"geometry":{"type":"LineString","coordinates":[[72.88785,19.1096],[72.88771,19.10843],[72.88805,19.10722],[72.88794,19.10593]]}},{"type":"Feature","properties":{"kind":"road","class":"major"},"geometry":{"type":"LineString","coordinates":[[72.88844,19.1123],[72.88839,19.1131],[72.88889,19.11446],[72.88926,19.11697],[72.88995,19.11806],[72.89127,19.12181],[72.8925,19.12372],[72.89312,19.12516]]}},{"type":"Feature","properties":{"kind":"road","class":"major"},"geometry":{"type":"LineString","coordinates":[[72.8848439,19.1065338],[72.8850838,19.1062461]]}},{"type":"Feature","properties":{"kind":"road","class":"major"},"geometry":{"type":"LineString","coordinates":[[72.86694,19.11229],[72.87271,19.11076],[72.87613,19.10948]]}},{"type":"Feature","properties":{"kind":"road","class":"major"},"geometry":{"type":"LineString","coordinates":[[72.88508,19.10625],[72.88685,19.10434]]}},{"type":"Feature","properties":{"kind":"road","class":"major"},"geometry":{"type":"LineString","coordinates":[[72.89006,19.1021],[72.89137,19.10074],[72.89299,19.09803],[72.89434,19.09683]]}},{"type":"Feature","properties":{"kind":"road","class":"minor"},"geometry":{"type":"LineString","coordinates":[[72.878057,19.0852682],[72.8790905,19.085004]]}},{"type":"Feature","properties":{"kind":"road","class":"minor"},"geometry":{"type":"LineString","coordinates":[[72.87909,19.085],[72.88075,19.08499]]}},{"type":"Feature","properties":{"kind":"road","class":"major"},"geometry":{"type":"LineString","coordinates":[[72.85702,19.1021],[72.85581,19.10189],[72.85515,19.10128]]}},{"type":"Feature","properties":{"kind":"road","class":"minor"},"geometry":{"type":"LineString","coordinates":[[72.85503,19.05828],[72.8538,19.05716],[72.85393,19.05697],[72.85451,19.05746],[72.85432,19.05763]]}},{"type":"Feature","properties":{"kind":"road","class":"major"},"geometry":{"type":"LineString","coordinates":[[72.87769,19.05347],[72.87625,19.05352],[72.87491,19.05291],[72.87267,19.0528],[72.87125,19.05285],[72.86983,19.05332]]}},{"type":"Feature","properties":{"kind":"road","class":"major"},"geometry":{"type":"LineString","coordinates":[[72.8680886,19.0539127],[72.8677519,19.0534908]]}},{"type":"Feature","properties":{"kind":"road","class":"major"},"geometry":{"type":"LineString","coordinates":[[72.8676769,19.0535464],[72.8680149,19.0539596]]}},{"type":"Feature","properties":{"kind":"road","class":"minor"},"geometry":{"type":"LineString","coordinates":[[72.88002,19.05835],[72.87902,19.06122],[72.87894,19.06257]]}},{"type":"Feature","properties":{"kind":"road","class":"major"},"geometry":{"type":"LineString","coordinates":[[72.88344,19.06202],[72.88075,19.06505]]}},{"type":"Feature","properties":{"kind":"road","class":"minor"},"geometry":{"type":"LineString","coordinates":[[72.85841,19.08257],[72.85901,19.0832],[72.85892,19.08364],[72.8565,19.08333]]}},{"type":"Feature","properties":{"kind":"road","class":"minor"},"geometry":{"type":"LineString","coordinates":[[72.85556,19.06511],[72.85605,19.06539]]}},{"type":"Feature","properties":{"kind":"road","class":"minor"},"geometry":{"type":"LineString","coordinates":[[72.85641,19.06224],[72.85737,19.06277]]}},{"type":"Feature","properties":{"kind":"road","class":"minor"},"geometry":{"type":"LineString","coordinates":[[72.85661,19.08258],[72.85581,19.08247]]}},{"type":"Feature","properties":{"kind":"road","class":"minor"},"geometry":{"type":"LineString","coordinates":[[72.85658,19.0828],[72.85866,19.08307],[72.85902,19.08294]]}},{"type":"Feature","properties":{"kind":"road","class":"minor"},"geometry":{"type":"LineString","coordinates":[[72.85608,19.06277],[72.85708,19.06332]]}},{"type":"Feature","properties":{"kind":"road","class":"major"},"geometry":{"type":"LineString","coordinates":[[72.84969,19.11541],[72.85097,19.11505],[72.85316,19.11373],[72.85405,19.11342]]}},{"type":"Feature","properties":{"kind":"road","class":"major"},"geometry":{"type":"LineString","coordinates":[[72.85099,19.11916],[72.85501,19.11678]]}},{"type":"Feature","properties":{"kind":"road","class":"major"},"geometry":{"type":"LineString","coordinates":[[72.85642,19.1224],[72.85586,19.12021]]}},{"type":"Feature","properties":{"kind":"road","class":"major"},"geometry":{"type":"LineString","coordinates":[[72.85571,19.12021],[72.85649,19.12356],[72.85641,19.12473]]}},{"type":"Feature","properties":{"kind":"road","class":"major"},"geometry":{"type":"LineString","coordinates":[[72.87223,19.103],[72.86399,19.10269],[72.86279,19.10246]]}},{"type":"Feature","properties":{"kind":"water","class":"body"},"geometry":{"type":"Polygon","coordinates":[[[72.86351,19.05348],[72.86368,19.05284],[72.86344,19.05269],[72.86323,19.05343],[72.86351,19.05348]]]}},{"type":"Feature","properties":{"kind":"water","class":"body"},"geometry":{"type":"Polygon","coordinates":[[[72.86427,19.05403],[72.85806,19.05273],[72.85731,19.05184],[72.85704,19.05174],[72.85671,19.05187],[72.85626,19.05164],[72.85576,19.05077],[72.85619,19.05048],[72.85615,19.05004],[72.85579,19.0497],[72.85491,19.04939],[72.85605,19.05005],[72.85609,19.05043],[72.85563,19.05086],[72.85614,19.05161],[72.85747,19.05238],[72.85776,19.05283],[72.85594,19.05307],[72.85519,19.053],[72.85453,19.05226],[72.85325,19.05193],[72.85223,19.05196],[72.85231,19.05215],[72.85334,19.05207],[72.85448,19.05237],[72.85493,19.05302],[72.85537,19.05316],[72.85806,19.05298],[72.86062,19.05346],[72.86345,19.0543],[72.86419,19.05442],[72.86427,19.05403]]]}},{"type":"Feature","properties":{"kind":"road","class":"minor"},"geometry":{"type":"LineString","coordinates":[[72.8830665,19.0762453],[72.8833953,19.0770518]]}},{"type":"Feature","properties":{"kind":"road","class":"minor"},"geometry":{"type":"LineString","coordinates":[[72.8791224,19.0741205],[72.879529,19.0744267]]}},{"type":"Feature","properties":{"kind":"road","class":"minor"},"geometry":{"type":"LineString","coordinates":[[72.87947,19.06655],[72.87978,19.06619]]}},{"type":"Feature","properties":{"kind":"road","class":"major"},"geometry":{"type":"LineString","coordinates":[[72.8843,19.06096],[72.88344,19.06202]]}},{"type":"Feature","properties":{"kind":"road","class":"minor"},"geometry":{"type":"LineString","coordinates":[[72.87896,19.06709],[72.87872,19.06612]]}},{"type":"Feature","properties":{"kind":"road","class":"minor"},"geometry":{"type":"LineString","coordinates":[[72.88351,19.0633],[72.88253,19.06468]]}},{"type":"Feature","properties":{"kind":"road","class":"minor"},"geometry":{"type":"LineString","coordinates":[[72.88253,19.06468],[72.88161,19.06417]]}},{"type":"Feature","properties":{"kind":"road","class":"minor"},"geometry":{"type":"LineString","coordinates":[[72.87483,19.06141],[72.87389,19.06043]]}},{"type":"Feature","properties":{"kind":"road","class":"minor"},"geometry":{"type":"LineString","coordinates":[[72.87966,19.06376],[72.88042,19.06485],[72.88075,19.06505]]}},{"type":"Feature","properties":{"kind":"road","class":"minor"},"geometry":{"type":"LineString","coordinates":[[72.88511,19.06159],[72.88318,19.0656],[72.88226,19.06621]]}},{"type":"Feature","properties":{"kind":"road","class":"major"},"geometry":{"type":"LineString","coordinates":[[72.8991128,19.0648717],[72.8980289,19.0620534]]}},{"type":"Feature","properties":{"kind":"road","class":"minor"},"geometry":{"type":"LineString","coordinates":[[72.8985532,19.0630759],[72.8982197,19.0621954]]}},{"type":"Feature","properties":{"kind":"road","class":"minor"},"geometry":{"type":"LineString","coordinates":[[72.88856,19.0795],[72.88639,19.07791]]}},{"type":"Feature","properties":{"kind":"road","class":"major"},"geometry":{"type":"LineString","coordinates":[[72.91174,19.05444],[72.91225,19.05409],[72.91433,19.05352]]}},{"type":"Feature","properties":{"kind":"road","class":"major"},"geometry":{"type":"LineString","coordinates":[[72.87278,19.10316],[72.87622,19.10302],[72.87647,19.1026],[72.87652,19.10089]]}},{"type":"Feature","properties":{"kind":"road","class":"major"},"geometry":{"type":"LineString","coordinates":[[72.87241,19.10093],[72.87232,19.1027],[72.87188,19.10306],[72.86399,19.10272],[72.8621,19.10234]]}},{"type":"Feature","properties":{"kind":"road","class":"minor"},"geometry":{"type":"LineString","coordinates":[[72.89445,19.08749],[72.89385,19.0879],[72.89345,19.08794],[72.89327,19.08825]]}},{"type":"Feature","properties":{"kind":"road","class":"minor"},"geometry":{"type":"LineString","coordinates":[[72.90009,19.09024],[72.90042,19.09028],[72.90093,19.09235],[72.90127,19.09266]]}},{"type":"Feature","properties":{"kind":"road","class":"minor"},"geometry":{"type":"LineString","coordinates":[[72.8938,19.08791],[72.89393,19.08854]]}},{"type":"Feature","properties":{"kind":"road","class":"minor"},"geometry":{"type":"LineString","coordinates":[[72.89417,19.08771],[72.8943,19.08862]]}},{"type":"Feature","properties":{"kind":"road","class":"minor"},"geometry":{"type":"LineString","coordinates":[[72.87827,19.05943],[72.87948,19.05984]]}},{"type":"Feature","properties":{"kind":"road","class":"minor"},"geometry":{"type":"LineString","coordinates":[[72.87297,19.05282],[72.873,19.0544]]}},{"type":"Feature","properties":{"kind":"road","class":"minor"},"geometry":{"type":"LineString","coordinates":[[72.8802463,19.0580457],[72.8800151,19.0583481]]}},{"type":"Feature","properties":{"kind":"road","class":"major"},"geometry":{"type":"LineString","coordinates":[[72.85871,19.082],[72.85902,19.08294],[72.85981,19.08385],[72.85971,19.0846]]}},{"type":"Feature","properties":{"kind":"road","class":"major"},"geometry":{"type":"LineString","coordinates":[[72.85967,19.08485],[72.85978,19.08494],[72.85967,19.08485]]}},{"type":"Feature","properties":{"kind":"road","class":"major"},"geometry":{"type":"LineString","coordinates":[[72.8766186,19.0786152],[72.8758056,19.0790026]]}},{"type":"Feature","properties":{"kind":"road","class":"major"},"geometry":{"type":"LineString","coordinates":[[72.87562,19.07914],[72.87038,19.08165]]}},{"type":"Feature","properties":{"kind":"road","class":"minor"},"geometry":{"type":"LineString","coordinates":[[72.85371,19.08252],[72.85481,19.08425]]}},{"type":"Feature","properties":{"kind":"road","class":"minor"},"geometry":{"type":"LineString","coordinates":[[72.87469,19.0781],[72.87562,19.07914]]}},{"type":"Feature","properties":{"kind":"road","class":"minor"},"geometry":{"type":"LineString","coordinates":[[72.85806,19.07716],[72.85789,19.07711],[72.85741,19.07743]]}},{"type":"Feature","properties":{"kind":"water","class":"body"},"geometry":{"type":"Polygon","coordinates":[[[72.94104,19.11239],[72.93936,19.1123],[72.93912,19.11162],[72.9387,19.11141],[72.93874,19.11108],[72.93995,19.11116],[72.93999,19.11194],[72.94021,19.11206],[72.94087,19.11161],[72.94104,19.11239]]]}},{"type":"Feature","properties":{"kind":"road","class":"minor"},"geometry":{"type":"LineString","coordinates":[[72.8685,19.0546],[72.86803,19.05482],[72.8675,19.05464]]}},{"type":"Feature","properties":{"kind":"road","class":"minor"},"geometry":{"type":"LineString","coordinates":[[72.86783,19.05526],[72.86751,19.05503],[72.86768,19.05473]]}},{"type":"Feature","properties":{"kind":"road","class":"minor"},"geometry":{"type":"LineString","coordinates":[[72.87083,19.05902],[72.87044,19.05831]]}},{"type":"Feature","properties":{"kind":"road","class":"minor"},"geometry":{"type":"LineString","coordinates":[[72.87368,19.06303],[72.8748,19.06263]]}},{"type":"Feature","properties":{"kind":"road","class":"minor"},"geometry":{"type":"LineString","coordinates":[[72.8745683,19.0649533],[72.875239,19.0647842]]}},{"type":"Feature","properties":{"kind":"road","class":"minor"},"geometry":{"type":"LineString","coordinates":[[72.873949,19.0653106],[72.8745268,19.0652025]]}},{"type":"Feature","properties":{"kind":"road","class":"minor"},"geometry":{"type":"LineString","coordinates":[[72.87469,19.06557],[72.87614,19.06533],[72.87649,19.06475]]}},{"type":"Feature","properties":{"kind":"road","class":"minor"},"geometry":{"type":"LineString","coordinates":[[72.88087,19.07052],[72.88128,19.0703],[72.88191,19.0708]]}},{"type":"Feature","properties":{"kind":"road","class":"minor"},"geometry":{"type":"LineString","coordinates":[[72.8808743,19.0705231],[72.8805763,19.0700565]]}},{"type":"Feature","properties":{"kind":"road","class":"minor"},"geometry":{"type":"LineString","coordinates":[[72.8870857,19.0674368],[72.886806,19.0667896]]}},{"type":"Feature","properties":{"kind":"road","class":"minor"},"geometry":{"type":"LineString","coordinates":[[72.89086,19.05335],[72.89076,19.05263]]}},{"type":"Feature","properties":{"kind":"road","class":"minor"},"geometry":{"type":"LineString","coordinates":[[72.89829,19.05779],[72.89891,19.05771]]}},{"type":"Feature","properties":{"kind":"road","class":"minor"},"geometry":{"type":"LineString","coordinates":[[72.89725,19.05849],[72.89834,19.05806]]}},{"type":"Feature","properties":{"kind":"road","class":"minor"},"geometry":{"type":"LineString","coordinates":[[72.8975131,19.0579843],[72.8982877,19.0577871]]}},{"type":"Feature","properties":{"kind":"road","class":"minor"},"geometry":{"type":"LineString","coordinates":[[72.8972,19.05768],[72.8982,19.05735]]}},{"type":"Feature","properties":{"kind":"road","class":"minor"},"geometry":{"type":"LineString","coordinates":[[72.8972,19.05733],[72.89814,19.05711]]}},{"type":"Feature","properties":{"kind":"road","class":"minor"},"geometry":{"type":"LineString","coordinates":[[72.8972,19.05733],[72.8969,19.0572],[72.89643,19.05637]]}},{"type":"Feature","properties":{"kind":"road","class":"minor"},"geometry":{"type":"LineString","coordinates":[[72.8954405,19.0576513],[72.895912,19.0575923]]}},{"type":"Feature","properties":{"kind":"road","class":"minor"},"geometry":{"type":"LineString","coordinates":[[72.89725,19.05929],[72.89714,19.05893],[72.89669,19.05889]]}},{"type":"Feature","properties":{"kind":"road","class":"minor"},"geometry":{"type":"LineString","coordinates":[[72.9000521,19.0644179],[72.8997952,19.0639199]]}},{"type":"Feature","properties":{"kind":"road","class":"minor"},"geometry":{"type":"LineString","coordinates":[[72.9007135,19.064141],[72.9002978,19.0632223]]}},{"type":"Feature","properties":{"kind":"road","class":"minor"},"geometry":{"type":"LineString","coordinates":[[72.90096,19.06503],[72.90068,19.06455],[72.90016,19.06464],[72.89981,19.06452]]}},{"type":"Feature","properties":{"kind":"road","class":"minor"},"geometry":{"type":"LineString","coordinates":[[72.89503,19.06371],[72.89388,19.0625]]}},{"type":"Feature","properties":{"kind":"road","class":"minor"},"geometry":{"type":"LineString","coordinates":[[72.89172,19.06514],[72.89056,19.06343]]}},{"type":"Feature","properties":{"kind":"road","class":"minor"},"geometry":{"type":"LineString","coordinates":[[72.88997,19.06258],[72.88964,19.06266],[72.88864,19.06131],[72.88987,19.06044]]}},{"type":"Feature","properties":{"kind":"road","class":"minor"},"geometry":{"type":"LineString","coordinates":[[72.88901,19.06107],[72.88951,19.06126],[72.89065,19.06104]]}},{"type":"Feature","properties":{"kind":"road","class":"minor"},"geometry":{"type":"LineString","coordinates":[[72.88815,19.06052],[72.88878,19.06122]]}},{"type":"Feature","properties":{"kind":"road","class":"minor"},"geometry":{"type":"LineString","coordinates":[[72.88787,19.05987],[72.88732,19.05891]]}},{"type":"Feature","properties":{"kind":"road","class":"minor"},"geometry":{"type":"LineString","coordinates":[[72.88628,19.05982],[72.88596,19.05966],[72.8849,19.06118]]}},{"type":"Feature","properties":{"kind":"road","class":"minor"},"geometry":{"type":"LineString","coordinates":[[72.88474,19.06383],[72.88564,19.06449]]}},{"type":"Feature","properties":{"kind":"road","class":"minor"},"geometry":{"type":"LineString","coordinates":[[72.87809,19.07133],[72.8796,19.07119]]}},{"type":"Feature","properties":{"kind":"road","class":"minor"},"geometry":{"type":"LineString","coordinates":[[72.87916,19.07001],[72.87805,19.07014],[72.87779,19.06988]]}},{"type":"Feature","properties":{"kind":"road","class":"minor"},"geometry":{"type":"LineString","coordinates":[[72.87246,19.07496],[72.8735,19.07299]]}},{"type":"Feature","properties":{"kind":"road","class":"minor"},"geometry":{"type":"LineString","coordinates":[[72.87281,19.07429],[72.87325,19.0745]]}},{"type":"Feature","properties":{"kind":"road","class":"minor"},"geometry":{"type":"LineString","coordinates":[[72.8737097,19.073639],[72.8732665,19.0734341]]}},{"type":"Feature","properties":{"kind":"road","class":"minor"},"geometry":{"type":"LineString","coordinates":[[72.8776,19.0773],[72.87622,19.07731]]}},{"type":"Feature","properties":{"kind":"road","class":"minor"},"geometry":{"type":"LineString","coordinates":[[72.87669,19.07735],[72.87663,19.07656]]}},{"type":"Feature","properties":{"kind":"road","class":"minor"},"geometry":{"type":"LineString","coordinates":[[72.87672,19.07692],[72.87564,19.07698],[72.87476,19.07672],[72.87235,19.07534]]}},{"type":"Feature","properties":{"kind":"road","class":"minor"},"geometry":{"type":"LineString","coordinates":[[72.87824,19.07714],[72.87787,19.07711],[72.87792,19.0767]]}},{"type":"Feature","properties":{"kind":"road","class":"minor"},"geometry":{"type":"LineString","coordinates":[[72.87782,19.0764],[72.87882,19.0767],[72.8781,19.07637],[72.878,19.07649]]}},{"type":"Feature","properties":{"kind":"road","class":"minor"},"geometry":{"type":"LineString","coordinates":[[72.88306,19.08544],[72.88327,19.0851],[72.88326,19.08459]]}},{"type":"Feature","properties":{"kind":"road","class":"minor"},"geometry":{"type":"LineString","coordinates":[[72.88268,19.08462],[72.88349,19.08456]]}},{"type":"Feature","properties":{"kind":"road","class":"minor"},"geometry":{"type":"LineString","coordinates":[[72.87729,19.08543],[72.87524,19.08574],[72.87568,19.08483],[72.8761,19.08487]]}},{"type":"Feature","properties":{"kind":"road","class":"minor"},"geometry":{"type":"LineString","coordinates":[[72.87745,19.08617],[72.87665,19.08625],[72.87659,19.08556]]}},{"type":"Feature","properties":{"kind":"road","class":"minor"},"geometry":{"type":"LineString","coordinates":[[72.88043,19.08139],[72.88275,19.0812]]}},{"type":"Feature","properties":{"kind":"road","class":"minor"},"geometry":{"type":"LineString","coordinates":[[72.88944,19.08475],[72.88911,19.08395],[72.88896,19.08291],[72.88855,19.08285],[72.88851,19.08309]]}},{"type":"Feature","properties":{"kind":"road","class":"minor"},"geometry":{"type":"LineString","coordinates":[[72.88914,19.08366],[72.89018,19.08354]]}},{"type":"Feature","properties":{"kind":"road","class":"minor"},"geometry":{"type":"LineString","coordinates":[[72.88847,19.08479],[72.88838,19.08439],[72.88802,19.08439]]}},{"type":"Feature","properties":{"kind":"road","class":"minor"},"geometry":{"type":"LineString","coordinates":[[72.88708,19.08502],[72.88725,19.08462]]}},{"type":"Feature","properties":{"kind":"road","class":"minor"},"geometry":{"type":"LineString","coordinates":[[72.88725,19.08462],[72.8872,19.08408]]}},{"type":"Feature","properties":{"kind":"road","class":"minor"},"geometry":{"type":"LineString","coordinates":[[72.8872,19.08438],[72.8868,19.08437],[72.88692,19.08463],[72.88725,19.08462]]}},{"type":"Feature","properties":{"kind":"road","class":"minor"},"geometry":{"type":"LineString","coordinates":[[72.87975,19.08776],[72.88125,19.08788]]}},{"type":"Feature","properties":{"kind":"road","class":"minor"},"geometry":{"type":"LineString","coordinates":[[72.88025,19.07854],[72.88157,19.07857]]}},{"type":"Feature","properties":{"kind":"road","class":"minor"},"geometry":{"type":"LineString","coordinates":[[72.88368,19.07635],[72.88381,19.07598],[72.88505,19.07538]]}},{"type":"Feature","properties":{"kind":"road","class":"minor"},"geometry":{"type":"LineString","coordinates":[[72.8866,19.08197],[72.88795,19.08325]]}},{"type":"Feature","properties":{"kind":"road","class":"minor"},"geometry":{"type":"LineString","coordinates":[[72.89765,19.0628],[72.89725,19.063],[72.89696,19.06231]]}},{"type":"Feature","properties":{"kind":"road","class":"minor"},"geometry":{"type":"LineString","coordinates":[[72.89708,19.0626],[72.89767,19.06237]]}},{"type":"Feature","properties":{"kind":"road","class":"minor"},"geometry":{"type":"LineString","coordinates":[[72.89765,19.0628],[72.89738,19.06219]]}},{"type":"Feature","properties":{"kind":"road","class":"minor"},"geometry":{"type":"LineString","coordinates":[[72.89113,19.05861],[72.89122,19.05823],[72.89047,19.05824],[72.89048,19.05861],[72.89031,19.05877]]}},{"type":"Feature","properties":{"kind":"road","class":"minor"},"geometry":{"type":"LineString","coordinates":[[72.8899749,19.0572824],[72.8910656,19.0576246]]}},{"type":"Feature","properties":{"kind":"road","class":"major"},"geometry":{"type":"LineString","coordinates":[[72.88878,19.05404],[72.88898,19.05426],[72.88893,19.05454]]}},{"type":"Feature","properties":{"kind":"road","class":"minor"},"geometry":{"type":"LineString","coordinates":[[72.89999,19.07164],[72.89993,19.07182],[72.89957,19.0719],[72.89901,19.07128]]}},{"type":"Feature","properties":{"kind":"road","class":"minor"},"geometry":{"type":"LineString","coordinates":[[72.89999,19.07164],[72.89943,19.07098]]}},{"type":"Feature","properties":{"kind":"road","class":"minor"},"geometry":{"type":"LineString","coordinates":[[72.88699,19.05732],[72.88979,19.05948]]}},{"type":"Feature","properties":{"kind":"road","class":"minor"},"geometry":{"type":"LineString","coordinates":[[72.8881127,19.0593772],[72.8884069,19.0589313]]}},{"type":"Feature","properties":{"kind":"road","class":"minor"},"geometry":{"type":"LineString","coordinates":[[72.8887051,19.0597095],[72.8889079,19.0593961]]}},{"type":"Feature","properties":{"kind":"road","class":"minor"},"geometry":{"type":"LineString","coordinates":[[72.873,19.0544],[72.87429,19.05506],[72.8747,19.05574],[72.87501,19.05582]]}},{"type":"Feature","properties":{"kind":"road","class":"minor"},"geometry":{"type":"LineString","coordinates":[[72.87317,19.05454],[72.87253,19.0554]]}},{"type":"Feature","properties":{"kind":"road","class":"minor"},"geometry":{"type":"LineString","coordinates":[[72.87299,19.05386],[72.8727,19.05369],[72.87246,19.05318]]}},{"type":"Feature","properties":{"kind":"road","class":"minor"},"geometry":{"type":"LineString","coordinates":[[72.89624,19.06954],[72.89639,19.06991]]}},{"type":"Feature","properties":{"kind":"road","class":"minor"},"geometry":{"type":"LineString","coordinates":[[72.89492,19.067],[72.8959,19.06742],[72.89674,19.06819]]}},{"type":"Feature","properties":{"kind":"road","class":"major"},"geometry":{"type":"LineString","coordinates":[[72.87605,19.10896],[72.87471,19.10583],[72.87457,19.10508]]}},{"type":"Feature","properties":{"kind":"road","class":"minor"},"geometry":{"type":"LineString","coordinates":[[72.88142,19.0711783],[72.8823522,19.071005]]}},{"type":"Feature","properties":{"kind":"road","class":"minor"},"geometry":{"type":"LineString","coordinates":[[72.8730067,19.0739273],[72.8734526,19.0741405]]}},{"type":"Feature","properties":{"kind":"water","class":"body"},"geometry":{"type":"Polygon","coordinates":[[[72.87594,19.10105],[72.87593,19.10083],[72.87303,19.1008],[72.87266,19.10121],[72.87263,19.10244],[72.87284,19.10243],[72.87296,19.10107],[72.87594,19.10105]]]}},{"type":"Feature","properties":{"kind":"road","class":"major"},"geometry":{"type":"LineString","coordinates":[[72.91766,19.11368],[72.91791,19.11073],[72.91703,19.10526],[72.91706,19.10464]]}},{"type":"Feature","properties":{"kind":"road","class":"major"},"geometry":{"type":"LineString","coordinates":[[72.92408,19.10828],[72.92554,19.11087]]}},{"type":"Feature","properties":{"kind":"road","class":"major"},"geometry":{"type":"LineString","coordinates":[[72.92,19.10248],[72.92368,19.10769]]}},{"type":"Feature","properties":{"kind":"road","class":"major"},"geometry":{"type":"LineString","coordinates":[[72.92593,19.11212],[72.92613,19.11491]]}},{"type":"Feature","properties":{"kind":"road","class":"major"},"geometry":{"type":"LineString","coordinates":[[72.92601,19.11753],[72.92536,19.12232],[72.92522,19.12503]]}},{"type":"Feature","properties":{"kind":"road","class":"minor"},"geometry":{"type":"LineString","coordinates":[[72.8962804,19.0819449],[72.8966892,19.0818899]]}},{"type":"Feature","properties":{"kind":"road","class":"major"},"geometry":{"type":"LineString","coordinates":[[72.92541,19.12284],[72.92601,19.11894]]}},{"type":"Feature","properties":{"kind":"road","class":"major"},"geometry":{"type":"LineString","coordinates":[[72.92547,19.11035],[72.92238,19.10557]]}},{"type":"Feature","properties":{"kind":"road","class":"major"},"geometry":{"type":"LineString","coordinates":[[72.92238,19.10557],[72.92017,19.10256]]}},{"type":"Feature","properties":{"kind":"road","class":"major"},"geometry":{"type":"LineString","coordinates":[[72.92716,19.13181],[72.92544,19.12865]]}},{"type":"Feature","properties":{"kind":"road","class":"major"},"geometry":{"type":"LineString","coordinates":[[72.92544,19.12865],[72.9253,19.12711]]}},{"type":"Feature","properties":{"kind":"road","class":"major"},"geometry":{"type":"LineString","coordinates":[[72.9253,19.12711],[72.92532,19.12573]]}},{"type":"Feature","properties":{"kind":"road","class":"major"},"geometry":{"type":"LineString","coordinates":[[72.92531,19.12501],[72.92541,19.12284]]}},{"type":"Feature","properties":{"kind":"road","class":"major"},"geometry":{"type":"LineString","coordinates":[[72.92601,19.11894],[72.92616,19.11753]]}},{"type":"Feature","properties":{"kind":"road","class":"major"},"geometry":{"type":"LineString","coordinates":[[72.92622,19.11646],[72.92618,19.11279],[72.92566,19.11082]]}},{"type":"Feature","properties":{"kind":"road","class":"major"},"geometry":{"type":"LineString","coordinates":[[72.89042,19.0847],[72.89174,19.0848],[72.89636,19.08634],[72.90418,19.0878]]}},{"type":"Feature","properties":{"kind":"road","class":"minor"},"geometry":{"type":"LineString","coordinates":[[72.88087,19.07052],[72.88102,19.07098],[72.88142,19.07118]]}},{"type":"Feature","properties":{"kind":"road","class":"minor"},"geometry":{"type":"LineString","coordinates":[[72.86239,19.07482],[72.86229,19.07354],[72.86211,19.07339]]}},{"type":"Feature","properties":{"kind":"road","class":"major"},"geometry":{"type":"LineString","coordinates":[[72.91585,19.11801],[72.91325,19.11847]]}},{"type":"Feature","properties":{"kind":"road","class":"major"},"geometry":{"type":"LineString","coordinates":[[72.91326,19.11852],[72.91589,19.11811]]}},{"type":"Feature","properties":{"kind":"road","class":"major"},"geometry":{"type":"LineString","coordinates":[[72.91304,19.12224],[72.91268,19.12035]]}},{"type":"Feature","properties":{"kind":"water","class":"body"},"geometry":{"type":"Polygon","coordinates":[[[72.8855,19.06181],[72.88291,19.06717],[72.88329,19.06678],[72.8855,19.06181]]]}},{"type":"Feature","properties":{"kind":"water","class":"body"},"geometry":{"type":"Polygon","coordinates":[[[72.88546,19.06164],[72.88614,19.06213],[72.88616,19.06236],[72.88724,19.06355],[72.88855,19.06607],[72.88707,19.06351],[72.88546,19.06164]]]}},{"type":"Feature","properties":{"kind":"water","class":"body"},"geometry":{"type":"Polygon","coordinates":[[[72.88452,19.06095],[72.88172,19.05901],[72.88023,19.05835],[72.88004,19.05806],[72.88009,19.0584],[72.88197,19.05932],[72.88542,19.06175],[72.88452,19.06095]]]}},{"type":"Feature","properties":{"kind":"water","class":"body"},"geometry":{"type":"Polygon","coordinates":[[[72.87838,19.05135],[72.87799,19.05251],[72.87761,19.0557],[72.87782,19.05618],[72.8786,19.057],[72.88004,19.05806],[72.87997,19.05823],[72.87835,19.05702],[72.87753,19.05614],[72.8774,19.0557],[72.87789,19.05201],[72.87817,19.05128],[72.87838,19.05135]]]}},{"type":"Feature","properties":{"kind":"road","class":"minor"},"geometry":{"type":"LineString","coordinates":[[72.88398,19.08099],[72.88435,19.0819],[72.88469,19.08218],[72.88476,19.0827],[72.88518,19.0829]]}},{"type":"Feature","properties":{"kind":"road","class":"major"},"geometry":{"type":"LineString","coordinates":[[72.86931,19.05316],[72.86983,19.05332]]}},{"type":"Feature","properties":{"kind":"road","class":"major"},"geometry":{"type":"LineString","coordinates":[[72.854142,19.0993089],[72.8540212,19.0988917]]}},{"type":"Feature","properties":{"kind":"road","class":"minor"},"geometry":{"type":"LineString","coordinates":[[72.90031,19.09019],[72.90032,19.08969]]}},{"type":"Feature","properties":{"kind":"road","class":"major"},"geometry":{"type":"LineString","coordinates":[[72.89549,19.0961],[72.89953,19.09365]]}},{"type":"Feature","properties":{"kind":"road","class":"major"},"geometry":{"type":"LineString","coordinates":[[72.89434,19.09683],[72.89549,19.0961]]}},{"type":"Feature","properties":{"kind":"road","class":"minor"},"geometry":{"type":"LineString","coordinates":[[72.8966774,19.0911764],[72.8967401,19.090564]]}},{"type":"Feature","properties":{"kind":"road","class":"minor"},"geometry":{"type":"LineString","coordinates":[[72.88563,19.07878],[72.88715,19.07995],[72.88665,19.08055],[72.88548,19.0796]]}},{"type":"Feature","properties":{"kind":"road","class":"minor"},"geometry":{"type":"LineString","coordinates":[[72.8963,19.08055],[72.89667,19.08007]]}},{"type":"Feature","properties":{"kind":"road","class":"minor"},"geometry":{"type":"LineString","coordinates":[[72.88741,19.07524],[72.89042,19.07752]]}},{"type":"Feature","properties":{"kind":"water","class":"body"},"geometry":{"type":"Polygon","coordinates":[[[72.88855,19.06607],[72.88863,19.06705],[72.88781,19.06784],[72.88744,19.06848],[72.88799,19.06908],[72.8873,19.06952],[72.88663,19.07031],[72.88683,19.0705],[72.8869,19.07013],[72.88738,19.06959],[72.88817,19.06908],[72.88755,19.0685],[72.88872,19.06707],[72.88855,19.06607]]]}},{"type":"Feature","properties":{"kind":"road","class":"minor"},"geometry":{"type":"LineString","coordinates":[[72.88583,19.07332],[72.88608,19.07161],[72.88635,19.07132],[72.88609,19.07111]]}},{"type":"Feature","properties":{"kind":"road","class":"minor"},"geometry":{"type":"LineString","coordinates":[[72.90176,19.06031],[72.90058,19.0607]]}},{"type":"Feature","properties":{"kind":"road","class":"major"},"geometry":{"type":"LineString","coordinates":[[72.88016,19.07429],[72.87962,19.07465]]}},{"type":"Feature","properties":{"kind":"road","class":"major"},"geometry":{"type":"LineString","coordinates":[[72.85297,19.09705],[72.8536,19.09889]]}},{"type":"Feature","properties":{"kind":"road","class":"major"},"geometry":{"type":"LineString","coordinates":[[72.88046,19.08005],[72.88142,19.08126],[72.88258,19.08341]]}},{"type":"Feature","properties":{"kind":"road","class":"minor"},"geometry":{"type":"LineString","coordinates":[[72.88539,19.09353],[72.88367,19.08546]]}},{"type":"Feature","properties":{"kind":"road","class":"major"},"geometry":{"type":"LineString","coordinates":[[72.91884,19.08715],[72.91789,19.08845]]}},{"type":"Feature","properties":{"kind":"road","class":"major"},"geometry":{"type":"LineString","coordinates":[[72.91473,19.09051],[72.91422,19.09093]]}},{"type":"Feature","properties":{"kind":"road","class":"major"},"geometry":{"type":"LineString","coordinates":[[72.91422,19.09093],[72.91195,19.09196]]}},{"type":"Feature","properties":{"kind":"road","class":"major"},"geometry":{"type":"LineString","coordinates":[[72.91793,19.08855],[72.91895,19.08721]]}},{"type":"Feature","properties":{"kind":"road","class":"major"},"geometry":{"type":"LineString","coordinates":[[72.91428,19.09098],[72.91477,19.09058]]}},{"type":"Feature","properties":{"kind":"road","class":"major"},"geometry":{"type":"LineString","coordinates":[[72.91198,19.09206],[72.91428,19.09098]]}},{"type":"Feature","properties":{"kind":"road","class":"major"},"geometry":{"type":"LineString","coordinates":[[72.92073,19.08458],[72.92114,19.0846]]}},{"type":"Feature","properties":{"kind":"water","class":"body"},"geometry":{"type":"Polygon","coordinates":[[[72.91466,19.12933],[72.91435,19.12912],[72.91433,19.12884],[72.91475,19.12897],[72.91466,19.12933]]]}},{"type":"Feature","properties":{"kind":"road","class":"major"},"geometry":{"type":"LineString","coordinates":[[72.90022,19.09341],[72.90107,19.09312],[72.90334,19.09192]]}},{"type":"Feature","properties":{"kind":"road","class":"major"},"geometry":{"type":"LineString","coordinates":[[72.9033395,19.0919186],[72.9037673,19.0917332]]}},{"type":"Feature","properties":{"kind":"road","class":"major"},"geometry":{"type":"LineString","coordinates":[[72.90337,19.09167],[72.90149,19.09262]]}},{"type":"Feature","properties":{"kind":"road","class":"major"},"geometry":{"type":"LineString","coordinates":[[72.9038367,19.0914843],[72.9033691,19.0916749]]}},{"type":"Feature","properties":{"kind":"road","class":"major"},"geometry":{"type":"LineString","coordinates":[[72.90716,19.09113],[72.9052,19.09102],[72.90384,19.09148]]}},{"type":"Feature","properties":{"kind":"road","class":"major"},"geometry":{"type":"LineString","coordinates":[[72.90377,19.09173],[72.9051,19.09124],[72.90673,19.09131],[72.90749,19.0911]]}},{"type":"Feature","properties":{"kind":"road","class":"major"},"geometry":{"type":"LineString","coordinates":[[72.9115,19.09201],[72.91041,19.09269],[72.90959,19.09284],[72.90884,19.09256],[72.90823,19.09196]]}},{"type":"Feature","properties":{"kind":"road","class":"minor"},"geometry":{"type":"LineString","coordinates":[[72.85282,19.09553],[72.85468,19.09457],[72.85595,19.09461],[72.85627,19.09436],[72.85565,19.09331],[72.85546,19.09331],[72.85495,19.09356],[72.85455,19.09445],[72.85277,19.09542]]}},{"type":"Feature","properties":{"kind":"water","class":"body"},"geometry":{"type":"Polygon","coordinates":[[[72.87895,19.09975],[72.87677,19.10056],[72.87676,19.10079],[72.87907,19.09997],[72.87895,19.09975]]]}},{"type":"Feature","properties":{"kind":"water","class":"body"},"geometry":{"type":"Polygon","coordinates":[[[72.87927,19.09965],[72.87882,19.09977],[72.87895,19.09965],[72.87878,19.09876],[72.87901,19.09833],[72.87978,19.0984],[72.88074,19.0979],[72.88062,19.09747],[72.88089,19.09671],[72.8808,19.09635],[72.87989,19.09551],[72.87969,19.09492],[72.87938,19.09469],[72.87891,19.09467],[72.87819,19.09357],[72.87865,19.09127],[72.87913,19.09126],[72.87876,19.09249],[72.87863,19.09341],[72.87876,19.09374],[72.87922,19.09429],[72.87985,19.09462],[72.88063,19.09576],[72.88191,19.0964],[72.88185,19.09653],[72.88112,19.09625],[72.88121,19.09682],[72.88095,19.09798],[72.87994,19.09872],[72.87927,19.0987],[72.87915,19.09918],[72.87927,19.09965]]]}},{"type":"Feature","properties":{"kind":"road","class":"minor"},"geometry":{"type":"LineString","coordinates":[[72.88126,19.07386],[72.88195,19.07736]]}},{"type":"Feature","properties":{"kind":"road","class":"minor"},"geometry":{"type":"LineString","coordinates":[[72.88002,19.07597],[72.88255,19.07621]]}},{"type":"Feature","properties":{"kind":"road","class":"major"},"geometry":{"type":"LineString","coordinates":[[72.88507,19.05482],[72.8824,19.05331]]}},{"type":"Feature","properties":{"kind":"road","class":"minor"},"geometry":{"type":"LineString","coordinates":[[72.88811,19.09025],[72.88927,19.09086]]}},{"type":"Feature","properties":{"kind":"road","class":"minor"},"geometry":{"type":"LineString","coordinates":[[72.88351,19.05622],[72.88256,19.0551],[72.88142,19.05429],[72.8811,19.05376]]}},{"type":"Feature","properties":{"kind":"road","class":"major"},"geometry":{"type":"LineString","coordinates":[[72.878,19.05345],[72.88094,19.05349]]}},{"type":"Feature","properties":{"kind":"road","class":"major"},"geometry":{"type":"LineString","coordinates":[[72.9143,19.0536],[72.91419,19.0518],[72.91443,19.04872]]}},{"type":"Feature","properties":{"kind":"road","class":"major"},"geometry":{"type":"LineString","coordinates":[[72.90069,19.05967],[72.90058,19.05393]]}},{"type":"Feature","properties":{"kind":"road","class":"major"},"geometry":{"type":"LineString","coordinates":[[72.8824,19.05331],[72.88105,19.05282]]}},{"type":"Feature","properties":{"kind":"road","class":"major"},"geometry":{"type":"LineString","coordinates":[[72.88229,19.0536],[72.88466,19.05477]]}},{"type":"Feature","properties":{"kind":"road","class":"major"},"geometry":{"type":"LineString","coordinates":[[72.87346,19.05019],[72.87178,19.04958],[72.87113,19.04961],[72.86616,19.05325],[72.86583,19.05367],[72.86483,19.056],[72.86458,19.05762]]}},{"type":"Feature","properties":{"kind":"road","class":"major"},"geometry":{"type":"LineString","coordinates":[[72.89763,19.06437],[72.90032,19.06617]]}},{"type":"Feature","properties":{"kind":"road","class":"major"},"geometry":{"type":"LineString","coordinates":[[72.90386,19.06864],[72.90528,19.06974]]}},{"type":"Feature","properties":{"kind":"road","class":"major"},"geometry":{"type":"LineString","coordinates":[[72.90423,19.06872],[72.90227,19.06738]]}},{"type":"Feature","properties":{"kind":"road","class":"major"},"geometry":{"type":"LineString","coordinates":[[72.89197,19.06036],[72.89517,19.0626]]}},{"type":"Feature","properties":{"kind":"road","class":"major"},"geometry":{"type":"LineString","coordinates":[[72.8977483,19.0642315],[72.8952743,19.062527]]}},{"type":"Feature","properties":{"kind":"road","class":"major"},"geometry":{"type":"LineString","coordinates":[[72.90227,19.06738],[72.90188,19.0671]]}},{"type":"Feature","properties":{"kind":"road","class":"major"},"geometry":{"type":"LineString","coordinates":[[72.90221,19.06746],[72.90386,19.06864]]}},{"type":"Feature","properties":{"kind":"road","class":"major"},"geometry":{"type":"LineString","coordinates":[[72.91014,19.07289],[72.91274,19.07484],[72.91392,19.07599]]}},{"type":"Feature","properties":{"kind":"road","class":"major"},"geometry":{"type":"LineString","coordinates":[[72.9102429,19.0727734],[72.9097697,19.0724403]]}},{"type":"Feature","properties":{"kind":"road","class":"major"},"geometry":{"type":"LineString","coordinates":[[72.91865,19.08146],[72.91889,19.08176]]}},{"type":"Feature","properties":{"kind":"road","class":"major"},"geometry":{"type":"LineString","coordinates":[[72.91413,19.07599],[72.91225,19.07424],[72.91024,19.07277]]}},{"type":"Feature","properties":{"kind":"road","class":"major"},"geometry":{"type":"LineString","coordinates":[[72.922707,19.0860603],[72.9190055,19.0816852]]}},{"type":"Feature","properties":{"kind":"road","class":"major"},"geometry":{"type":"LineString","coordinates":[[72.92053,19.08389],[72.92062,19.08451]]}},{"type":"Feature","properties":{"kind":"road","class":"major"},"geometry":{"type":"LineString","coordinates":[[72.9313291,19.1062673],[72.9308247,19.1050533]]}},{"type":"Feature","properties":{"kind":"road","class":"major"},"geometry":{"type":"LineString","coordinates":[[72.9335314,19.1119322],[72.9340894,19.1133099]]}},{"type":"Feature","properties":{"kind":"road","class":"major"},"geometry":{"type":"LineString","coordinates":[[72.93284,19.11054],[72.93353,19.11193]]}},{"type":"Feature","properties":{"kind":"road","class":"major"},"geometry":{"type":"LineString","coordinates":[[72.9342195,19.1132799],[72.9336348,19.1119119]]}},{"type":"Feature","properties":{"kind":"road","class":"major"},"geometry":{"type":"LineString","coordinates":[[72.93409,19.11331],[72.93724,19.12097]]}},{"type":"Feature","properties":{"kind":"road","class":"major"},"geometry":{"type":"LineString","coordinates":[[72.93838,19.12335],[72.93422,19.11328]]}},{"type":"Feature","properties":{"kind":"road","class":"major"},"geometry":{"type":"LineString","coordinates":[[72.9372429,19.1209713],[72.9374154,19.1213511]]}},{"type":"Feature","properties":{"kind":"road","class":"major"},"geometry":{"type":"LineString","coordinates":[[72.94547,19.13619],[72.94022,19.12753],[72.93896,19.12476]]}},{"type":"Feature","properties":{"kind":"road","class":"major"},"geometry":{"type":"LineString","coordinates":[[72.93859,19.12401],[72.93661,19.12462],[72.93267,19.12486]]}},{"type":"Feature","properties":{"kind":"road","class":"major"},"geometry":{"type":"LineString","coordinates":[[72.9389641,19.1247551],[72.9383842,19.123352]]}},{"type":"Feature","properties":{"kind":"road","class":"major"},"geometry":{"type":"LineString","coordinates":[[72.93991,19.12728],[72.94539,19.1363]]}},{"type":"Feature","properties":{"kind":"road","class":"major"},"geometry":{"type":"LineString","coordinates":[[72.939607,19.1269038],[72.9399053,19.1272765]]}},{"type":"Feature","properties":{"kind":"road","class":"minor"},"geometry":{"type":"LineString","coordinates":[[72.8971,19.06467],[72.8977,19.06487],[72.89942,19.06592]]}},{"type":"Feature","properties":{"kind":"road","class":"major"},"geometry":{"type":"LineString","coordinates":[[72.90848,19.0612],[72.90976,19.06067]]}},{"type":"Feature","properties":{"kind":"road","class":"minor"},"geometry":{"type":"LineString","coordinates":[[72.89717,19.06445],[72.89885,19.06389],[72.8993,19.06485]]}},{"type":"Feature","properties":{"kind":"road","class":"major"},"geometry":{"type":"LineString","coordinates":[[72.911349,19.0643884],[72.9110644,19.0646506]]}},{"type":"Feature","properties":{"kind":"road","class":"major"},"geometry":{"type":"LineString","coordinates":[[72.91106,19.06465],[72.91049,19.06521],[72.91002,19.06601],[72.90957,19.06833],[72.90928,19.06903],[72.90853,19.06985],[72.90764,19.07027]]}},{"type":"Feature","properties":{"kind":"road","class":"major"},"geometry":{"type":"LineString","coordinates":[[72.9112534,19.0648455],[72.9115437,19.0645751]]}},{"type":"Feature","properties":{"kind":"road","class":"major"},"geometry":{"type":"LineString","coordinates":[[72.91515,19.06312],[72.91974,19.0614],[72.92869,19.05683],[72.93147,19.05637],[72.93239,19.05606],[72.93461,19.05444],[72.93639,19.05199]]}},{"type":"Feature","properties":{"kind":"road","class":"minor"},"geometry":{"type":"LineString","coordinates":[[72.85663,19.07529],[72.85692,19.07653],[72.8576,19.07652],[72.85775,19.07719]]}},{"type":"Feature","properties":{"kind":"road","class":"minor"},"geometry":{"type":"LineString","coordinates":[[72.85607,19.08084],[72.85603,19.08174]]}},{"type":"Feature","properties":{"kind":"road","class":"minor"},"geometry":{"type":"LineString","coordinates":[[72.85876,19.07895],[72.85806,19.07716]]}},{"type":"Feature","properties":{"kind":"road","class":"minor"},"geometry":{"type":"LineString","coordinates":[[72.8573,19.08046],[72.85726,19.08173]]}},{"type":"Feature","properties":{"kind":"road","class":"major"},"geometry":{"type":"LineString","coordinates":[[72.90714,19.05921],[72.90068,19.06209]]}},{"type":"Feature","properties":{"kind":"water","class":"body"},"geometry":{"type":"Polygon","coordinates":[[[72.911,19.06448],[72.91041,19.06475],[72.9099,19.0644],[72.90958,19.0631],[72.90851,19.06204],[72.90768,19.06072],[72.90751,19.05963],[72.90571,19.05691],[72.9049,19.05683],[72.90468,19.05558],[72.90497,19.05672],[72.90582,19.05691],[72.9076,19.05959],[72.90779,19.06073],[72.90978,19.06318],[72.91013,19.06435],[72.91046,19.06452],[72.91101,19.06426],[72.91117,19.06434],[72.911,19.06448]]]}},{"type":"Feature","properties":{"kind":"water","class":"body"},"geometry":{"type":"Polygon","coordinates":[[[72.96155,19.0674],[72.9618,19.06368],[72.95972,19.06612],[72.9588,19.06659],[72.95679,19.06691],[72.95521,19.0667],[72.95422,19.06639],[72.95292,19.06555],[72.94868,19.06099],[72.94709,19.05958],[72.94439,19.05838],[72.94189,19.05828],[72.94007,19.05864],[72.93859,19.05988],[72.93769,19.06098],[72.93629,19.06348],[72.93434,19.06971],[72.93322,19.07137],[72.93283,19.07278],[72.9313,19.07414],[72.92932,19.07542],[72.92805,19.07573],[72.92719,19.07574],[72.92533,19.07543],[72.92472,19.07499],[72.92275,19.07506],[72.92204,19.07441],[72.92072,19.07225],[72.91959,19.06921],[72.91948,19.06812],[72.91847,19.06738],[72.91896,19.06718],[72.91795,19.06689],[72.9179,19.0667],[72.91747,19.06669],[72.91692,19.06639],[72.91231,19.06499],[72.91094,19.06638],[72.91029,19.0677],[72.91016,19.07013],[72.90875,19.07027],[72.90807,19.07092],[72.90822,19.07103],[72.90881,19.07048],[72.9099,19.07049],[72.91034,19.07029],[72.91052,19.06987],[72.91055,19.06779],[72.91107,19.06666],[72.9118,19.06581],[72.91294,19.0655],[72.91631,19.06672],[72.91737,19.06734],[72.91838,19.0676],[72.91889,19.0682],[72.91947,19.06943],[72.92037,19.0728],[72.92099,19.07392],[72.92242,19.07526],[72.92296,19.07549],[72.92667,19.07596],[72.92821,19.07593],[72.92951,19.07561],[72.93104,19.07471],[72.93358,19.07243],[72.93439,19.07143],[72.9359,19.06825],[72.93779,19.06278],[72.93869,19.06158],[72.93969,19.06068],[72.94239,19.05918],[72.94289,19.05908],[72.94359,19.05908],[72.94449,19.05938],[72.94629,19.06038],[72.94689,19.06088],[72.94859,19.06309],[72.95088,19.06536],[72.95397,19.06745],[72.95573,19.06812],[72.95823,19.06846],[72.95927,19.06837],[72.96004,19.06809],[72.96091,19.06748],[72.96155,19.0674]]]}},{"type":"Feature","properties":{"kind":"road","class":"major"},"geometry":{"type":"LineString","coordinates":[[72.90977,19.06061],[72.90835,19.06121]]}},{"type":"Feature","properties":{"kind":"road","class":"major"},"geometry":{"type":"LineString","coordinates":[[72.91657,19.06092],[72.91193,19.06054]]}},{"type":"Feature","properties":{"kind":"water","class":"body"},"geometry":{"type":"Polygon","coordinates":[[[72.88434,19.12949],[72.88413,19.12912],[72.88441,19.12912],[72.88459,19.12951],[72.88434,19.12949]]]}},{"type":"Feature","properties":{"kind":"water","class":"body"},"geometry":{"type":"Polygon","coordinates":[[[72.88413,19.12912],[72.88415,19.12772],[72.88492,19.12723],[72.88627,19.12686],[72.88669,19.12438],[72.8875,19.12256],[72.88816,19.12172],[72.88805,19.12151],[72.88702,19.12109],[72.88635,19.12056],[72.88556,19.11846],[72.88603,19.11596],[72.88689,19.11416],[72.88686,19.1139],[72.88561,19.11266],[72.8851,19.11142],[72.88532,19.11067],[72.88614,19.11026],[72.88686,19.10947],[72.88589,19.10707],[72.88454,19.10626],[72.88472,19.10612],[72.88611,19.10686],[72.88711,19.10935],[72.88701,19.10975],[72.88538,19.11104],[72.88533,19.11163],[72.8855,19.11204],[72.88607,19.11282],[72.88684,19.1132],[72.88732,19.11401],[72.88639,19.11586],[72.8859,19.1186],[72.88618,19.11905],[72.88644,19.12032],[72.88675,19.12079],[72.88852,19.12144],[72.88858,19.12186],[72.88758,19.12272],[72.88679,19.12562],[72.88672,19.12675],[72.88628,19.12721],[72.88528,19.12741],[72.88464,19.12777],[72.8844,19.12845],[72.88441,19.12912],[72.88413,19.12912]]]}},{"type":"Feature","properties":{"kind":"water","class":"body"},"geometry":{"type":"Polygon","coordinates":[[[72.88472,19.10612],[72.88417,19.10578],[72.88388,19.10428],[72.88212,19.10303],[72.88054,19.10256],[72.88022,19.10214],[72.87927,19.09965],[72.87895,19.09975],[72.88026,19.10269],[72.88178,19.10315],[72.8829,19.10375],[72.88355,19.1048],[72.88344,19.10554],[72.88372,19.10557],[72.88377,19.10475],[72.88393,19.10467],[72.884,19.10591],[72.88454,19.10626],[72.88472,19.10612]]]}},{"type":"Feature","properties":{"kind":"water","class":"body"},"geometry":{"type":"Polygon","coordinates":[[[72.88459,19.12951],[72.88598,19.12964],[72.88693,19.13059],[72.88856,19.13094],[72.88895,19.13124],[72.88938,19.13208],[72.89004,19.13277],[72.89056,19.1329],[72.89092,19.13281],[72.89462,19.13014],[72.89601,19.1304],[72.89655,19.13009],[72.89653,19.13048],[72.89704,19.1312],[72.89703,19.13203],[72.89613,19.13341],[72.8959,19.13455],[72.89621,19.13526],[72.89776,19.13522],[72.898,19.1354],[72.89846,19.13769],[72.89797,19.13858],[72.89721,19.13943],[72.89496,19.14104],[72.89445,19.14222],[72.89497,19.1429],[72.89646,19.14318],[72.89706,19.14444],[72.89729,19.1446],[72.8978,19.14461],[72.89833,19.14429],[72.89926,19.14423],[72.89949,19.14452],[72.89698,19.14471],[72.89643,19.14333],[72.89477,19.14298],[72.89425,19.14223],[72.89469,19.14105],[72.89714,19.13925],[72.89827,19.13759],[72.89781,19.13546],[72.89689,19.13557],[72.89613,19.13545],[72.89569,19.13466],[72.8958,19.13355],[72.89672,19.13222],[72.89688,19.13166],[72.89658,19.13084],[72.89462,19.13037],[72.89099,19.13305],[72.8902,19.13313],[72.88912,19.13215],[72.88891,19.13156],[72.8885,19.13118],[72.88672,19.13076],[72.88588,19.12988],[72.88438,19.12995],[72.88434,19.12949],[72.88459,19.12951]]]}},{"type":"Feature","properties":{"kind":"road","class":"minor"},"geometry":{"type":"LineString","coordinates":[[72.88489,19.07709],[72.88537,19.07841]]}},{"type":"Feature","properties":{"kind":"road","class":"major"},"geometry":{"type":"LineString","coordinates":[[72.885374,19.053757],[72.8864309,19.0538202]]}},{"type":"Feature","properties":{"kind":"road","class":"major"},"geometry":{"type":"LineString","coordinates":[[72.86047,19.07447],[72.86062,19.07494]]}},{"type":"Feature","properties":{"kind":"road","class":"major"},"geometry":{"type":"LineString","coordinates":[[72.87103,19.07434],[72.87192,19.07197]]}},{"type":"Feature","properties":{"kind":"road","class":"major"},"geometry":{"type":"LineString","coordinates":[[72.8930107,19.0653521],[72.8917543,19.0656969]]}},{"type":"Feature","properties":{"kind":"road","class":"minor"},"geometry":{"type":"LineString","coordinates":[[72.86662,19.07616],[72.867,19.07634],[72.86716,19.07665]]}},{"type":"Feature","properties":{"kind":"water","class":"body"},"geometry":{"type":"Polygon","coordinates":[[[72.89748,19.11982],[72.89768,19.12007],[72.89818,19.11972],[72.89795,19.11881],[72.89767,19.1189],[72.89748,19.11982]]]}},{"type":"Feature","properties":{"kind":"road","class":"major"},"geometry":{"type":"LineString","coordinates":[[72.87613,19.10305],[72.87223,19.103]]}},{"type":"Feature","properties":{"kind":"road","class":"major"},"geometry":{"type":"LineString","coordinates":[[72.89726,19.13123],[72.89668,19.12983],[72.89588,19.12861],[72.89389,19.12628]]}},{"type":"Feature","properties":{"kind":"road","class":"major"},"geometry":{"type":"LineString","coordinates":[[72.92996,19.13714],[72.92716,19.13181]]}},{"type":"Feature","properties":{"kind":"road","class":"major"},"geometry":{"type":"LineString","coordinates":[[72.92706,19.13186],[72.92897,19.13543]]}},{"type":"Feature","properties":{"kind":"road","class":"major"},"geometry":{"type":"LineString","coordinates":[[72.92467,19.12531],[72.92521,19.12531]]}},{"type":"Feature","properties":{"kind":"road","class":"minor"},"geometry":{"type":"LineString","coordinates":[[72.85458,19.07584],[72.85476,19.07682],[72.85613,19.07749],[72.85604,19.07778],[72.855,19.07732],[72.85503,19.07695]]}},{"type":"Feature","properties":{"kind":"road","class":"minor"},"geometry":{"type":"LineString","coordinates":[[72.865,19.07395],[72.86467,19.07378],[72.86484,19.07319],[72.86521,19.07324],[72.865,19.07395]]}},{"type":"Feature","properties":{"kind":"road","class":"minor"},"geometry":{"type":"LineString","coordinates":[[72.87495,19.06802],[72.87475,19.06807],[72.87475,19.06828],[72.87385,19.06813]]}},{"type":"Feature","properties":{"kind":"road","class":"minor"},"geometry":{"type":"LineString","coordinates":[[72.87812,19.07259],[72.87725,19.07045]]}},{"type":"Feature","properties":{"kind":"road","class":"minor"},"geometry":{"type":"LineString","coordinates":[[72.8811904,19.068493],[72.8815017,19.0690849]]}},{"type":"Feature","properties":{"kind":"road","class":"minor"},"geometry":{"type":"LineString","coordinates":[[72.87752,19.0593],[72.8777,19.05955],[72.87827,19.05943]]}},{"type":"Feature","properties":{"kind":"road","class":"minor"},"geometry":{"type":"LineString","coordinates":[[72.88368,19.07237],[72.88313,19.07239],[72.88308,19.07199]]}},{"type":"Feature","properties":{"kind":"road","class":"minor"},"geometry":{"type":"LineString","coordinates":[[72.87847,19.0595],[72.87838,19.05988],[72.87876,19.06064]]}},{"type":"Feature","properties":{"kind":"road","class":"minor"},"geometry":{"type":"LineString","coordinates":[[72.8916,19.06608],[72.89351,19.06556],[72.89362,19.0654]]}},{"type":"Feature","properties":{"kind":"road","class":"minor"},"geometry":{"type":"LineString","coordinates":[[72.88109,19.05985],[72.88129,19.05945]]}},{"type":"Feature","properties":{"kind":"road","class":"minor"},"geometry":{"type":"LineString","coordinates":[[72.85651,19.0832],[72.85588,19.08319],[72.85577,19.08345],[72.85528,19.08348],[72.85524,19.0839],[72.85495,19.08391]]}},{"type":"Feature","properties":{"kind":"road","class":"minor"},"geometry":{"type":"LineString","coordinates":[[72.9016296,19.0545593],[72.9005052,19.0545188]]}},{"type":"Feature","properties":{"kind":"road","class":"minor"},"geometry":{"type":"LineString","coordinates":[[72.9005079,19.0548287],[72.9011262,19.0548257]]}},{"type":"Feature","properties":{"kind":"road","class":"minor"},"geometry":{"type":"LineString","coordinates":[[72.85495,19.07949],[72.85383,19.07953]]}},{"type":"Feature","properties":{"kind":"road","class":"minor"},"geometry":{"type":"LineString","coordinates":[[72.8607228,19.0739378],[72.8617278,19.0743114]]}},{"type":"Feature","properties":{"kind":"road","class":"minor"},"geometry":{"type":"LineString","coordinates":[[72.8609312,19.0765472],[72.860553,19.0768603]]}},{"type":"Feature","properties":{"kind":"road","class":"minor"},"geometry":{"type":"LineString","coordinates":[[72.86413,19.07317],[72.86445,19.07325],[72.86441,19.07377],[72.86415,19.07377],[72.86418,19.07324]]}},{"type":"Feature","properties":{"kind":"road","class":"minor"},"geometry":{"type":"LineString","coordinates":[[72.86854,19.05293],[72.86878,19.05404],[72.86911,19.05456],[72.86926,19.05451],[72.86918,19.05426],[72.86897,19.05435]]}},{"type":"Feature","properties":{"kind":"road","class":"minor"},"geometry":{"type":"LineString","coordinates":[[72.87328,19.07539],[72.8735,19.07505],[72.87415,19.07471]]}},{"type":"Feature","properties":{"kind":"road","class":"minor"},"geometry":{"type":"LineString","coordinates":[[72.8722,19.05964],[72.87167,19.05994],[72.87082,19.05995]]}},{"type":"Feature","properties":{"kind":"road","class":"minor"},"geometry":{"type":"LineString","coordinates":[[72.87244,19.05754],[72.87219,19.05683],[72.87236,19.05663],[72.87266,19.05682],[72.87253,19.05709]]}},{"type":"Feature","properties":{"kind":"road","class":"minor"},"geometry":{"type":"LineString","coordinates":[[72.88946,19.06654],[72.89063,19.06752],[72.89167,19.067]]}},{"type":"Feature","properties":{"kind":"road","class":"minor"},"geometry":{"type":"LineString","coordinates":[[72.88106,19.06129],[72.8809,19.06072]]}},{"type":"Feature","properties":{"kind":"road","class":"minor"},"geometry":{"type":"LineString","coordinates":[[72.87688,19.06523],[72.87717,19.0651],[72.87718,19.06419]]}},{"type":"Feature","properties":{"kind":"road","class":"minor"},"geometry":{"type":"LineString","coordinates":[[72.87621,19.06446],[72.87656,19.06416],[72.87656,19.06364]]}},{"type":"Feature","properties":{"kind":"road","class":"major"},"geometry":{"type":"LineString","coordinates":[[72.8629,19.10268],[72.86627,19.10294]]}},{"type":"Feature","properties":{"kind":"road","class":"minor"},"geometry":{"type":"LineString","coordinates":[[72.86461,19.07759],[72.86443,19.07803],[72.86378,19.07815],[72.86365,19.07846]]}},{"type":"Feature","properties":{"kind":"road","class":"minor"},"geometry":{"type":"LineString","coordinates":[[72.86472,19.07883],[72.8647,19.08],[72.8645,19.08022]]}},{"type":"Feature","properties":{"kind":"road","class":"minor"},"geometry":{"type":"LineString","coordinates":[[72.86538,19.07879],[72.86672,19.07877]]}},{"type":"Feature","properties":{"kind":"road","class":"minor"},"geometry":{"type":"LineString","coordinates":[[72.86472,19.07883],[72.86538,19.07879],[72.86716,19.07934]]}},{"type":"Feature","properties":{"kind":"road","class":"minor"},"geometry":{"type":"LineString","coordinates":[[72.86186,19.07538],[72.86139,19.07466]]}},{"type":"Feature","properties":{"kind":"road","class":"minor"},"geometry":{"type":"LineString","coordinates":[[72.86033,19.07605],[72.86055,19.07686]]}},{"type":"Feature","properties":{"kind":"road","class":"minor"},"geometry":{"type":"LineString","coordinates":[[72.86544,19.07596],[72.86633,19.07644]]}},{"type":"Feature","properties":{"kind":"road","class":"minor"},"geometry":{"type":"LineString","coordinates":[[72.85997,19.06412],[72.85978,19.06442],[72.86001,19.06455],[72.85979,19.06496]]}},{"type":"Feature","properties":{"kind":"road","class":"minor"},"geometry":{"type":"LineString","coordinates":[[72.90039,19.09482],[72.90212,19.09395]]}},{"type":"Feature","properties":{"kind":"road","class":"minor"},"geometry":{"type":"LineString","coordinates":[[72.88762,19.06204],[72.88699,19.06254]]}},{"type":"Feature","properties":{"kind":"road","class":"minor"},"geometry":{"type":"LineString","coordinates":[[72.88737,19.06175],[72.88683,19.06234]]}},{"type":"Feature","properties":{"kind":"road","class":"major"},"geometry":{"type":"LineString","coordinates":[[72.90794,19.07096],[72.90685,19.07024]]}},{"type":"Feature","properties":{"kind":"road","class":"minor"},"geometry":{"type":"LineString","coordinates":[[72.89971,19.07704],[72.90018,19.07787]]}},{"type":"Feature","properties":{"kind":"road","class":"minor"},"geometry":{"type":"LineString","coordinates":[[72.88613,19.06177],[72.88478,19.06081]]}},{"type":"Feature","properties":{"kind":"road","class":"minor"},"geometry":{"type":"LineString","coordinates":[[72.88979,19.05948],[72.8901,19.05918]]}},{"type":"Feature","properties":{"kind":"road","class":"minor"},"geometry":{"type":"LineString","coordinates":[[72.8899703,19.0625799],[72.8905615,19.0634306]]}},{"type":"Feature","properties":{"kind":"road","class":"minor"},"geometry":{"type":"LineString","coordinates":[[72.8978,19.06197],[72.89839,19.06335]]}},{"type":"Feature","properties":{"kind":"road","class":"minor"},"geometry":{"type":"LineString","coordinates":[[72.89295,19.06125],[72.89664,19.06385]]}},{"type":"Feature","properties":{"kind":"road","class":"minor"},"geometry":{"type":"LineString","coordinates":[[72.89583,19.06272],[72.89214,19.06009]]}},{"type":"Feature","properties":{"kind":"road","class":"major"},"geometry":{"type":"LineString","coordinates":[[72.89289,19.06082],[72.8912,19.0596]]}},{"type":"Feature","properties":{"kind":"road","class":"minor"},"geometry":{"type":"LineString","coordinates":[[72.8937925,19.0954193],[72.8942552,19.0952396]]}},{"type":"Feature","properties":{"kind":"road","class":"minor"},"geometry":{"type":"LineString","coordinates":[[72.8925982,19.0953289],[72.8936753,19.0951919]]}},{"type":"Feature","properties":{"kind":"road","class":"minor"},"geometry":{"type":"LineString","coordinates":[[72.89736,19.05736],[72.89686,19.05809],[72.89591,19.05791]]}},{"type":"Feature","properties":{"kind":"road","class":"minor"},"geometry":{"type":"LineString","coordinates":[[72.9005796,19.0887397],[72.8998996,19.088784]]}},{"type":"Feature","properties":{"kind":"road","class":"major"},"geometry":{"type":"LineString","coordinates":[[72.91947,19.10162],[72.91663,19.09806]]}},{"type":"Feature","properties":{"kind":"road","class":"minor"},"geometry":{"type":"LineString","coordinates":[[72.89472,19.09456],[72.89421,19.09509]]}},{"type":"Feature","properties":{"kind":"road","class":"minor"},"geometry":{"type":"LineString","coordinates":[[72.89973,19.06543],[72.8993,19.06485]]}},{"type":"Feature","properties":{"kind":"road","class":"minor"},"geometry":{"type":"LineString","coordinates":[[72.89828,19.07827],[72.89652,19.07696],[72.89602,19.07631]]}},{"type":"Feature","properties":{"kind":"road","class":"minor"},"geometry":{"type":"LineString","coordinates":[[72.89394,19.09128],[72.8941,19.09104],[72.89392,19.09093]]}},{"type":"Feature","properties":{"kind":"road","class":"minor"},"geometry":{"type":"LineString","coordinates":[[72.89375,19.09118],[72.89392,19.09093],[72.89312,19.09048],[72.89295,19.09075]]}},{"type":"Feature","properties":{"kind":"road","class":"minor"},"geometry":{"type":"LineString","coordinates":[[72.9019,19.09172],[72.90072,19.09157]]}},{"type":"Feature","properties":{"kind":"road","class":"major"},"geometry":{"type":"LineString","coordinates":[[72.9142344,19.0626758],[72.9144439,19.0631032]]}},{"type":"Feature","properties":{"kind":"road","class":"minor"},"geometry":{"type":"LineString","coordinates":[[72.895,19.05547],[72.89604,19.055],[72.89625,19.05506]]}},{"type":"Feature","properties":{"kind":"road","class":"minor"},"geometry":{"type":"LineString","coordinates":[[72.85904,19.06333],[72.85907,19.06303],[72.85765,19.06227]]}},{"type":"Feature","properties":{"kind":"road","class":"minor"},"geometry":{"type":"LineString","coordinates":[[72.88638,19.06196],[72.88691,19.06138]]}},{"type":"Feature","properties":{"kind":"road","class":"minor"},"geometry":{"type":"LineString","coordinates":[[72.89983,19.08209],[72.89967,19.08299],[72.89994,19.08341]]}},{"type":"Feature","properties":{"kind":"road","class":"minor"},"geometry":{"type":"LineString","coordinates":[[72.8790426,19.0658596],[72.8788134,19.0655149]]}},{"type":"Feature","properties":{"kind":"road","class":"major"},"geometry":{"type":"LineString","coordinates":[[72.86036,19.11489],[72.86179,19.11442],[72.86461,19.11292],[72.86687,19.11231]]}},{"type":"Feature","properties":{"kind":"road","class":"major"},"geometry":{"type":"LineString","coordinates":[[72.89692,19.13325],[72.89642,19.13406],[72.89671,19.13528]]}},{"type":"Feature","properties":{"kind":"water","class":"body"},"geometry":{"type":"Polygon","coordinates":[[[72.88221,19.08447],[72.88241,19.08394],[72.88217,19.08363],[72.881,19.08373],[72.88105,19.0842],[72.88221,19.08447]]]}},{"type":"Feature","properties":{"kind":"road","class":"minor"},"geometry":{"type":"LineString","coordinates":[[72.88767,19.07043],[72.88746,19.07065],[72.8871,19.07037],[72.88746,19.0699]]}},{"type":"Feature","properties":{"kind":"road","class":"minor"},"geometry":{"type":"LineString","coordinates":[[72.88351,19.06755],[72.88457,19.06832],[72.88475,19.06814],[72.88527,19.06852],[72.88559,19.06822],[72.8859,19.06823],[72.88708,19.06914],[72.88729,19.06952]]}},{"type":"Feature","properties":{"kind":"road","class":"minor"},"geometry":{"type":"LineString","coordinates":[[72.89313,19.06534],[72.89142,19.06572]]}},{"type":"Feature","properties":{"kind":"road","class":"minor"},"geometry":{"type":"LineString","coordinates":[[72.86879,19.0737],[72.8687,19.07442]]}},{"type":"Feature","properties":{"kind":"road","class":"minor"},"geometry":{"type":"LineString","coordinates":[[72.86833,19.0709],[72.86794,19.07153]]}},{"type":"Feature","properties":{"kind":"road","class":"minor"},"geometry":{"type":"LineString","coordinates":[[72.8524,19.06011],[72.85358,19.05947]]}},{"type":"Feature","properties":{"kind":"road","class":"minor"},"geometry":{"type":"LineString","coordinates":[[72.8717,19.05914],[72.87066,19.05956]]}},{"type":"Feature","properties":{"kind":"road","class":"minor"},"geometry":{"type":"LineString","coordinates":[[72.8610993,19.0767232],[72.8614158,19.077073]]}},{"type":"Feature","properties":{"kind":"road","class":"minor"},"geometry":{"type":"LineString","coordinates":[[72.86181,19.07686],[72.86095,19.07747]]}},{"type":"Feature","properties":{"kind":"road","class":"major"},"geometry":{"type":"LineString","coordinates":[[72.86254,19.0778],[72.8623,19.07748]]}},{"type":"Feature","properties":{"kind":"road","class":"major"},"geometry":{"type":"LineString","coordinates":[[72.86467,19.05763],[72.86493,19.05602],[72.86623,19.0533],[72.87116,19.04969],[72.87175,19.04965],[72.87343,19.05026]]}},{"type":"Feature","properties":{"kind":"road","class":"major"},"geometry":{"type":"LineString","coordinates":[[72.88085,19.08562],[72.88608,19.085]]}},{"type":"Feature","properties":{"kind":"road","class":"major"},"geometry":{"type":"LineString","coordinates":[[72.8972,19.13224],[72.89662,19.13282],[72.89692,19.13325]]}},{"type":"Feature","properties":{"kind":"road","class":"minor"},"geometry":{"type":"LineString","coordinates":[[72.8877,19.0795],[72.88747,19.07985],[72.88866,19.08082]]}},{"type":"Feature","properties":{"kind":"road","class":"minor"},"geometry":{"type":"LineString","coordinates":[[72.8877,19.0795],[72.88908,19.08061]]}},{"type":"Feature","properties":{"kind":"road","class":"minor"},"geometry":{"type":"LineString","coordinates":[[72.88743,19.07928],[72.88775,19.07891]]}},{"type":"Feature","properties":{"kind":"road","class":"minor"},"geometry":{"type":"LineString","coordinates":[[72.86879,19.07222],[72.86955,19.07257],[72.86945,19.07294],[72.86927,19.07289]]}},{"type":"Feature","properties":{"kind":"road","class":"minor"},"geometry":{"type":"LineString","coordinates":[[72.8686408,19.0727083],[72.8685053,19.073227]]}},{"type":"Feature","properties":{"kind":"road","class":"minor"},"geometry":{"type":"LineString","coordinates":[[72.86142,19.07707],[72.86183,19.07765],[72.8622,19.07784]]}},{"type":"Feature","properties":{"kind":"road","class":"major"},"geometry":{"type":"LineString","coordinates":[[72.93627,19.05192],[72.9345,19.05435],[72.93232,19.05595],[72.93144,19.05625],[72.92863,19.05671],[72.91968,19.06128],[72.91554,19.0629]]}},{"type":"Feature","properties":{"kind":"road","class":"major"},"geometry":{"type":"LineString","coordinates":[[72.91668,19.06272],[72.9177,19.06231]]}},{"type":"Feature","properties":{"kind":"water","class":"line"},"geometry":{"type":"LineString","coordinates":[[72.8844184,19.1294716],[72.8842998,19.1291965]]}},{"type":"Feature","properties":{"kind":"water","class":"line"},"geometry":{"type":"LineString","coordinates":[[72.8963,19.13051],[72.89469,19.13023],[72.89145,19.13263],[72.8904,19.133],[72.88986,19.13272],[72.88909,19.13183],[72.88892,19.13133],[72.88851,19.13101],[72.88678,19.13067],[72.88603,19.12977],[72.88479,19.1298],[72.88453,19.12973],[72.88442,19.12947]]}},{"type":"Feature","properties":{"kind":"road","class":"minor"},"geometry":{"type":"LineString","coordinates":[[72.88634,19.05371],[72.88635,19.05309]]}},{"type":"Feature","properties":{"kind":"road","class":"minor"},"geometry":{"type":"LineString","coordinates":[[72.85269,19.08089],[72.85358,19.08232]]}},{"type":"Feature","properties":{"kind":"road","class":"minor"},"geometry":{"type":"LineString","coordinates":[[72.87341,19.06116],[72.87351,19.06203]]}},{"type":"Feature","properties":{"kind":"road","class":"minor"},"geometry":{"type":"LineString","coordinates":[[72.87355,19.0611],[72.87318,19.06127]]}},{"type":"Feature","properties":{"kind":"road","class":"minor"},"geometry":{"type":"LineString","coordinates":[[72.87055,19.05591],[72.87076,19.05622],[72.87109,19.05592],[72.87141,19.05604],[72.87188,19.05517]]}},{"type":"Feature","properties":{"kind":"road","class":"minor"},"geometry":{"type":"LineString","coordinates":[[72.87212,19.05502],[72.87153,19.05633],[72.87181,19.05657],[72.8728,19.05585]]}},{"type":"Feature","properties":{"kind":"road","class":"minor"},"geometry":{"type":"LineString","coordinates":[[72.87024,19.05843],[72.87091,19.05803]]}},{"type":"Feature","properties":{"kind":"road","class":"minor"},"geometry":{"type":"LineString","coordinates":[[72.8545609,19.0620139],[72.8552742,19.0626666]]}},{"type":"Feature","properties":{"kind":"road","class":"minor"},"geometry":{"type":"LineString","coordinates":[[72.9005834,19.0605891],[72.8999519,19.0606095]]}},{"type":"Feature","properties":{"kind":"road","class":"minor"},"geometry":{"type":"LineString","coordinates":[[72.85272,19.0665],[72.85389,19.06508],[72.85527,19.06267]]}},{"type":"Feature","properties":{"kind":"road","class":"minor"},"geometry":{"type":"LineString","coordinates":[[72.90063,19.06509],[72.90119,19.06499]]}},{"type":"Feature","properties":{"kind":"road","class":"minor"},"geometry":{"type":"LineString","coordinates":[[72.87266,19.05362],[72.87218,19.05385],[72.87199,19.05361]]}},{"type":"Feature","properties":{"kind":"road","class":"minor"},"geometry":{"type":"LineString","coordinates":[[72.86698,19.05465],[72.86724,19.05485],[72.8675,19.05464]]}},{"type":"Feature","properties":{"kind":"road","class":"minor"},"geometry":{"type":"LineString","coordinates":[[72.8675,19.05464],[72.86721,19.05441],[72.86698,19.05465]]}},{"type":"Feature","properties":{"kind":"road","class":"minor"},"geometry":{"type":"LineString","coordinates":[[72.89861,19.09463],[72.8987,19.09534]]}},{"type":"Feature","properties":{"kind":"road","class":"minor"},"geometry":{"type":"LineString","coordinates":[[72.89828,19.07827],[72.89891,19.07883],[72.89832,19.0795]]}},{"type":"Feature","properties":{"kind":"road","class":"major"},"geometry":{"type":"LineString","coordinates":[[72.9174,19.08004],[72.91865,19.08146]]}},{"type":"Feature","properties":{"kind":"road","class":"major"},"geometry":{"type":"LineString","coordinates":[[72.91901,19.08169],[72.91875,19.08138]]}},{"type":"Feature","properties":{"kind":"road","class":"major"},"geometry":{"type":"LineString","coordinates":[[72.91713,19.08906],[72.91536,19.09],[72.91473,19.09051]]}},{"type":"Feature","properties":{"kind":"road","class":"major"},"geometry":{"type":"LineString","coordinates":[[72.91477,19.09058],[72.91543,19.09005],[72.91717,19.08912]]}},{"type":"Feature","properties":{"kind":"road","class":"minor"},"geometry":{"type":"LineString","coordinates":[[72.88368,19.05932],[72.88415,19.05959],[72.88379,19.06026]]}},{"type":"Feature","properties":{"kind":"road","class":"minor"},"geometry":{"type":"LineString","coordinates":[[72.88577,19.05585],[72.88655,19.05789]]}},{"type":"Feature","properties":{"kind":"road","class":"minor"},"geometry":{"type":"LineString","coordinates":[[72.8843714,19.056569],[72.8839783,19.0561277]]}},{"type":"Feature","properties":{"kind":"road","class":"minor"},"geometry":{"type":"LineString","coordinates":[[72.89995,19.09403],[72.90014,19.09419],[72.9008,19.09384]]}},{"type":"Feature","properties":{"kind":"road","class":"minor"},"geometry":{"type":"LineString","coordinates":[[72.89269,19.05838],[72.89267,19.05744],[72.89294,19.05693],[72.89357,19.05659],[72.89509,19.05647]]}},{"type":"Feature","properties":{"kind":"road","class":"minor"},"geometry":{"type":"LineString","coordinates":[[72.89319,19.05592],[72.89319,19.0556],[72.89392,19.05562],[72.89397,19.05658]]}},{"type":"Feature","properties":{"kind":"road","class":"minor"},"geometry":{"type":"LineString","coordinates":[[72.87599,19.06739],[72.87656,19.06727]]}},{"type":"Feature","properties":{"kind":"road","class":"minor"},"geometry":{"type":"LineString","coordinates":[[72.87681,19.07274],[72.87697,19.07356],[72.87655,19.07394]]}},{"type":"Feature","properties":{"kind":"road","class":"minor"},"geometry":{"type":"LineString","coordinates":[[72.87787,19.07357],[72.87886,19.07337]]}},{"type":"Feature","properties":{"kind":"road","class":"minor"},"geometry":{"type":"LineString","coordinates":[[72.87992,19.06985],[72.87918,19.07005]]}},{"type":"Feature","properties":{"kind":"road","class":"minor"},"geometry":{"type":"LineString","coordinates":[[72.8818072,19.0687189],[72.8815232,19.0683217]]}},{"type":"Feature","properties":{"kind":"road","class":"minor"},"geometry":{"type":"LineString","coordinates":[[72.89628,19.07183],[72.89585,19.07209]]}},{"type":"Feature","properties":{"kind":"road","class":"minor"},"geometry":{"type":"LineString","coordinates":[[72.89682,19.07414],[72.89645,19.07407],[72.89607,19.07449]]}},{"type":"Feature","properties":{"kind":"road","class":"minor"},"geometry":{"type":"LineString","coordinates":[[72.8795,19.06665],[72.88041,19.07023]]}},{"type":"Feature","properties":{"kind":"road","class":"minor"},"geometry":{"type":"LineString","coordinates":[[72.87662,19.06778],[72.87611,19.06824]]}},{"type":"Feature","properties":{"kind":"road","class":"minor"},"geometry":{"type":"LineString","coordinates":[[72.88374,19.07259],[72.88368,19.07118]]}},{"type":"Feature","properties":{"kind":"road","class":"minor"},"geometry":{"type":"LineString","coordinates":[[72.88414,19.07107],[72.88392,19.07083],[72.88407,19.0707],[72.88432,19.07089]]}},{"type":"Feature","properties":{"kind":"road","class":"minor"},"geometry":{"type":"LineString","coordinates":[[72.88343,19.07011],[72.88314,19.06991],[72.883,19.07009],[72.88324,19.07029]]}},{"type":"Feature","properties":{"kind":"road","class":"minor"},"geometry":{"type":"LineString","coordinates":[[72.88365,19.06988],[72.88301,19.07049]]}},{"type":"Feature","properties":{"kind":"road","class":"minor"},"geometry":{"type":"LineString","coordinates":[[72.88414,19.07107],[72.88442,19.07126],[72.88455,19.0711],[72.88432,19.07089]]}},{"type":"Feature","properties":{"kind":"road","class":"minor"},"geometry":{"type":"LineString","coordinates":[[72.88737,19.06965],[72.88785,19.07022],[72.88767,19.07043],[72.88811,19.07121],[72.88876,19.07117],[72.88911,19.07071]]}},{"type":"Feature","properties":{"kind":"road","class":"minor"},"geometry":{"type":"LineString","coordinates":[[72.88695,19.06986],[72.88527,19.06852]]}},{"type":"Feature","properties":{"kind":"road","class":"major"},"geometry":{"type":"LineString","coordinates":[[72.88494,19.06319],[72.88596,19.06407]]}},{"type":"Feature","properties":{"kind":"road","class":"minor"},"geometry":{"type":"LineString","coordinates":[[72.87692,19.06152],[72.87748,19.06143],[72.87748,19.06123],[72.87842,19.06131]]}},{"type":"Feature","properties":{"kind":"road","class":"minor"},"geometry":{"type":"LineString","coordinates":[[72.88504,19.06154],[72.88413,19.06254]]}},{"type":"Feature","properties":{"kind":"road","class":"minor"},"geometry":{"type":"LineString","coordinates":[[72.8839,19.06161],[72.88427,19.06179],[72.88458,19.06138],[72.8843,19.06115]]}},{"type":"Feature","properties":{"kind":"road","class":"minor"},"geometry":{"type":"LineString","coordinates":[[72.8941,19.06761],[72.89471,19.06772]]}},{"type":"Feature","properties":{"kind":"road","class":"minor"},"geometry":{"type":"LineString","coordinates":[[72.88571,19.07387],[72.88741,19.07524]]}},{"type":"Feature","properties":{"kind":"road","class":"minor"},"geometry":{"type":"LineString","coordinates":[[72.88078,19.06951],[72.88031,19.06963]]}},{"type":"Feature","properties":{"kind":"road","class":"minor"},"geometry":{"type":"LineString","coordinates":[[72.88271,19.06718],[72.88255,19.06676]]}},{"type":"Feature","properties":{"kind":"road","class":"minor"},"geometry":{"type":"LineString","coordinates":[[72.8829512,19.066966],[72.8825525,19.066763]]}},{"type":"Feature","properties":{"kind":"road","class":"minor"},"geometry":{"type":"LineString","coordinates":[[72.88793,19.06766],[72.88719,19.06675],[72.88364,19.06754],[72.88295,19.06736]]}},{"type":"Feature","properties":{"kind":"road","class":"minor"},"geometry":{"type":"LineString","coordinates":[[72.88835,19.06769],[72.88868,19.0673],[72.88905,19.06749],[72.89022,19.06649],[72.8911,19.0662]]}},{"type":"Feature","properties":{"kind":"road","class":"minor"},"geometry":{"type":"LineString","coordinates":[[72.8835112,19.0562191],[72.8835893,19.0566223]]}},{"type":"Feature","properties":{"kind":"road","class":"minor"},"geometry":{"type":"LineString","coordinates":[[72.894,19.06752],[72.89403,19.06768],[72.894,19.06752]]}},{"type":"Feature","properties":{"kind":"road","class":"minor"},"geometry":{"type":"LineString","coordinates":[[72.88324,19.07029],[72.88352,19.07047],[72.88364,19.07033],[72.88343,19.07011]]}},{"type":"Feature","properties":{"kind":"road","class":"minor"},"geometry":{"type":"LineString","coordinates":[[72.89924,19.07734],[72.90218,19.0814],[72.90262,19.08229]]}},{"type":"Feature","properties":{"kind":"road","class":"minor"},"geometry":{"type":"LineString","coordinates":[[72.8888,19.09509],[72.88989,19.09487]]}},{"type":"Feature","properties":{"kind":"road","class":"major"},"geometry":{"type":"LineString","coordinates":[[72.88395,19.10036],[72.88462,19.10163],[72.88666,19.10406]]}},{"type":"Feature","properties":{"kind":"road","class":"minor"},"geometry":{"type":"LineString","coordinates":[[72.88281,19.09288],[72.88354,19.09265],[72.88538,19.09339]]}},{"type":"Feature","properties":{"kind":"road","class":"minor"},"geometry":{"type":"LineString","coordinates":[[72.88296,19.09656],[72.88272,19.09581],[72.88225,19.09556]]}},{"type":"Feature","properties":{"kind":"road","class":"minor"},"geometry":{"type":"LineString","coordinates":[[72.89353,19.08598],[72.89427,19.08654]]}},{"type":"Feature","properties":{"kind":"road","class":"minor"},"geometry":{"type":"LineString","coordinates":[[72.89291,19.0852],[72.89282,19.08555],[72.89307,19.08594]]}},{"type":"Feature","properties":{"kind":"road","class":"minor"},"geometry":{"type":"LineString","coordinates":[[72.8822282,19.0775225],[72.8829774,19.0775351]]}},{"type":"Feature","properties":{"kind":"road","class":"minor"},"geometry":{"type":"LineString","coordinates":[[72.88639,19.07791],[72.88572,19.07737]]}},{"type":"Feature","properties":{"kind":"road","class":"minor"},"geometry":{"type":"LineString","coordinates":[[72.89447,19.08097],[72.89405,19.08199]]}},{"type":"Feature","properties":{"kind":"road","class":"minor"},"geometry":{"type":"LineString","coordinates":[[72.89701,19.09059],[72.89758,19.09097]]}},{"type":"Feature","properties":{"kind":"road","class":"minor"},"geometry":{"type":"LineString","coordinates":[[72.8911871,19.0924374],[72.8919281,19.0922376]]}},{"type":"Feature","properties":{"kind":"road","class":"minor"},"geometry":{"type":"LineString","coordinates":[[72.88016,19.08707],[72.88001,19.08629]]}},{"type":"Feature","properties":{"kind":"road","class":"minor"},"geometry":{"type":"LineString","coordinates":[[72.8900143,19.0933249],[72.8894887,19.0935801]]}},{"type":"Feature","properties":{"kind":"road","class":"minor"},"geometry":{"type":"LineString","coordinates":[[72.89438,19.09093],[72.89424,19.09072],[72.89356,19.09065],[72.893,19.09035]]}},{"type":"Feature","properties":{"kind":"road","class":"minor"},"geometry":{"type":"LineString","coordinates":[[72.89443,19.07843],[72.89516,19.07887],[72.8951,19.0791],[72.89565,19.07935]]}},{"type":"Feature","properties":{"kind":"road","class":"minor"},"geometry":{"type":"LineString","coordinates":[[72.86727,19.07736],[72.86647,19.07748],[72.86648,19.07762],[72.86704,19.07763],[72.86703,19.07743]]}},{"type":"Feature","properties":{"kind":"road","class":"minor"},"geometry":{"type":"LineString","coordinates":[[72.85795,19.07711],[72.85852,19.07654]]}},{"type":"Feature","properties":{"kind":"road","class":"minor"},"geometry":{"type":"LineString","coordinates":[[72.86101,19.0779],[72.86106,19.07816],[72.85988,19.07866],[72.85979,19.07891]]}},{"type":"Feature","properties":{"kind":"road","class":"major"},"geometry":{"type":"LineString","coordinates":[[72.8623,19.07748],[72.86245,19.07781]]}},{"type":"Feature","properties":{"kind":"road","class":"minor"},"geometry":{"type":"LineString","coordinates":[[72.86518,19.07686],[72.86483,19.07684],[72.86461,19.07759]]}},{"type":"Feature","properties":{"kind":"road","class":"minor"},"geometry":{"type":"LineString","coordinates":[[72.87418,19.07938],[72.87428,19.07903]]}},{"type":"Feature","properties":{"kind":"road","class":"minor"},"geometry":{"type":"LineString","coordinates":[[72.87473,19.07955],[72.87445,19.07911]]}},{"type":"Feature","properties":{"kind":"road","class":"minor"},"geometry":{"type":"LineString","coordinates":[[72.8698,19.0782],[72.86945,19.07798]]}},{"type":"Feature","properties":{"kind":"road","class":"minor"},"geometry":{"type":"LineString","coordinates":[[72.86721,19.07926],[72.86671,19.08001]]}},{"type":"Feature","properties":{"kind":"road","class":"major"},"geometry":{"type":"LineString","coordinates":[[72.8802,19.11816],[72.88012,19.12028]]}},{"type":"Feature","properties":{"kind":"road","class":"minor"},"geometry":{"type":"LineString","coordinates":[[72.89956,19.06598],[72.90528,19.06974]]}},{"type":"Feature","properties":{"kind":"road","class":"minor"},"geometry":{"type":"LineString","coordinates":[[72.86002,19.06599],[72.86079,19.06801],[72.86135,19.0717]]}},{"type":"Feature","properties":{"kind":"road","class":"minor"},"geometry":{"type":"LineString","coordinates":[[72.86156,19.07149],[72.86091,19.06795],[72.86019,19.06597]]}},{"type":"Feature","properties":{"kind":"road","class":"minor"},"geometry":{"type":"LineString","coordinates":[[72.86756,19.06576],[72.86936,19.06739],[72.87194,19.06904],[72.87238,19.07029],[72.87217,19.07098]]}},{"type":"Feature","properties":{"kind":"road","class":"major"},"geometry":{"type":"LineString","coordinates":[[72.86499,19.06277],[72.86618,19.06583],[72.86649,19.06617]]}},{"type":"Feature","properties":{"kind":"road","class":"major"},"geometry":{"type":"LineString","coordinates":[[72.86426,19.05898],[72.86285,19.05889]]}},{"type":"Feature","properties":{"kind":"road","class":"minor"},"geometry":{"type":"LineString","coordinates":[[72.89933,19.06842],[72.89931,19.06854],[72.89933,19.06842]]}},{"type":"Feature","properties":{"kind":"road","class":"major"},"geometry":{"type":"LineString","coordinates":[[72.8645833,19.058455],[72.8646716,19.057634]]}},{"type":"Feature","properties":{"kind":"road","class":"major"},"geometry":{"type":"LineString","coordinates":[[72.8645763,19.0576205],[72.8644823,19.058444]]}},{"type":"Feature","properties":{"kind":"road","class":"major"},"geometry":{"type":"LineString","coordinates":[[72.86433,19.06077],[72.86452,19.05927]]}},{"type":"Feature","properties":{"kind":"road","class":"major"},"geometry":{"type":"LineString","coordinates":[[72.86445,19.05874],[72.86414,19.05888],[72.86114,19.05867],[72.86013,19.05929]]}},{"type":"Feature","properties":{"kind":"road","class":"minor"},"geometry":{"type":"LineString","coordinates":[[72.89735,19.05339],[72.89799,19.05391]]}},{"type":"Feature","properties":{"kind":"road","class":"minor"},"geometry":{"type":"LineString","coordinates":[[72.8963498,19.0880311],[72.8968032,19.0880316]]}},{"type":"Feature","properties":{"kind":"road","class":"minor"},"geometry":{"type":"LineString","coordinates":[[72.896405,19.0876817],[72.896815,19.0876597]]}},{"type":"Feature","properties":{"kind":"road","class":"minor"},"geometry":{"type":"LineString","coordinates":[[72.89754,19.08957],[72.89818,19.08999],[72.89913,19.09017]]}},{"type":"Feature","properties":{"kind":"road","class":"minor"},"geometry":{"type":"LineString","coordinates":[[72.88817,19.08131],[72.88903,19.0809],[72.88938,19.0817],[72.88931,19.08208],[72.88858,19.08198],[72.88839,19.08155],[72.8891,19.08117]]}},{"type":"Feature","properties":{"kind":"road","class":"minor"},"geometry":{"type":"LineString","coordinates":[[72.89586,19.06789],[72.89558,19.06821],[72.89542,19.0681],[72.89562,19.06779],[72.89581,19.06789]]}},{"type":"Feature","properties":{"kind":"road","class":"minor"},"geometry":{"type":"LineString","coordinates":[[72.89153,19.0618],[72.88942,19.06239]]}},{"type":"Feature","properties":{"kind":"road","class":"minor"},"geometry":{"type":"LineString","coordinates":[[72.8795,19.06665],[72.87883,19.06788],[72.87879,19.06924],[72.88028,19.07305],[72.88027,19.07377]]}},{"type":"Feature","properties":{"kind":"road","class":"minor"},"geometry":{"type":"LineString","coordinates":[[72.88788,19.05137],[72.88805,19.05384]]}},{"type":"Feature","properties":{"kind":"road","class":"minor"},"geometry":{"type":"LineString","coordinates":[[72.8853,19.0931],[72.88585,19.09304]]}},{"type":"Feature","properties":{"kind":"road","class":"minor"},"geometry":{"type":"LineString","coordinates":[[72.85802,19.08034],[72.85797,19.08058],[72.85895,19.0808]]}},{"type":"Feature","properties":{"kind":"road","class":"minor"},"geometry":{"type":"LineString","coordinates":[[72.89498,19.07089],[72.8933,19.06857]]}},{"type":"Feature","properties":{"kind":"road","class":"minor"},"geometry":{"type":"LineString","coordinates":[[72.85484,19.08021],[72.85577,19.07999],[72.85577,19.07963]]}},{"type":"Feature","properties":{"kind":"road","class":"minor"},"geometry":{"type":"LineString","coordinates":[[72.85421,19.06575],[72.85328,19.06657]]}},{"type":"Feature","properties":{"kind":"road","class":"minor"},"geometry":{"type":"LineString","coordinates":[[72.89344,19.08164],[72.89359,19.08125],[72.89383,19.08131],[72.8937,19.08173]]}},{"type":"Feature","properties":{"kind":"road","class":"minor"},"geometry":{"type":"LineString","coordinates":[[72.89496,19.06428],[72.89355,19.0631],[72.89318,19.06322]]}},{"type":"Feature","properties":{"kind":"water","class":"body"},"geometry":{"type":"Polygon","coordinates":[[[72.87286,19.10298],[72.87283,19.10261],[72.87262,19.10261],[72.87264,19.10298],[72.87286,19.10298]]]}},{"type":"Feature","properties":{"kind":"road","class":"major"},"geometry":{"type":"LineString","coordinates":[[72.88085,19.05313],[72.88094,19.05349]]}},{"type":"Feature","properties":{"kind":"road","class":"major"},"geometry":{"type":"LineString","coordinates":[[72.88094,19.05349],[72.88199,19.05349]]}},{"type":"Feature","properties":{"kind":"road","class":"major"},"geometry":{"type":"LineString","coordinates":[[72.91444,19.0631],[72.91242,19.06369],[72.91135,19.06439]]}},{"type":"Feature","properties":{"kind":"road","class":"major"},"geometry":{"type":"LineString","coordinates":[[72.91154,19.06458],[72.91256,19.0639],[72.91491,19.06316]]}},{"type":"Feature","properties":{"kind":"road","class":"major"},"geometry":{"type":"LineString","coordinates":[[72.93643,19.05163],[72.93458,19.05413],[72.93285,19.05551]]}},{"type":"Feature","properties":{"kind":"road","class":"major"},"geometry":{"type":"LineString","coordinates":[[72.9328518,19.0555085],[72.9322613,19.0558682]]}},{"type":"Feature","properties":{"kind":"road","class":"major"},"geometry":{"type":"LineString","coordinates":[[72.93303,19.05576],[72.93429,19.05486],[72.93518,19.05389]]}},{"type":"Feature","properties":{"kind":"road","class":"major"},"geometry":{"type":"LineString","coordinates":[[72.9324405,19.056123],[72.933031,19.0557632]]}},{"type":"Feature","properties":{"kind":"road","class":"major"},"geometry":{"type":"LineString","coordinates":[[72.93226,19.05587],[72.92989,19.05636]]}},{"type":"Feature","properties":{"kind":"road","class":"major"},"geometry":{"type":"LineString","coordinates":[[72.9298866,19.0563639],[72.9291857,19.0564505]]}},{"type":"Feature","properties":{"kind":"road","class":"major"},"geometry":{"type":"LineString","coordinates":[[72.92994,19.05667],[72.93149,19.05645],[72.93244,19.05612]]}},{"type":"Feature","properties":{"kind":"road","class":"major"},"geometry":{"type":"LineString","coordinates":[[72.929377,19.0567386],[72.9299365,19.0566662]]}},{"type":"Feature","properties":{"kind":"road","class":"major"},"geometry":{"type":"LineString","coordinates":[[72.9155408,19.062901],[72.9151631,19.0629731]]}},{"type":"Feature","properties":{"kind":"road","class":"major"},"geometry":{"type":"LineString","coordinates":[[72.9098,19.06764],[72.90939,19.06909],[72.90884,19.06979],[72.90772,19.0706],[72.90763,19.0711],[72.90784,19.0715],[72.91121,19.07378]]}},{"type":"Feature","properties":{"kind":"road","class":"major"},"geometry":{"type":"LineString","coordinates":[[72.90707,19.07063],[72.90474,19.06884],[72.90255,19.06735],[72.90219,19.06728]]}},{"type":"Feature","properties":{"kind":"road","class":"major"},"geometry":{"type":"LineString","coordinates":[[72.91734,19.07973],[72.91413,19.07599]]}},{"type":"Feature","properties":{"kind":"road","class":"major"},"geometry":{"type":"LineString","coordinates":[[72.91392,19.07599],[72.91722,19.07982]]}},{"type":"Feature","properties":{"kind":"road","class":"major"},"geometry":{"type":"LineString","coordinates":[[72.9171498,19.0795579],[72.9143064,19.0761988]]}},{"type":"Feature","properties":{"kind":"road","class":"major"},"geometry":{"type":"LineString","coordinates":[[72.9142063,19.0762796],[72.9170498,19.0796139]]}},{"type":"Feature","properties":{"kind":"road","class":"major"},"geometry":{"type":"LineString","coordinates":[[72.9139234,19.0759852],[72.9142063,19.0762796]]}},{"type":"Feature","properties":{"kind":"water","class":"line"},"geometry":{"type":"LineString","coordinates":[[72.89359,19.10212],[72.89466,19.10202],[72.89512,19.10215],[72.89515,19.1024],[72.89598,19.10243]]}},{"type":"Feature","properties":{"kind":"road","class":"minor"},"geometry":{"type":"LineString","coordinates":[[72.898679,19.0890285],[72.8980376,19.0892161]]}},{"type":"Feature","properties":{"kind":"road","class":"minor"},"geometry":{"type":"LineString","coordinates":[[72.89732,19.08191],[72.89669,19.08189]]}},{"type":"Feature","properties":{"kind":"road","class":"minor"},"geometry":{"type":"LineString","coordinates":[[72.8847169,19.078428],[72.8845963,19.077854]]}},{"type":"Feature","properties":{"kind":"road","class":"minor"},"geometry":{"type":"LineString","coordinates":[[72.87075,19.07786],[72.87076,19.0776],[72.87047,19.0775],[72.87051,19.07713]]}},{"type":"Feature","properties":{"kind":"road","class":"minor"},"geometry":{"type":"LineString","coordinates":[[72.87322,19.07732],[72.87141,19.07677]]}},{"type":"Feature","properties":{"kind":"road","class":"minor"},"geometry":{"type":"LineString","coordinates":[[72.88608,19.09442],[72.88602,19.09361]]}},{"type":"Feature","properties":{"kind":"road","class":"minor"},"geometry":{"type":"LineString","coordinates":[[72.88783,19.09549],[72.88841,19.09528],[72.88837,19.09509],[72.88852,19.09502]]}},{"type":"Feature","properties":{"kind":"road","class":"minor"},"geometry":{"type":"LineString","coordinates":[[72.88492,19.09135],[72.88552,19.09142]]}},{"type":"Feature","properties":{"kind":"road","class":"minor"},"geometry":{"type":"LineString","coordinates":[[72.88618,19.09074],[72.88481,19.09086]]}},{"type":"Feature","properties":{"kind":"road","class":"minor"},"geometry":{"type":"LineString","coordinates":[[72.88526,19.08893],[72.88441,19.08899]]}},{"type":"Feature","properties":{"kind":"road","class":"minor"},"geometry":{"type":"LineString","coordinates":[[72.85507,19.07917],[72.85606,19.07889]]}},{"type":"Feature","properties":{"kind":"road","class":"minor"},"geometry":{"type":"LineString","coordinates":[[72.87265,19.061],[72.87217,19.06115],[72.87216,19.06129]]}},{"type":"Feature","properties":{"kind":"road","class":"major"},"geometry":{"type":"LineString","coordinates":[[72.92737,19.05758],[72.92938,19.05674]]}},{"type":"Feature","properties":{"kind":"road","class":"major"},"geometry":{"type":"LineString","coordinates":[[72.92402,19.05925],[72.92737,19.05758]]}},{"type":"Feature","properties":{"kind":"road","class":"major"},"geometry":{"type":"LineString","coordinates":[[72.92919,19.05645],[72.92376,19.05908]]}},{"type":"Feature","properties":{"kind":"road","class":"major"},"geometry":{"type":"LineString","coordinates":[[72.90044,19.05473],[72.90046,19.05968]]}},{"type":"Feature","properties":{"kind":"road","class":"major"},"geometry":{"type":"LineString","coordinates":[[72.86775,19.05349],[72.86537,19.05049]]}},{"type":"Feature","properties":{"kind":"road","class":"minor"},"geometry":{"type":"LineString","coordinates":[[72.85287,19.07852],[72.85308,19.07885],[72.85369,19.07912],[72.85378,19.07992]]}},{"type":"Feature","properties":{"kind":"road","class":"major"},"geometry":{"type":"LineString","coordinates":[[72.91261,19.12385],[72.91174,19.12365],[72.90922,19.12381],[72.90868,19.12335],[72.90825,19.12156],[72.90779,19.12092],[72.90524,19.11968]]}},{"type":"Feature","properties":{"kind":"road","class":"major"},"geometry":{"type":"LineString","coordinates":[[72.9193,19.12816],[72.91963,19.12858],[72.9201,19.12883],[72.92078,19.12862],[72.92164,19.12655]]}},{"type":"Feature","properties":{"kind":"road","class":"minor"},"geometry":{"type":"LineString","coordinates":[[72.86016,19.06492],[72.85937,19.06502]]}},{"type":"Feature","properties":{"kind":"road","class":"major"},"geometry":{"type":"LineString","coordinates":[[72.91514,19.06289],[72.91444,19.0631]]}},{"type":"Feature","properties":{"kind":"road","class":"major"},"geometry":{"type":"LineString","coordinates":[[72.86321,19.11803],[72.86363,19.11914],[72.86402,19.12116]]}},{"type":"Feature","properties":{"kind":"road","class":"major"},"geometry":{"type":"LineString","coordinates":[[72.86464,19.12479],[72.86413,19.12341],[72.86402,19.12116]]}},{"type":"Feature","properties":{"kind":"road","class":"minor"},"geometry":{"type":"LineString","coordinates":[[72.88841,19.05642],[72.8889,19.05575]]}},{"type":"Feature","properties":{"kind":"road","class":"minor"},"geometry":{"type":"LineString","coordinates":[[72.88876,19.05663],[72.88925,19.05596]]}},{"type":"Feature","properties":{"kind":"road","class":"major"},"geometry":{"type":"LineString","coordinates":[[72.91304,19.12224],[72.91278,19.12347]]}},{"type":"Feature","properties":{"kind":"road","class":"minor"},"geometry":{"type":"LineString","coordinates":[[72.85709,19.06546],[72.85682,19.06511]]}},{"type":"Feature","properties":{"kind":"road","class":"minor"},"geometry":{"type":"LineString","coordinates":[[72.8971444,19.0589255],[72.896904,19.0580649]]}},{"type":"Feature","properties":{"kind":"road","class":"minor"},"geometry":{"type":"LineString","coordinates":[[72.86705,19.07534],[72.86727,19.07662]]}},{"type":"Feature","properties":{"kind":"road","class":"minor"},"geometry":{"type":"LineString","coordinates":[[72.89661,19.05989],[72.89328,19.06091]]}},{"type":"Feature","properties":{"kind":"road","class":"minor"},"geometry":{"type":"LineString","coordinates":[[72.88663,19.09141],[72.88756,19.09126]]}},{"type":"Feature","properties":{"kind":"road","class":"major"},"geometry":{"type":"LineString","coordinates":[[72.91192,19.06376],[72.91351,19.0617]]}},{"type":"Feature","properties":{"kind":"road","class":"major"},"geometry":{"type":"LineString","coordinates":[[72.91666,19.12517],[72.9193,19.12816]]}},{"type":"Feature","properties":{"kind":"road","class":"minor"},"geometry":{"type":"LineString","coordinates":[[72.90107,19.07041],[72.90091,19.07046],[72.90063,19.06975]]}},{"type":"Feature","properties":{"kind":"road","class":"minor"},"geometry":{"type":"LineString","coordinates":[[72.89754,19.08957],[72.89731,19.08959],[72.89722,19.09014]]}},{"type":"Feature","properties":{"kind":"road","class":"minor"},"geometry":{"type":"LineString","coordinates":[[72.89698,19.08914],[72.89735,19.08956]]}},{"type":"Feature","properties":{"kind":"road","class":"minor"},"geometry":{"type":"LineString","coordinates":[[72.90091,19.07046],[72.90032,19.07071],[72.90016,19.0697],[72.90063,19.06975]]}},{"type":"Feature","properties":{"kind":"road","class":"minor"},"geometry":{"type":"LineString","coordinates":[[72.89325,19.08143],[72.89392,19.07956]]}},{"type":"Feature","properties":{"kind":"road","class":"major"},"geometry":{"type":"LineString","coordinates":[[72.88028,19.13202],[72.88126,19.13274]]}},{"type":"Feature","properties":{"kind":"road","class":"major"},"geometry":{"type":"LineString","coordinates":[[72.8799686,19.1314396],[72.88028,19.1320249]]}},{"type":"Feature","properties":{"kind":"road","class":"major"},"geometry":{"type":"LineString","coordinates":[[72.8803666,19.1320232],[72.8800521,19.1314319]]}},{"type":"Feature","properties":{"kind":"road","class":"major"},"geometry":{"type":"LineString","coordinates":[[72.88126,19.13274],[72.88037,19.13202]]}},{"type":"Feature","properties":{"kind":"road","class":"major"},"geometry":{"type":"LineString","coordinates":[[72.88233,19.13544],[72.88126,19.13274]]}},{"type":"Feature","properties":{"kind":"road","class":"minor"},"geometry":{"type":"LineString","coordinates":[[72.87123,19.06602],[72.87135,19.06593],[72.87122,19.06555],[72.87095,19.06551],[72.86962,19.06211],[72.86987,19.062]]}},{"type":"Feature","properties":{"kind":"road","class":"minor"},"geometry":{"type":"LineString","coordinates":[[72.85582,19.07818],[72.85586,19.07841],[72.8556,19.07843],[72.85555,19.07822]]}},{"type":"Feature","properties":{"kind":"road","class":"major"},"geometry":{"type":"LineString","coordinates":[[72.85872,19.08191],[72.85675,19.08169]]}},{"type":"Feature","properties":{"kind":"road","class":"minor"},"geometry":{"type":"LineString","coordinates":[[72.8849151,19.0851388],[72.8849368,19.0846739]]}},{"type":"Feature","properties":{"kind":"road","class":"major"},"geometry":{"type":"LineString","coordinates":[[72.88505,19.08461],[72.88608,19.085]]}},{"type":"Feature","properties":{"kind":"road","class":"minor"},"geometry":{"type":"LineString","coordinates":[[72.88266,19.09228],[72.88243,19.09232],[72.88237,19.09204]]}},{"type":"Feature","properties":{"kind":"road","class":"major"},"geometry":{"type":"LineString","coordinates":[[72.88849,19.08486],[72.88698,19.08503],[72.88612,19.08495]]}},{"type":"Feature","properties":{"kind":"road","class":"major"},"geometry":{"type":"LineString","coordinates":[[72.88608,19.085],[72.88662,19.08509]]}},{"type":"Feature","properties":{"kind":"road","class":"minor"},"geometry":{"type":"LineString","coordinates":[[72.85789,19.06052],[72.85737,19.06084]]}},{"type":"Feature","properties":{"kind":"road","class":"minor"},"geometry":{"type":"LineString","coordinates":[[72.85589,19.06297],[72.85425,19.0657]]}},{"type":"Feature","properties":{"kind":"road","class":"minor"},"geometry":{"type":"LineString","coordinates":[[72.85783,19.0605],[72.85725,19.06087],[72.85668,19.06174]]}},{"type":"Feature","properties":{"kind":"road","class":"minor"},"geometry":{"type":"LineString","coordinates":[[72.88348,19.06509],[72.88253,19.06468]]}},{"type":"Feature","properties":{"kind":"road","class":"major"},"geometry":{"type":"LineString","coordinates":[[72.87856,19.1084],[72.87843,19.11031]]}},{"type":"Feature","properties":{"kind":"road","class":"major"},"geometry":{"type":"LineString","coordinates":[[72.87855,19.10859],[72.88071,19.10779]]}},{"type":"Feature","properties":{"kind":"road","class":"minor"},"geometry":{"type":"LineString","coordinates":[[72.85512,19.05962],[72.85471,19.06026]]}},{"type":"Feature","properties":{"kind":"road","class":"major"},"geometry":{"type":"LineString","coordinates":[[72.85486,19.07531],[72.85565,19.07546],[72.86047,19.07447]]}},{"type":"Feature","properties":{"kind":"road","class":"major"},"geometry":{"type":"LineString","coordinates":[[72.91099,19.05506],[72.91174,19.05444]]}},{"type":"Feature","properties":{"kind":"road","class":"major"},"geometry":{"type":"LineString","coordinates":[[72.91174,19.05444],[72.91111,19.05486]]}},{"type":"Feature","properties":{"kind":"road","class":"major"},"geometry":{"type":"LineString","coordinates":[[72.9106739,19.0553338],[72.9109925,19.0550566]]}},{"type":"Feature","properties":{"kind":"road","class":"major"},"geometry":{"type":"LineString","coordinates":[[72.91045,19.05549],[72.90951,19.05708],[72.9073,19.05915]]}},{"type":"Feature","properties":{"kind":"road","class":"major"},"geometry":{"type":"LineString","coordinates":[[72.92613,19.11491],[72.92601,19.11753]]}},{"type":"Feature","properties":{"kind":"road","class":"minor"},"geometry":{"type":"LineString","coordinates":[[72.85377,19.06214],[72.85401,19.06172]]}},{"type":"Feature","properties":{"kind":"road","class":"major"},"geometry":{"type":"LineString","coordinates":[[72.90068,19.06209],[72.90076,19.06017]]}},{"type":"Feature","properties":{"kind":"road","class":"minor"},"geometry":{"type":"LineString","coordinates":[[72.89533,19.08007],[72.89266,19.07899],[72.89171,19.07847],[72.89056,19.07754]]}},{"type":"Feature","properties":{"kind":"road","class":"minor"},"geometry":{"type":"LineString","coordinates":[[72.8849495,19.0730429],[72.8845128,19.0725695]]}},{"type":"Feature","properties":{"kind":"road","class":"minor"},"geometry":{"type":"LineString","coordinates":[[72.89613,19.08046],[72.89533,19.08007]]}},{"type":"Feature","properties":{"kind":"road","class":"minor"},"geometry":{"type":"LineString","coordinates":[[72.88565,19.07373],[72.88495,19.07304]]}},{"type":"Feature","properties":{"kind":"road","class":"major"},"geometry":{"type":"LineString","coordinates":[[72.88964,19.05377],[72.89009,19.05314],[72.89074,19.05264]]}},{"type":"Feature","properties":{"kind":"road","class":"major"},"geometry":{"type":"LineString","coordinates":[[72.88336,19.06221],[72.8839,19.06161]]}},{"type":"Feature","properties":{"kind":"road","class":"major"},"geometry":{"type":"LineString","coordinates":[[72.87102,19.13891],[72.87031,19.13676],[72.8701,19.13405]]}},{"type":"Feature","properties":{"kind":"road","class":"major"},"geometry":{"type":"LineString","coordinates":[[72.87745,19.07611],[72.87872,19.07779]]}},{"type":"Feature","properties":{"kind":"road","class":"minor"},"geometry":{"type":"LineString","coordinates":[[72.8925853,19.0796804],[72.8921188,19.0809271]]}},{"type":"Feature","properties":{"kind":"road","class":"minor"},"geometry":{"type":"LineString","coordinates":[[72.86912,19.07193],[72.86803,19.07137]]}},{"type":"Feature","properties":{"kind":"road","class":"major"},"geometry":{"type":"LineString","coordinates":[[72.90805,19.07042],[72.90873,19.07006],[72.90954,19.06917],[72.90986,19.06839],[72.9103,19.06611],[72.91125,19.06485]]}},{"type":"Feature","properties":{"kind":"road","class":"major"},"geometry":{"type":"LineString","coordinates":[[72.8994426,19.065669],[72.8991816,19.0651366]]}},{"type":"Feature","properties":{"kind":"road","class":"major"},"geometry":{"type":"LineString","coordinates":[[72.85891,19.06001],[72.85857,19.06065]]}},{"type":"Feature","properties":{"kind":"road","class":"minor"},"geometry":{"type":"LineString","coordinates":[[72.86724,19.07381],[72.86752,19.07315]]}},{"type":"Feature","properties":{"kind":"road","class":"minor"},"geometry":{"type":"LineString","coordinates":[[72.8678,19.07328],[72.86769,19.07379]]}},{"type":"Feature","properties":{"kind":"road","class":"minor"},"geometry":{"type":"LineString","coordinates":[[72.86769,19.07379],[72.86753,19.07391],[72.86724,19.07381]]}},{"type":"Feature","properties":{"kind":"road","class":"minor"},"geometry":{"type":"LineString","coordinates":[[72.89272,19.06768],[72.8916,19.06608]]}},{"type":"Feature","properties":{"kind":"road","class":"minor"},"geometry":{"type":"LineString","coordinates":[[72.89842,19.08055],[72.89759,19.08007],[72.89746,19.08026],[72.8978,19.08057]]}},{"type":"Feature","properties":{"kind":"road","class":"major"},"geometry":{"type":"LineString","coordinates":[[72.87537,19.07083],[72.87576,19.07355],[72.87617,19.07445]]}},{"type":"Feature","properties":{"kind":"road","class":"minor"},"geometry":{"type":"LineString","coordinates":[[72.85454,19.08381],[72.85434,19.08401],[72.85362,19.08414],[72.85434,19.08415],[72.85434,19.08401]]}},{"type":"Feature","properties":{"kind":"road","class":"minor"},"geometry":{"type":"LineString","coordinates":[[72.85281,19.08397],[72.85301,19.08399],[72.85308,19.08435],[72.85358,19.08418],[72.85355,19.08391],[72.85297,19.08396]]}},{"type":"Feature","properties":{"kind":"road","class":"major"},"geometry":{"type":"LineString","coordinates":[[72.90149,19.09262],[72.89991,19.09333]]}},{"type":"Feature","properties":{"kind":"road","class":"minor"},"geometry":{"type":"LineString","coordinates":[[72.88172,19.06404],[72.8801,19.06235],[72.8799,19.06176],[72.88019,19.06112],[72.88076,19.06079],[72.88146,19.06086],[72.88336,19.06221]]}},{"type":"Feature","properties":{"kind":"road","class":"major"},"geometry":{"type":"LineString","coordinates":[[72.8745743,19.1050769],[72.8745895,19.1035177]]}},{"type":"Feature","properties":{"kind":"road","class":"major"},"geometry":{"type":"LineString","coordinates":[[72.87447,19.10345],[72.87447,19.10511]]}},{"type":"Feature","properties":{"kind":"road","class":"major"},"geometry":{"type":"LineString","coordinates":[[72.87628,19.10324],[72.87664,19.10307],[72.87674,19.1028],[72.87652,19.10089]]}},{"type":"Feature","properties":{"kind":"road","class":"major"},"geometry":{"type":"LineString","coordinates":[[72.85515,19.07537],[72.85933,19.07472]]}},{"type":"Feature","properties":{"kind":"road","class":"major"},"geometry":{"type":"LineString","coordinates":[[72.87288,19.07526],[72.86405,19.07137],[72.86295,19.07108],[72.862,19.07128],[72.8615,19.07165],[72.86063,19.07379],[72.86031,19.0742],[72.85961,19.07458],[72.85534,19.07532],[72.85271,19.07407],[72.85122,19.07387]]}},{"type":"Feature","properties":{"kind":"road","class":"major"},"geometry":{"type":"LineString","coordinates":[[72.86644,19.07251],[72.87284,19.07534]]}},{"type":"Feature","properties":{"kind":"road","class":"major"},"geometry":{"type":"LineString","coordinates":[[72.86975,19.07011],[72.87115,19.07103]]}},{"type":"Feature","properties":{"kind":"road","class":"minor"},"geometry":{"type":"LineString","coordinates":[[72.8791224,19.0741205],[72.8793666,19.0747248]]}},{"type":"Feature","properties":{"kind":"road","class":"minor"},"geometry":{"type":"LineString","coordinates":[[72.88662,19.08509],[72.88715,19.08664]]}},{"type":"Feature","properties":{"kind":"road","class":"minor"},"geometry":{"type":"LineString","coordinates":[[72.88715,19.08664],[72.88668,19.0851]]}},{"type":"Feature","properties":{"kind":"road","class":"minor"},"geometry":{"type":"LineString","coordinates":[[72.88756,19.09126],[72.88764,19.09222]]}},{"type":"Feature","properties":{"kind":"road","class":"minor"},"geometry":{"type":"LineString","coordinates":[[72.88663,19.09167],[72.88687,19.09302]]}},{"type":"Feature","properties":{"kind":"road","class":"minor"},"geometry":{"type":"LineString","coordinates":[[72.8889938,19.0943297],[72.8897861,19.0941453]]}},{"type":"Feature","properties":{"kind":"road","class":"minor"},"geometry":{"type":"LineString","coordinates":[[72.89693,19.07978],[72.89667,19.08007]]}},{"type":"Feature","properties":{"kind":"road","class":"major"},"geometry":{"type":"LineString","coordinates":[[72.87549,19.10318],[72.87628,19.10324]]}},{"type":"Feature","properties":{"kind":"road","class":"major"},"geometry":{"type":"LineString","coordinates":[[72.8754874,19.1031842],[72.8764065,19.1031548]]}},{"type":"Feature","properties":{"kind":"road","class":"major"},"geometry":{"type":"LineString","coordinates":[[72.8718221,19.1031921],[72.8727839,19.103158]]}},{"type":"Feature","properties":{"kind":"road","class":"major"},"geometry":{"type":"LineString","coordinates":[[72.87338,19.10333],[72.87417,19.1033]]}},{"type":"Feature","properties":{"kind":"road","class":"minor"},"geometry":{"type":"LineString","coordinates":[[72.89095,19.06744],[72.89116,19.06762],[72.89175,19.06755]]}},{"type":"Feature","properties":{"kind":"road","class":"major"},"geometry":{"type":"LineString","coordinates":[[72.92317,19.0867],[72.92113,19.08403]]}},{"type":"Feature","properties":{"kind":"road","class":"major"},"geometry":{"type":"LineString","coordinates":[[72.91491,19.06316],[72.91668,19.06272]]}},{"type":"Feature","properties":{"kind":"road","class":"major"},"geometry":{"type":"LineString","coordinates":[[72.90749,19.0911],[72.90782,19.09154]]}},{"type":"Feature","properties":{"kind":"road","class":"major"},"geometry":{"type":"LineString","coordinates":[[72.89799,19.06196],[72.8972,19.06048]]}},{"type":"Feature","properties":{"kind":"road","class":"major"},"geometry":{"type":"LineString","coordinates":[[72.87645,19.10917],[72.87606,19.10932]]}},{"type":"Feature","properties":{"kind":"road","class":"major"},"geometry":{"type":"LineString","coordinates":[[72.8802,19.12015],[72.88026,19.11815]]}},{"type":"Feature","properties":{"kind":"road","class":"major"},"geometry":{"type":"LineString","coordinates":[[72.89236,19.10687],[72.89353,19.10654],[72.89465,19.10556]]}},{"type":"Feature","properties":{"kind":"road","class":"major"},"geometry":{"type":"LineString","coordinates":[[72.89656,19.10374],[72.899,19.10295]]}},{"type":"Feature","properties":{"kind":"road","class":"major"},"geometry":{"type":"LineString","coordinates":[[72.89877,19.102],[72.89899,19.10286],[72.89655,19.10369]]}},{"type":"Feature","properties":{"kind":"road","class":"major"},"geometry":{"type":"LineString","coordinates":[[72.89224,19.10684],[72.89092,19.10689],[72.88893,19.10592],[72.88782,19.1059]]}},{"type":"Feature","properties":{"kind":"road","class":"major"},"geometry":{"type":"LineString","coordinates":[[72.88692,19.10429],[72.88867,19.10319]]}},{"type":"Feature","properties":{"kind":"road","class":"major"},"geometry":{"type":"LineString","coordinates":[[72.88864,19.10294],[72.88684,19.10412]]}},{"type":"Feature","properties":{"kind":"road","class":"minor"},"geometry":{"type":"LineString","coordinates":[[72.88597,19.05871],[72.88456,19.05691],[72.88372,19.05638]]}},{"type":"Feature","properties":{"kind":"road","class":"minor"},"geometry":{"type":"LineString","coordinates":[[72.88482,19.05493],[72.88372,19.05638]]}},{"type":"Feature","properties":{"kind":"road","class":"minor"},"geometry":{"type":"LineString","coordinates":[[72.88376,19.05645],[72.88447,19.05695],[72.88591,19.0588]]}},{"type":"Feature","properties":{"kind":"road","class":"minor"},"geometry":{"type":"LineString","coordinates":[[72.88966,19.05825],[72.89019,19.05656]]}},{"type":"Feature","properties":{"kind":"road","class":"minor"},"geometry":{"type":"LineString","coordinates":[[72.88928,19.05597],[72.89012,19.05649]]}},{"type":"Feature","properties":{"kind":"road","class":"minor"},"geometry":{"type":"LineString","coordinates":[[72.89014,19.05646],[72.88928,19.05597]]}},{"type":"Feature","properties":{"kind":"road","class":"minor"},"geometry":{"type":"LineString","coordinates":[[72.89013,19.05652],[72.88959,19.0582]]}},{"type":"Feature","properties":{"kind":"road","class":"major"},"geometry":{"type":"LineString","coordinates":[[72.89448,19.05371],[72.89409,19.05402]]}},{"type":"Feature","properties":{"kind":"road","class":"minor"},"geometry":{"type":"LineString","coordinates":[[72.89857,19.05512],[72.89842,19.05493],[72.89894,19.05494]]}},{"type":"Feature","properties":{"kind":"road","class":"major"},"geometry":{"type":"LineString","coordinates":[[72.91443,19.04872],[72.91409,19.05187],[72.9143,19.0536]]}},{"type":"Feature","properties":{"kind":"road","class":"major"},"geometry":{"type":"LineString","coordinates":[[72.9089083,19.0721537],[72.9092984,19.0722544]]}},{"type":"Feature","properties":{"kind":"road","class":"major"},"geometry":{"type":"LineString","coordinates":[[72.86952,19.11143],[72.86687,19.11214]]}},{"type":"Feature","properties":{"kind":"road","class":"minor"},"geometry":{"type":"LineString","coordinates":[[72.89842,19.06065],[72.89822,19.0622]]}},{"type":"Feature","properties":{"kind":"road","class":"minor"},"geometry":{"type":"LineString","coordinates":[[72.88275,19.07185],[72.88277,19.07206],[72.88308,19.07199]]}},{"type":"Feature","properties":{"kind":"road","class":"minor"},"geometry":{"type":"LineString","coordinates":[[72.8829286,19.0715544],[72.882956,19.0720138]]}},{"type":"Feature","properties":{"kind":"road","class":"minor"},"geometry":{"type":"LineString","coordinates":[[72.88283,19.07159],[72.88276,19.07191]]}},{"type":"Feature","properties":{"kind":"road","class":"minor"},"geometry":{"type":"LineString","coordinates":[[72.88275,19.07185],[72.88276,19.07161],[72.88309,19.07153],[72.88308,19.07199]]}},{"type":"Feature","properties":{"kind":"road","class":"minor"},"geometry":{"type":"LineString","coordinates":[[72.89338,19.05673],[72.89352,19.05832]]}},{"type":"Feature","properties":{"kind":"road","class":"minor"},"geometry":{"type":"LineString","coordinates":[[72.8909282,19.0548905],[72.8909554,19.0541926]]}},{"type":"Feature","properties":{"kind":"road","class":"minor"},"geometry":{"type":"LineString","coordinates":[[72.89022,19.0564],[72.89119,19.05629]]}},{"type":"Feature","properties":{"kind":"road","class":"minor"},"geometry":{"type":"LineString","coordinates":[[72.89198,19.05588],[72.89281,19.05594]]}},{"type":"Feature","properties":{"kind":"road","class":"minor"},"geometry":{"type":"LineString","coordinates":[[72.8984996,19.0597361],[72.8995596,19.0593098]]}},{"type":"Feature","properties":{"kind":"road","class":"minor"},"geometry":{"type":"LineString","coordinates":[[72.90059,19.06213],[72.89954,19.06262]]}},{"type":"Feature","properties":{"kind":"road","class":"minor"},"geometry":{"type":"LineString","coordinates":[[72.87222,19.07865],[72.87231,19.07787],[72.87201,19.07784]]}},{"type":"Feature","properties":{"kind":"road","class":"minor"},"geometry":{"type":"LineString","coordinates":[[72.88027,19.07377],[72.88016,19.07429]]}},{"type":"Feature","properties":{"kind":"road","class":"minor"},"geometry":{"type":"LineString","coordinates":[[72.86556,19.07425],[72.86386,19.07396]]}},{"type":"Feature","properties":{"kind":"road","class":"minor"},"geometry":{"type":"LineString","coordinates":[[72.86666,19.07277],[72.86598,19.07433]]}},{"type":"Feature","properties":{"kind":"road","class":"minor"},"geometry":{"type":"LineString","coordinates":[[72.89388,19.0625],[72.89344,19.06252],[72.89323,19.06232],[72.89319,19.06192],[72.89343,19.06159]]}},{"type":"Feature","properties":{"kind":"road","class":"minor"},"geometry":{"type":"LineString","coordinates":[[72.86586,19.07521],[72.86548,19.07519],[72.86542,19.07539]]}},{"type":"Feature","properties":{"kind":"road","class":"minor"},"geometry":{"type":"LineString","coordinates":[[72.87384,19.07833],[72.87368,19.07797]]}},{"type":"Feature","properties":{"kind":"road","class":"major"},"geometry":{"type":"LineString","coordinates":[[72.87682,19.10924],[72.87855,19.10859]]}},{"type":"Feature","properties":{"kind":"road","class":"major"},"geometry":{"type":"LineString","coordinates":[[72.8762388,19.1094449],[72.8767609,19.1092563]]}},{"type":"Feature","properties":{"kind":"road","class":"minor"},"geometry":{"type":"LineString","coordinates":[[72.89956,19.06598],[72.89971,19.06551]]}},{"type":"Feature","properties":{"kind":"road","class":"major"},"geometry":{"type":"LineString","coordinates":[[72.85784,19.1151],[72.85936,19.11485]]}},{"type":"Feature","properties":{"kind":"road","class":"minor"},"geometry":{"type":"LineString","coordinates":[[72.8981548,19.0876621],[72.8973833,19.087588]]}},{"type":"Feature","properties":{"kind":"road","class":"major"},"geometry":{"type":"LineString","coordinates":[[72.87606,19.10932],[72.87265,19.11057],[72.86958,19.11141]]}},{"type":"Feature","properties":{"kind":"road","class":"major"},"geometry":{"type":"LineString","coordinates":[[72.85937,19.10711],[72.86186,19.104]]}},{"type":"Feature","properties":{"kind":"road","class":"major"},"geometry":{"type":"LineString","coordinates":[[72.85516,19.10897],[72.85792,19.10833],[72.85937,19.10711]]}},{"type":"Feature","properties":{"kind":"road","class":"major"},"geometry":{"type":"LineString","coordinates":[[72.87423,19.1032],[72.87504,19.10319]]}},{"type":"Feature","properties":{"kind":"road","class":"minor"},"geometry":{"type":"LineString","coordinates":[[72.89503,19.06037],[72.89547,19.06104]]}},{"type":"Feature","properties":{"kind":"road","class":"major"},"geometry":{"type":"LineString","coordinates":[[72.92374,19.08782],[72.92317,19.0867]]}},{"type":"Feature","properties":{"kind":"road","class":"major"},"geometry":{"type":"LineString","coordinates":[[72.91875,19.08138],[72.91752,19.07995]]}},{"type":"Feature","properties":{"kind":"road","class":"major"},"geometry":{"type":"LineString","coordinates":[[72.91163,19.09198],[72.91091,19.09123],[72.90874,19.08981]]}},{"type":"Feature","properties":{"kind":"road","class":"major"},"geometry":{"type":"LineString","coordinates":[[72.90623,19.08826],[72.9078,19.08932]]}},{"type":"Feature","properties":{"kind":"road","class":"major"},"geometry":{"type":"LineString","coordinates":[[72.8861203,19.0849504],[72.8850744,19.0845367]]}},{"type":"Feature","properties":{"kind":"road","class":"major"},"geometry":{"type":"LineString","coordinates":[[72.91821,19.06211],[72.92054,19.0611],[72.92402,19.05925]]}},{"type":"Feature","properties":{"kind":"road","class":"major"},"geometry":{"type":"LineString","coordinates":[[72.91799,19.06186],[72.91757,19.06203]]}},{"type":"Feature","properties":{"kind":"road","class":"minor"},"geometry":{"type":"LineString","coordinates":[[72.88966,19.05799],[72.89029,19.05833]]}},{"type":"Feature","properties":{"kind":"road","class":"major"},"geometry":{"type":"LineString","coordinates":[[72.8547,19.11674],[72.84921,19.12011]]}},{"type":"Feature","properties":{"kind":"road","class":"major"},"geometry":{"type":"LineString","coordinates":[[72.85534,19.11658],[72.85657,19.11589]]}},{"type":"Feature","properties":{"kind":"road","class":"major"},"geometry":{"type":"LineString","coordinates":[[72.91757,19.06203],[72.91514,19.06289]]}},{"type":"Feature","properties":{"kind":"road","class":"minor"},"geometry":{"type":"LineString","coordinates":[[72.85668,19.06174],[72.85589,19.06297]]}},{"type":"Feature","properties":{"kind":"road","class":"major"},"geometry":{"type":"LineString","coordinates":[[72.85449,19.08136],[72.85288,19.08067],[72.85014,19.08011],[72.84721,19.08029]]}},{"type":"Feature","properties":{"kind":"road","class":"minor"},"geometry":{"type":"LineString","coordinates":[[72.89549,19.0659],[72.89517,19.06616]]}},{"type":"Feature","properties":{"kind":"road","class":"major"},"geometry":{"type":"LineString","coordinates":[[72.85735,19.11542],[72.85938,19.11498]]}},{"type":"Feature","properties":{"kind":"road","class":"major"},"geometry":{"type":"LineString","coordinates":[[72.85544,19.11629],[72.85701,19.11536]]}},{"type":"Feature","properties":{"kind":"road","class":"major"},"geometry":{"type":"LineString","coordinates":[[72.85725,19.11529],[72.85784,19.1151]]}},{"type":"Feature","properties":{"kind":"road","class":"major"},"geometry":{"type":"LineString","coordinates":[[72.85657,19.11589],[72.8572,19.11549]]}},{"type":"Feature","properties":{"kind":"road","class":"major"},"geometry":{"type":"LineString","coordinates":[[72.85307,19.10943],[72.85359,19.1093]]}},{"type":"Feature","properties":{"kind":"road","class":"minor"},"geometry":{"type":"LineString","coordinates":[[72.89224,19.06807],[72.89032,19.06787]]}},{"type":"Feature","properties":{"kind":"road","class":"minor"},"geometry":{"type":"LineString","coordinates":[[72.89032,19.06787],[72.89021,19.06808],[72.89035,19.06817]]}},{"type":"Feature","properties":{"kind":"road","class":"minor"},"geometry":{"type":"LineString","coordinates":[[72.85445,19.08143],[72.85371,19.08252]]}},{"type":"Feature","properties":{"kind":"road","class":"major"},"geometry":{"type":"LineString","coordinates":[[72.85445,19.08143],[72.8553,19.08171],[72.85674,19.08179]]}},{"type":"Feature","properties":{"kind":"road","class":"major"},"geometry":{"type":"LineString","coordinates":[[72.85674,19.08179],[72.85871,19.082]]}},{"type":"Feature","properties":{"kind":"road","class":"minor"},"geometry":{"type":"LineString","coordinates":[[72.85672,19.08187],[72.85639,19.0838]]}},{"type":"Feature","properties":{"kind":"road","class":"major"},"geometry":{"type":"LineString","coordinates":[[72.85675,19.08169],[72.85533,19.08163],[72.85449,19.08136]]}},{"type":"Feature","properties":{"kind":"road","class":"minor"},"geometry":{"type":"LineString","coordinates":[[72.85632,19.07806],[72.85657,19.07841],[72.85627,19.07852],[72.85633,19.07865],[72.85676,19.07848],[72.85653,19.07796]]}},{"type":"Feature","properties":{"kind":"road","class":"minor"},"geometry":{"type":"LineString","coordinates":[[72.85765,19.06227],[72.85686,19.06381]]}},{"type":"Feature","properties":{"kind":"road","class":"major"},"geometry":{"type":"LineString","coordinates":[[72.91632,19.11558],[72.91578,19.117],[72.91587,19.11798]]}},{"type":"Feature","properties":{"kind":"road","class":"major"},"geometry":{"type":"LineString","coordinates":[[72.88065,19.1076],[72.87856,19.1084]]}},{"type":"Feature","properties":{"kind":"road","class":"major"},"geometry":{"type":"LineString","coordinates":[[72.8808,19.10775],[72.88321,19.10749],[72.88393,19.10724]]}},{"type":"Feature","properties":{"kind":"road","class":"major"},"geometry":{"type":"LineString","coordinates":[[72.8596,19.06253],[72.86433,19.06077]]}},{"type":"Feature","properties":{"kind":"road","class":"minor"},"geometry":{"type":"LineString","coordinates":[[72.86068,19.06206],[72.86049,19.06122],[72.86066,19.06014],[72.8602,19.05924]]}},{"type":"Feature","properties":{"kind":"road","class":"minor"},"geometry":{"type":"LineString","coordinates":[[72.87467,19.07385],[72.87572,19.07327]]}},{"type":"Feature","properties":{"kind":"road","class":"minor"},"geometry":{"type":"LineString","coordinates":[[72.89113,19.09127],[72.89059,19.08959],[72.89122,19.08942],[72.89158,19.08859]]}},{"type":"Feature","properties":{"kind":"road","class":"minor"},"geometry":{"type":"LineString","coordinates":[[72.89583,19.06272],[72.8978,19.06197]]}},{"type":"Feature","properties":{"kind":"road","class":"minor"},"geometry":{"type":"LineString","coordinates":[[72.8971917,19.0636991],[72.8958332,19.0627241]]}},{"type":"Feature","properties":{"kind":"road","class":"major"},"geometry":{"type":"LineString","coordinates":[[72.89018,19.05909],[72.89188,19.06029]]}},{"type":"Feature","properties":{"kind":"road","class":"major"},"geometry":{"type":"LineString","coordinates":[[72.89199,19.06017],[72.89031,19.05895]]}},{"type":"Feature","properties":{"kind":"road","class":"major"},"geometry":{"type":"LineString","coordinates":[[72.87997,19.1295],[72.87673,19.13013],[72.87551,19.13078],[72.87483,19.13149]]}},{"type":"Feature","properties":{"kind":"road","class":"major"},"geometry":{"type":"LineString","coordinates":[[72.8566,19.12477],[72.8567,19.1238],[72.85642,19.1224]]}},{"type":"Feature","properties":{"kind":"road","class":"minor"},"geometry":{"type":"LineString","coordinates":[[72.90029,19.06862],[72.90133,19.07097],[72.90279,19.07366]]}},{"type":"Feature","properties":{"kind":"road","class":"major"},"geometry":{"type":"LineString","coordinates":[[72.85484,19.05921],[72.85101,19.05576]]}},{"type":"Feature","properties":{"kind":"road","class":"major"},"geometry":{"type":"LineString","coordinates":[[72.87283,19.07102],[72.8723,19.07101]]}},{"type":"Feature","properties":{"kind":"road","class":"minor"},"geometry":{"type":"LineString","coordinates":[[72.89236,19.06796],[72.8911,19.0662]]}},{"type":"Feature","properties":{"kind":"road","class":"minor"},"geometry":{"type":"LineString","coordinates":[[72.88835,19.06769],[72.8882,19.06787],[72.88807,19.06777]]}},{"type":"Feature","properties":{"kind":"road","class":"major"},"geometry":{"type":"LineString","coordinates":[[72.91663,19.09806],[72.91196,19.09241]]}},{"type":"Feature","properties":{"kind":"road","class":"major"},"geometry":{"type":"LineString","coordinates":[[72.91656,19.09814],[72.91936,19.10169]]}},{"type":"Feature","properties":{"kind":"road","class":"major"},"geometry":{"type":"LineString","coordinates":[[72.9236839,19.1076922],[72.9240782,19.1082752]]}},{"type":"Feature","properties":{"kind":"road","class":"major"},"geometry":{"type":"LineString","coordinates":[[72.86109,19.07291],[72.8614,19.07206],[72.86174,19.07164],[72.86225,19.07135],[72.863,19.07122],[72.86349,19.0713],[72.86666,19.07277]]}},{"type":"Feature","properties":{"kind":"road","class":"major"},"geometry":{"type":"LineString","coordinates":[[72.85933,19.07472],[72.85992,19.07455],[72.86054,19.07405],[72.86129,19.07209],[72.86177,19.07152],[72.86226,19.07127],[72.86348,19.07125],[72.86644,19.07251]]}},{"type":"Feature","properties":{"kind":"road","class":"major"},"geometry":{"type":"LineString","coordinates":[[72.86644,19.07251],[72.8679,19.07322]]}},{"type":"Feature","properties":{"kind":"road","class":"major"},"geometry":{"type":"LineString","coordinates":[[72.8749771,19.0762112],[72.8744705,19.0759394]]}},{"type":"Feature","properties":{"kind":"road","class":"major"},"geometry":{"type":"LineString","coordinates":[[72.8743926,19.0760847],[72.8749342,19.0762911]]}},{"type":"Feature","properties":{"kind":"road","class":"major"},"geometry":{"type":"LineString","coordinates":[[72.87447,19.07594],[72.87193,19.07469]]}},{"type":"Feature","properties":{"kind":"road","class":"major"},"geometry":{"type":"LineString","coordinates":[[72.8719295,19.0746908],[72.8714355,19.0744853]]}},{"type":"Feature","properties":{"kind":"road","class":"major"},"geometry":{"type":"LineString","coordinates":[[72.87234,19.07517],[72.87439,19.07608]]}},{"type":"Feature","properties":{"kind":"road","class":"major"},"geometry":{"type":"LineString","coordinates":[[72.8713758,19.0747464],[72.8718127,19.0749315]]}},{"type":"Feature","properties":{"kind":"road","class":"major"},"geometry":{"type":"LineString","coordinates":[[72.88939,19.05409],[72.89457,19.05415]]}},{"type":"Feature","properties":{"kind":"road","class":"minor"},"geometry":{"type":"LineString","coordinates":[[72.88264,19.06553],[72.88315,19.06495]]}},{"type":"Feature","properties":{"kind":"road","class":"major"},"geometry":{"type":"LineString","coordinates":[[72.91121,19.07378],[72.91243,19.07469]]}},{"type":"Feature","properties":{"kind":"water","class":"body"},"geometry":{"type":"Polygon","coordinates":[[[72.90807,19.07092],[72.90768,19.07145],[72.90784,19.07155],[72.90822,19.07103],[72.90807,19.07092]]]}},{"type":"Feature","properties":{"kind":"water","class":"body"},"geometry":{"type":"Polygon","coordinates":[[[72.90768,19.07145],[72.9073,19.07179],[72.90548,19.07154],[72.90271,19.07376],[72.90214,19.0726],[72.90165,19.07283],[72.89997,19.07212],[72.90162,19.0729],[72.90215,19.07273],[72.90269,19.0739],[72.90322,19.07364],[72.90378,19.07293],[72.90453,19.07255],[72.90533,19.07174],[72.90597,19.07165],[72.90732,19.07194],[72.90784,19.07155],[72.90768,19.07145]]]}},{"type":"Feature","properties":{"kind":"water","class":"body"},"geometry":{"type":"Polygon","coordinates":[[[72.91117,19.06434],[72.91157,19.06474],[72.9114,19.06489],[72.911,19.06448],[72.91117,19.06434]]]}},{"type":"Feature","properties":{"kind":"water","class":"body"},"geometry":{"type":"Polygon","coordinates":[[[72.91157,19.06474],[72.91231,19.06499],[72.91209,19.06521],[72.91151,19.06505],[72.9114,19.06489],[72.91157,19.06474]]]}},{"type":"Feature","properties":{"kind":"road","class":"major"},"geometry":{"type":"LineString","coordinates":[[72.91092,19.06492],[72.91013,19.06605],[72.9098,19.06764]]}},{"type":"Feature","properties":{"kind":"road","class":"major"},"geometry":{"type":"LineString","coordinates":[[72.9018815,19.0671048],[72.900388,19.0660853]]}},{"type":"Feature","properties":{"kind":"road","class":"major"},"geometry":{"type":"LineString","coordinates":[[72.9003244,19.0661664],[72.9017974,19.0671718]]}},{"type":"Feature","properties":{"kind":"road","class":"major"},"geometry":{"type":"LineString","coordinates":[[72.9040883,19.0685092],[72.9032037,19.0679091]]}},{"type":"Feature","properties":{"kind":"road","class":"major"},"geometry":{"type":"LineString","coordinates":[[72.9089743,19.0719075],[72.9070676,19.0706303]]}},{"type":"Feature","properties":{"kind":"road","class":"major"},"geometry":{"type":"LineString","coordinates":[[72.9057789,19.0697671],[72.9047061,19.0690643]]}},{"type":"Feature","properties":{"kind":"road","class":"major"},"geometry":{"type":"LineString","coordinates":[[72.91152,19.05614],[72.91203,19.05671]]}},{"type":"Feature","properties":{"kind":"road","class":"major"},"geometry":{"type":"LineString","coordinates":[[72.91208,19.05668],[72.91119,19.05516]]}},{"type":"Feature","properties":{"kind":"road","class":"minor"},"geometry":{"type":"LineString","coordinates":[[72.8537,19.07846],[72.85411,19.07843]]}},{"type":"Feature","properties":{"kind":"road","class":"minor"},"geometry":{"type":"LineString","coordinates":[[72.86879,19.07222],[72.86864,19.07271],[72.86927,19.07289]]}},{"type":"Feature","properties":{"kind":"road","class":"major"},"geometry":{"type":"LineString","coordinates":[[72.88402,19.10027],[72.88361,19.09931],[72.88358,19.09686]]}},{"type":"Feature","properties":{"kind":"road","class":"major"},"geometry":{"type":"LineString","coordinates":[[72.86487,19.12508],[72.86652,19.1255],[72.8673,19.12712]]}},{"type":"Feature","properties":{"kind":"road","class":"major"},"geometry":{"type":"LineString","coordinates":[[72.86723,19.12686],[72.86662,19.12549],[72.8649,19.12499]]}},{"type":"Feature","properties":{"kind":"road","class":"major"},"geometry":{"type":"LineString","coordinates":[[72.87973,19.1147],[72.88003,19.11693]]}},{"type":"Feature","properties":{"kind":"road","class":"major"},"geometry":{"type":"LineString","coordinates":[[72.87956,19.11351],[72.87973,19.1147]]}},{"type":"Feature","properties":{"kind":"road","class":"major"},"geometry":{"type":"LineString","coordinates":[[72.87892,19.11178],[72.87852,19.11021],[72.87865,19.10837]]}},{"type":"Feature","properties":{"kind":"road","class":"major"},"geometry":{"type":"LineString","coordinates":[[72.899,19.10295],[72.89911,19.10279],[72.89877,19.102]]}},{"type":"Feature","properties":{"kind":"road","class":"major"},"geometry":{"type":"LineString","coordinates":[[72.88488,19.06304],[72.8835,19.06194]]}},{"type":"Feature","properties":{"kind":"road","class":"major"},"geometry":{"type":"LineString","coordinates":[[72.88602,19.06399],[72.88515,19.06326]]}},{"type":"Feature","properties":{"kind":"road","class":"minor"},"geometry":{"type":"LineString","coordinates":[[72.8556606,19.0843252],[72.8563629,19.0843426]]}},{"type":"Feature","properties":{"kind":"road","class":"minor"},"geometry":{"type":"LineString","coordinates":[[72.8901,19.05918],[72.89295,19.06125]]}},{"type":"Feature","properties":{"kind":"road","class":"minor"},"geometry":{"type":"LineString","coordinates":[[72.86245,19.07534],[72.86202,19.07587]]}},{"type":"Feature","properties":{"kind":"road","class":"minor"},"geometry":{"type":"LineString","coordinates":[[72.8624182,19.0764258],[72.86202,19.0758667]]}},{"type":"Feature","properties":{"kind":"road","class":"major"},"geometry":{"type":"LineString","coordinates":[[72.8582327,19.1121193],[72.8586638,19.111978]]}},{"type":"Feature","properties":{"kind":"road","class":"minor"},"geometry":{"type":"LineString","coordinates":[[72.883078,19.0719917],[72.8836824,19.0719345]]}},{"type":"Feature","properties":{"kind":"road","class":"minor"},"geometry":{"type":"LineString","coordinates":[[72.89943,19.07098],[72.89978,19.07032],[72.89941,19.06987]]}},{"type":"Feature","properties":{"kind":"road","class":"minor"},"geometry":{"type":"LineString","coordinates":[[72.8994251,19.0709773],[72.8989883,19.0704553]]}},{"type":"Feature","properties":{"kind":"road","class":"minor"},"geometry":{"type":"LineString","coordinates":[[72.89791,19.09364],[72.89789,19.093]]}},{"type":"Feature","properties":{"kind":"road","class":"minor"},"geometry":{"type":"LineString","coordinates":[[72.88792,19.10003],[72.88789,19.09615],[72.88723,19.09377]]}},{"type":"Feature","properties":{"kind":"road","class":"major"},"geometry":{"type":"LineString","coordinates":[[72.88674,19.10417],[72.88487,19.10617]]}},{"type":"Feature","properties":{"kind":"road","class":"major"},"geometry":{"type":"LineString","coordinates":[[72.88684,19.10412],[72.88474,19.10164],[72.88405,19.10032]]}},{"type":"Feature","properties":{"kind":"road","class":"minor"},"geometry":{"type":"LineString","coordinates":[[72.86876,19.07173],[72.86902,19.07133]]}},{"type":"Feature","properties":{"kind":"road","class":"minor"},"geometry":{"type":"LineString","coordinates":[[72.88974,19.10439],[72.89287,19.10025],[72.89395,19.09828],[72.89858,19.09449]]}},{"type":"Feature","properties":{"kind":"road","class":"minor"},"geometry":{"type":"LineString","coordinates":[[72.89368,19.09519],[72.89392,19.09502],[72.89426,19.09524]]}},{"type":"Feature","properties":{"kind":"road","class":"major"},"geometry":{"type":"LineString","coordinates":[[72.87157,19.12315],[72.87074,19.12201],[72.87041,19.11914],[72.87015,19.1186],[72.86945,19.11812],[72.86849,19.11786],[72.86753,19.11785]]}},{"type":"Feature","properties":{"kind":"road","class":"major"},"geometry":{"type":"LineString","coordinates":[[72.86849,19.118],[72.86968,19.11836],[72.87017,19.11883],[72.87066,19.12212],[72.87147,19.12322]]}},{"type":"Feature","properties":{"kind":"road","class":"major"},"geometry":{"type":"LineString","coordinates":[[72.86676,19.11217],[72.86444,19.11284],[72.86159,19.11433],[72.8602,19.11476]]}},{"type":"Feature","properties":{"kind":"road","class":"major"},"geometry":{"type":"LineString","coordinates":[[72.88012,19.12028],[72.8799,19.12428]]}},{"type":"Feature","properties":{"kind":"road","class":"minor"},"geometry":{"type":"LineString","coordinates":[[72.88031,19.07945],[72.88204,19.07949]]}},{"type":"Feature","properties":{"kind":"road","class":"minor"},"geometry":{"type":"LineString","coordinates":[[72.86391,19.07855],[72.86357,19.08014]]}},{"type":"Feature","properties":{"kind":"road","class":"minor"},"geometry":{"type":"LineString","coordinates":[[72.8647,19.07981],[72.86418,19.08]]}},{"type":"Feature","properties":{"kind":"road","class":"minor"},"geometry":{"type":"LineString","coordinates":[[72.8682,19.07896],[72.86797,19.07902],[72.86805,19.07921],[72.86814,19.07898]]}},{"type":"Feature","properties":{"kind":"road","class":"minor"},"geometry":{"type":"LineString","coordinates":[[72.86254,19.0778],[72.86378,19.07748],[72.86517,19.0777],[72.86615,19.07808],[72.86679,19.07886]]}},{"type":"Feature","properties":{"kind":"road","class":"minor"},"geometry":{"type":"LineString","coordinates":[[72.874655,19.0660476],[72.8740555,19.0660339]]}},{"type":"Feature","properties":{"kind":"road","class":"minor"},"geometry":{"type":"LineString","coordinates":[[72.87431,19.06432],[72.875,19.06391]]}},{"type":"Feature","properties":{"kind":"road","class":"minor"},"geometry":{"type":"LineString","coordinates":[[72.8763,19.06456],[72.876,19.06485],[72.87604,19.06511]]}},{"type":"Feature","properties":{"kind":"road","class":"minor"},"geometry":{"type":"LineString","coordinates":[[72.87904,19.06586],[72.8792,19.06579],[72.87978,19.06619]]}},{"type":"Feature","properties":{"kind":"road","class":"minor"},"geometry":{"type":"LineString","coordinates":[[72.88763,19.06359],[72.88786,19.06392]]}},{"type":"Feature","properties":{"kind":"road","class":"minor"},"geometry":{"type":"LineString","coordinates":[[72.88948,19.06457],[72.88848,19.06485]]}},{"type":"Feature","properties":{"kind":"road","class":"minor"},"geometry":{"type":"LineString","coordinates":[[72.89195,19.06198],[72.89289,19.06272],[72.89277,19.06291]]}},{"type":"Feature","properties":{"kind":"road","class":"minor"},"geometry":{"type":"LineString","coordinates":[[72.8863847,19.0614787],[72.8866457,19.0611652]]}},{"type":"Feature","properties":{"kind":"road","class":"minor"},"geometry":{"type":"LineString","coordinates":[[72.88623,19.06084],[72.88671,19.06028]]}},{"type":"Feature","properties":{"kind":"road","class":"minor"},"geometry":{"type":"LineString","coordinates":[[72.88348,19.06329],[72.8838,19.0629]]}},{"type":"Feature","properties":{"kind":"road","class":"minor"},"geometry":{"type":"LineString","coordinates":[[72.85495,19.07949],[72.85493,19.07991],[72.85556,19.07973],[72.85554,19.07958],[72.85495,19.07962]]}},{"type":"Feature","properties":{"kind":"road","class":"minor"},"geometry":{"type":"LineString","coordinates":[[72.8884,19.08904],[72.88901,19.08883],[72.8899,19.08913]]}},{"type":"Feature","properties":{"kind":"road","class":"minor"},"geometry":{"type":"LineString","coordinates":[[72.85696,19.07986],[72.85683,19.07926]]}},{"type":"Feature","properties":{"kind":"road","class":"major"},"geometry":{"type":"LineString","coordinates":[[72.91351,19.0617],[72.91388,19.06113],[72.91392,19.06071]]}},{"type":"Feature","properties":{"kind":"road","class":"major"},"geometry":{"type":"LineString","coordinates":[[72.91386,19.06078],[72.91345,19.06166]]}},{"type":"Feature","properties":{"kind":"road","class":"minor"},"geometry":{"type":"LineString","coordinates":[[72.85514,19.07783],[72.85524,19.07762],[72.85494,19.0775],[72.85488,19.07771],[72.85522,19.07794]]}},{"type":"Feature","properties":{"kind":"road","class":"minor"},"geometry":{"type":"LineString","coordinates":[[72.85368,19.07786],[72.85429,19.07775]]}},{"type":"Feature","properties":{"kind":"road","class":"major"},"geometry":{"type":"LineString","coordinates":[[72.89726,19.13123],[72.8972,19.13224]]}},{"type":"Feature","properties":{"kind":"road","class":"major"},"geometry":{"type":"LineString","coordinates":[[72.89692,19.13325],[72.8972,19.13224]]}},{"type":"Feature","properties":{"kind":"road","class":"minor"},"geometry":{"type":"LineString","coordinates":[[72.89504,19.0665],[72.89398,19.06643]]}},{"type":"Feature","properties":{"kind":"road","class":"minor"},"geometry":{"type":"LineString","coordinates":[[72.89398,19.0659],[72.89398,19.06643]]}},{"type":"Feature","properties":{"kind":"road","class":"minor"},"geometry":{"type":"LineString","coordinates":[[72.8989676,19.0770255],[72.8984515,19.0773732]]}},{"type":"Feature","properties":{"kind":"road","class":"minor"},"geometry":{"type":"LineString","coordinates":[[72.89987,19.07968],[72.89952,19.07918],[72.89986,19.07893]]}},{"type":"Feature","properties":{"kind":"road","class":"minor"},"geometry":{"type":"LineString","coordinates":[[72.8998555,19.0789271],[72.9002147,19.078694]]}},{"type":"Feature","properties":{"kind":"road","class":"minor"},"geometry":{"type":"LineString","coordinates":[[72.89667,19.08007],[72.89621,19.08057],[72.89618,19.08262]]}},{"type":"Feature","properties":{"kind":"road","class":"minor"},"geometry":{"type":"LineString","coordinates":[[72.89215,19.07877],[72.89533,19.08014]]}},{"type":"Feature","properties":{"kind":"road","class":"minor"},"geometry":{"type":"LineString","coordinates":[[72.89047,19.07756],[72.89197,19.07868]]}},{"type":"Feature","properties":{"kind":"road","class":"minor"},"geometry":{"type":"LineString","coordinates":[[72.87886,19.05342],[72.8789,19.05257]]}},{"type":"Feature","properties":{"kind":"road","class":"minor"},"geometry":{"type":"LineString","coordinates":[[72.86387,19.07586],[72.86387,19.07544]]}},{"type":"Feature","properties":{"kind":"road","class":"minor"},"geometry":{"type":"LineString","coordinates":[[72.88369,19.06965],[72.88397,19.06987],[72.88382,19.07002]]}},{"type":"Feature","properties":{"kind":"road","class":"major"},"geometry":{"type":"LineString","coordinates":[[72.895,19.05395],[72.89463,19.05373]]}},{"type":"Feature","properties":{"kind":"road","class":"major"},"geometry":{"type":"LineString","coordinates":[[72.85427,19.10914],[72.85516,19.10897]]}},{"type":"Feature","properties":{"kind":"road","class":"minor"},"geometry":{"type":"LineString","coordinates":[[72.89631,19.06255],[72.89597,19.06156]]}},{"type":"Feature","properties":{"kind":"road","class":"minor"},"geometry":{"type":"LineString","coordinates":[[72.89032,19.06787],[72.88905,19.06749]]}},{"type":"Feature","properties":{"kind":"road","class":"minor"},"geometry":{"type":"LineString","coordinates":[[72.89513,19.08737],[72.89547,19.08875],[72.89597,19.08942],[72.89659,19.08985],[72.89676,19.08989],[72.89688,19.08963],[72.89665,19.08987]]}},{"type":"Feature","properties":{"kind":"water","class":"body"},"geometry":{"type":"Polygon","coordinates":[[[72.85681,19.054],[72.85659,19.05433],[72.85629,19.05424],[72.85638,19.05403],[72.85681,19.054]]]}},{"type":"Feature","properties":{"kind":"road","class":"minor"},"geometry":{"type":"LineString","coordinates":[[72.89442,19.09424],[72.89503,19.09413],[72.89496,19.09424]]}},{"type":"Feature","properties":{"kind":"road","class":"minor"},"geometry":{"type":"LineString","coordinates":[[72.89778,19.09045],[72.89892,19.09048],[72.89917,19.09027]]}},{"type":"Feature","properties":{"kind":"road","class":"major"},"geometry":{"type":"LineString","coordinates":[[72.86247,19.06141],[72.86426,19.06069],[72.86441,19.05926],[72.86413,19.05899]]}},{"type":"Feature","properties":{"kind":"road","class":"minor"},"geometry":{"type":"LineString","coordinates":[[72.86235,19.06709],[72.86133,19.0664],[72.86123,19.06576]]}},{"type":"Feature","properties":{"kind":"road","class":"minor"},"geometry":{"type":"LineString","coordinates":[[72.86115,19.06577],[72.86127,19.06644],[72.86231,19.06715]]}},{"type":"Feature","properties":{"kind":"road","class":"minor"},"geometry":{"type":"LineString","coordinates":[[72.86457,19.06854],[72.86728,19.07026]]}},{"type":"Feature","properties":{"kind":"road","class":"major"},"geometry":{"type":"LineString","coordinates":[[72.88012,19.13015],[72.87987,19.1309],[72.87997,19.13144]]}},{"type":"Feature","properties":{"kind":"road","class":"minor"},"geometry":{"type":"LineString","coordinates":[[72.89994,19.07158],[72.9002,19.07138],[72.90008,19.0712],[72.89974,19.07134]]}},{"type":"Feature","properties":{"kind":"road","class":"minor"},"geometry":{"type":"LineString","coordinates":[[72.89674,19.06989],[72.89722,19.0703],[72.89746,19.07005]]}},{"type":"Feature","properties":{"kind":"road","class":"minor"},"geometry":{"type":"LineString","coordinates":[[72.8961,19.07243],[72.8962,19.07236],[72.89601,19.07208],[72.89636,19.07185],[72.8966,19.07189],[72.89681,19.07218],[72.89676,19.07242],[72.89639,19.07264],[72.8962,19.07236]]}},{"type":"Feature","properties":{"kind":"road","class":"minor"},"geometry":{"type":"LineString","coordinates":[[72.89831,19.06747],[72.89782,19.06748],[72.89781,19.06775]]}},{"type":"Feature","properties":{"kind":"road","class":"minor"},"geometry":{"type":"LineString","coordinates":[[72.90025,19.06851],[72.89985,19.06851]]}},{"type":"Feature","properties":{"kind":"road","class":"minor"},"geometry":{"type":"LineString","coordinates":[[72.89547,19.0669],[72.89579,19.06661],[72.89603,19.06687],[72.89583,19.06704]]}},{"type":"Feature","properties":{"kind":"road","class":"minor"},"geometry":{"type":"LineString","coordinates":[[72.89526,19.06832],[72.89499,19.06867],[72.89531,19.06873],[72.89518,19.06839]]}},{"type":"Feature","properties":{"kind":"road","class":"major"},"geometry":{"type":"LineString","coordinates":[[72.9043,19.0877],[72.90257,19.08744]]}},{"type":"Feature","properties":{"kind":"road","class":"minor"},"geometry":{"type":"LineString","coordinates":[[72.89926,19.09062],[72.89917,19.09027]]}},{"type":"Feature","properties":{"kind":"road","class":"minor"},"geometry":{"type":"LineString","coordinates":[[72.90008,19.08975],[72.90009,19.09024]]}},{"type":"Feature","properties":{"kind":"road","class":"minor"},"geometry":{"type":"LineString","coordinates":[[72.8933,19.06857],[72.89272,19.06768]]}},{"type":"Feature","properties":{"kind":"road","class":"minor"},"geometry":{"type":"LineString","coordinates":[[72.87404,19.06977],[72.8747,19.06968],[72.87475,19.06932],[72.87396,19.06939]]}},{"type":"Feature","properties":{"kind":"road","class":"minor"},"geometry":{"type":"LineString","coordinates":[[72.8738859,19.068992],[72.8746573,19.0689083]]}},{"type":"Feature","properties":{"kind":"road","class":"minor"},"geometry":{"type":"LineString","coordinates":[[72.8780466,19.0701372],[72.8780325,19.0705077]]}},{"type":"Feature","properties":{"kind":"road","class":"minor"},"geometry":{"type":"LineString","coordinates":[[72.88802,19.06383],[72.8883,19.06421],[72.8885,19.06414],[72.88825,19.0637]]}},{"type":"Feature","properties":{"kind":"road","class":"minor"},"geometry":{"type":"LineString","coordinates":[[72.89096,19.064],[72.89061,19.06418],[72.89131,19.06525]]}},{"type":"Feature","properties":{"kind":"road","class":"major"},"geometry":{"type":"LineString","coordinates":[[72.88794,19.10593],[72.88888,19.10598],[72.89091,19.10695],[72.89225,19.10691]]}},{"type":"Feature","properties":{"kind":"road","class":"minor"},"geometry":{"type":"LineString","coordinates":[[72.90033,19.08994],[72.90138,19.08981]]}},{"type":"Feature","properties":{"kind":"road","class":"minor"},"geometry":{"type":"LineString","coordinates":[[72.89495,19.06934],[72.89534,19.06911],[72.89553,19.06936],[72.89512,19.06961]]}},{"type":"Feature","properties":{"kind":"road","class":"minor"},"geometry":{"type":"LineString","coordinates":[[72.87855,19.05953],[72.8785,19.05973],[72.87915,19.05995],[72.87909,19.06009],[72.87867,19.05996],[72.87859,19.06012],[72.87904,19.0603],[72.87894,19.06065],[72.87917,19.06076]]}},{"type":"Feature","properties":{"kind":"road","class":"minor"},"geometry":{"type":"LineString","coordinates":[[72.87268,19.05594],[72.87257,19.0556],[72.87205,19.05517]]}},{"type":"Feature","properties":{"kind":"road","class":"major"},"geometry":{"type":"LineString","coordinates":[[72.88012,19.11694],[72.87973,19.1147]]}},{"type":"Feature","properties":{"kind":"road","class":"major"},"geometry":{"type":"LineString","coordinates":[[72.87948,19.11313],[72.87899,19.112]]}},{"type":"Feature","properties":{"kind":"road","class":"minor"},"geometry":{"type":"LineString","coordinates":[[72.8841,19.07591],[72.8841,19.07542],[72.88377,19.07517],[72.88364,19.07455]]}},{"type":"Feature","properties":{"kind":"road","class":"minor"},"geometry":{"type":"LineString","coordinates":[[72.8835126,19.076301],[72.8835935,19.0756302]]}},{"type":"Feature","properties":{"kind":"road","class":"minor"},"geometry":{"type":"LineString","coordinates":[[72.8571281,19.0824194],[72.8571941,19.0819294]]}},{"type":"Feature","properties":{"kind":"road","class":"minor"},"geometry":{"type":"LineString","coordinates":[[72.8573253,19.0824431],[72.8573846,19.0819559]]}},{"type":"Feature","properties":{"kind":"road","class":"minor"},"geometry":{"type":"LineString","coordinates":[[72.857768,19.0824962],[72.8578216,19.082073]]}},{"type":"Feature","properties":{"kind":"road","class":"minor"},"geometry":{"type":"LineString","coordinates":[[72.8579905,19.0825229],[72.8580463,19.0820823]]}},{"type":"Feature","properties":{"kind":"road","class":"minor"},"geometry":{"type":"LineString","coordinates":[[72.85941,19.07921],[72.85979,19.07891]]}},{"type":"Feature","properties":{"kind":"road","class":"minor"},"geometry":{"type":"LineString","coordinates":[[72.85727,19.08119],[72.85696,19.0812],[72.85688,19.08141]]}},{"type":"Feature","properties":{"kind":"road","class":"minor"},"geometry":{"type":"LineString","coordinates":[[72.85606,19.08139],[72.85544,19.08128],[72.85543,19.08079]]}},{"type":"Feature","properties":{"kind":"road","class":"minor"},"geometry":{"type":"LineString","coordinates":[[72.85583,19.08018],[72.85582,19.08082]]}},{"type":"Feature","properties":{"kind":"road","class":"minor"},"geometry":{"type":"LineString","coordinates":[[72.85423,19.08192],[72.85475,19.08204]]}},{"type":"Feature","properties":{"kind":"road","class":"minor"},"geometry":{"type":"LineString","coordinates":[[72.85567,19.08173],[72.85561,19.0822],[72.85545,19.08219],[72.85528,19.0827],[72.85535,19.08307]]}},{"type":"Feature","properties":{"kind":"road","class":"minor"},"geometry":{"type":"LineString","coordinates":[[72.85437,19.07813],[72.85415,19.07775]]}},{"type":"Feature","properties":{"kind":"road","class":"minor"},"geometry":{"type":"LineString","coordinates":[[72.89369,19.08184],[72.89394,19.0811]]}},{"type":"Feature","properties":{"kind":"road","class":"minor"},"geometry":{"type":"LineString","coordinates":[[72.89443,19.07843],[72.89407,19.0783],[72.89387,19.0789]]}},{"type":"Feature","properties":{"kind":"road","class":"minor"},"geometry":{"type":"LineString","coordinates":[[72.89388,19.07895],[72.89421,19.07907],[72.89436,19.0789],[72.89483,19.07912],[72.89468,19.07949],[72.89431,19.07933]]}},{"type":"Feature","properties":{"kind":"road","class":"minor"},"geometry":{"type":"LineString","coordinates":[[72.89476,19.07931],[72.89496,19.07939],[72.8951,19.0791]]}},{"type":"Feature","properties":{"kind":"road","class":"major"},"geometry":{"type":"LineString","coordinates":[[72.87997,19.12433],[72.88018,19.12029]]}},{"type":"Feature","properties":{"kind":"road","class":"minor"},"geometry":{"type":"LineString","coordinates":[[72.89685,19.06083],[72.89654,19.06038],[72.89617,19.06063]]}},{"type":"Feature","properties":{"kind":"road","class":"minor"},"geometry":{"type":"LineString","coordinates":[[72.90065,19.06088],[72.90118,19.06087],[72.90119,19.06123],[72.90079,19.06123],[72.90081,19.06077],[72.90107,19.06069]]}},{"type":"Feature","properties":{"kind":"road","class":"minor"},"geometry":{"type":"LineString","coordinates":[[72.9007927,19.0610667],[72.901188,19.0610624]]}},{"type":"Feature","properties":{"kind":"road","class":"minor"},"geometry":{"type":"LineString","coordinates":[[72.90045,19.05538],[72.9001,19.05536],[72.90045,19.05525]]}},{"type":"Feature","properties":{"kind":"road","class":"minor"},"geometry":{"type":"LineString","coordinates":[[72.87371,19.07364],[72.87392,19.07317]]}},{"type":"Feature","properties":{"kind":"road","class":"minor"},"geometry":{"type":"LineString","coordinates":[[72.87688,19.07309],[72.87748,19.07303]]}},{"type":"Feature","properties":{"kind":"road","class":"minor"},"geometry":{"type":"LineString","coordinates":[[72.8785938,19.0726632],[72.8793676,19.0723884]]}},{"type":"Feature","properties":{"kind":"road","class":"minor"},"geometry":{"type":"LineString","coordinates":[[72.87883,19.07686],[72.8789,19.0766],[72.87922,19.07663]]}},{"type":"Feature","properties":{"kind":"road","class":"minor"},"geometry":{"type":"LineString","coordinates":[[72.87816,19.07565],[72.87828,19.07624]]}},{"type":"Feature","properties":{"kind":"road","class":"minor"},"geometry":{"type":"LineString","coordinates":[[72.8823815,19.0755178],[72.8833527,19.0755911]]}},{"type":"Feature","properties":{"kind":"road","class":"minor"},"geometry":{"type":"LineString","coordinates":[[72.88306,19.07719],[72.88281,19.07706],[72.88276,19.07725]]}},{"type":"Feature","properties":{"kind":"road","class":"minor"},"geometry":{"type":"LineString","coordinates":[[72.88194,19.07733],[72.88175,19.07764]]}},{"type":"Feature","properties":{"kind":"road","class":"minor"},"geometry":{"type":"LineString","coordinates":[[72.88089,19.07236],[72.88013,19.07264]]}},{"type":"Feature","properties":{"kind":"road","class":"minor"},"geometry":{"type":"LineString","coordinates":[[72.88313,19.07239],[72.88315,19.07262],[72.88271,19.07268],[72.88263,19.07287],[72.88271,19.07268]]}},{"type":"Feature","properties":{"kind":"road","class":"minor"},"geometry":{"type":"LineString","coordinates":[[72.88271,19.07268],[72.88282,19.07233],[72.88314,19.07248]]}},{"type":"Feature","properties":{"kind":"road","class":"minor"},"geometry":{"type":"LineString","coordinates":[[72.88292,19.07265],[72.88306,19.0729],[72.88306,19.07263]]}},{"type":"Feature","properties":{"kind":"road","class":"minor"},"geometry":{"type":"LineString","coordinates":[[72.89781,19.07554],[72.89765,19.07532],[72.89736,19.07544]]}},{"type":"Feature","properties":{"kind":"road","class":"minor"},"geometry":{"type":"LineString","coordinates":[[72.86312,19.07185],[72.86333,19.07212],[72.86394,19.07215],[72.86394,19.07196],[72.86322,19.07192]]}},{"type":"Feature","properties":{"kind":"road","class":"minor"},"geometry":{"type":"LineString","coordinates":[[72.86582,19.07556],[72.86534,19.07556],[72.86534,19.07568],[72.8658,19.0757]]}},{"type":"Feature","properties":{"kind":"road","class":"minor"},"geometry":{"type":"LineString","coordinates":[[72.86635,19.0734],[72.86666,19.07351],[72.86682,19.07284]]}},{"type":"Feature","properties":{"kind":"road","class":"minor"},"geometry":{"type":"LineString","coordinates":[[72.86631,19.07318],[72.86559,19.07316]]}},{"type":"Feature","properties":{"kind":"road","class":"minor"},"geometry":{"type":"LineString","coordinates":[[72.85658,19.08038],[72.85553,19.08004]]}},{"type":"Feature","properties":{"kind":"road","class":"minor"},"geometry":{"type":"LineString","coordinates":[[72.88866,19.08082],[72.88908,19.08061]]}},{"type":"Feature","properties":{"kind":"road","class":"minor"},"geometry":{"type":"LineString","coordinates":[[72.8855662,19.0792281],[72.8869148,19.0802355]]}},{"type":"Feature","properties":{"kind":"road","class":"minor"},"geometry":{"type":"LineString","coordinates":[[72.88478,19.07714],[72.8846,19.07725],[72.88521,19.07886]]}},{"type":"Feature","properties":{"kind":"road","class":"minor"},"geometry":{"type":"LineString","coordinates":[[72.89443,19.07843],[72.8945,19.07814],[72.8949,19.07819],[72.89493,19.07837],[72.89521,19.07843],[72.8952,19.07865]]}},{"type":"Feature","properties":{"kind":"road","class":"minor"},"geometry":{"type":"LineString","coordinates":[[72.89738,19.08167],[72.89741,19.08113]]}},{"type":"Feature","properties":{"kind":"road","class":"minor"},"geometry":{"type":"LineString","coordinates":[[72.85523,19.08069],[72.85492,19.08095]]}},{"type":"Feature","properties":{"kind":"road","class":"minor"},"geometry":{"type":"LineString","coordinates":[[72.87489,19.07948],[72.87476,19.07858]]}},{"type":"Feature","properties":{"kind":"road","class":"minor"},"geometry":{"type":"LineString","coordinates":[[72.8819951,19.0823112],[72.8815371,19.0823776]]}},{"type":"Feature","properties":{"kind":"road","class":"minor"},"geometry":{"type":"LineString","coordinates":[[72.88212,19.08236],[72.88258,19.08232]]}},{"type":"Feature","properties":{"kind":"road","class":"minor"},"geometry":{"type":"LineString","coordinates":[[72.8824303,19.081205],[72.8824511,19.0816125]]}},{"type":"Feature","properties":{"kind":"road","class":"minor"},"geometry":{"type":"LineString","coordinates":[[72.88124,19.08085],[72.88172,19.08079]]}},{"type":"Feature","properties":{"kind":"road","class":"minor"},"geometry":{"type":"LineString","coordinates":[[72.8809003,19.0804088],[72.8817028,19.0804081]]}},{"type":"Feature","properties":{"kind":"road","class":"minor"},"geometry":{"type":"LineString","coordinates":[[72.88051,19.07989],[72.88093,19.07985]]}},{"type":"Feature","properties":{"kind":"road","class":"minor"},"geometry":{"type":"LineString","coordinates":[[72.89627,19.08066],[72.8968,19.08116],[72.89741,19.08113]]}},{"type":"Feature","properties":{"kind":"road","class":"minor"},"geometry":{"type":"LineString","coordinates":[[72.89401,19.06714],[72.89351,19.06718],[72.89349,19.06752]]}},{"type":"Feature","properties":{"kind":"road","class":"minor"},"geometry":{"type":"LineString","coordinates":[[72.89399,19.06682],[72.89306,19.06684],[72.89306,19.06706],[72.89401,19.06704]]}},{"type":"Feature","properties":{"kind":"road","class":"minor"},"geometry":{"type":"LineString","coordinates":[[72.89023,19.06727],[72.88983,19.06752],[72.88934,19.06741]]}},{"type":"Feature","properties":{"kind":"road","class":"minor"},"geometry":{"type":"LineString","coordinates":[[72.8939465,19.0540192],[72.8938689,19.0533923]]}},{"type":"Feature","properties":{"kind":"road","class":"minor"},"geometry":{"type":"LineString","coordinates":[[72.87109,19.05481],[72.87188,19.05517]]}},{"type":"Feature","properties":{"kind":"road","class":"minor"},"geometry":{"type":"LineString","coordinates":[[72.9004,19.06544],[72.90049,19.06572],[72.90084,19.06595],[72.90108,19.06584],[72.90058,19.06548],[72.90042,19.06555]]}},{"type":"Feature","properties":{"kind":"road","class":"minor"},"geometry":{"type":"LineString","coordinates":[[72.88187,19.08971],[72.8814,19.08992],[72.88139,19.09137]]}},{"type":"Feature","properties":{"kind":"road","class":"minor"},"geometry":{"type":"LineString","coordinates":[[72.87174,19.05476],[72.87204,19.05433]]}},{"type":"Feature","properties":{"kind":"road","class":"minor"},"geometry":{"type":"LineString","coordinates":[[72.87962,19.08382],[72.87918,19.08375]]}},{"type":"Feature","properties":{"kind":"road","class":"minor"},"geometry":{"type":"LineString","coordinates":[[72.88366,19.09547],[72.88327,19.09562],[72.88368,19.0956]]}},{"type":"Feature","properties":{"kind":"road","class":"minor"},"geometry":{"type":"LineString","coordinates":[[72.89002,19.08064],[72.89013,19.08019],[72.89065,19.08004]]}},{"type":"Feature","properties":{"kind":"road","class":"minor"},"geometry":{"type":"LineString","coordinates":[[72.88682,19.08433],[72.88683,19.084],[72.88643,19.08386]]}},{"type":"Feature","properties":{"kind":"road","class":"minor"},"geometry":{"type":"LineString","coordinates":[[72.89597,19.06546],[72.89479,19.06543]]}},{"type":"Feature","properties":{"kind":"road","class":"minor"},"geometry":{"type":"LineString","coordinates":[[72.8874922,19.094834],[72.886768,19.0948603]]}},{"type":"Feature","properties":{"kind":"road","class":"minor"},"geometry":{"type":"LineString","coordinates":[[72.89757,19.06643],[72.89748,19.06607]]}},{"type":"Feature","properties":{"kind":"road","class":"major"},"geometry":{"type":"LineString","coordinates":[[72.92616,19.11753],[72.92622,19.11646]]}},{"type":"Feature","properties":{"kind":"road","class":"minor"},"geometry":{"type":"LineString","coordinates":[[72.89112,19.07685],[72.89056,19.07754]]}},{"type":"Feature","properties":{"kind":"road","class":"minor"},"geometry":{"type":"LineString","coordinates":[[72.8915969,19.0660752],[72.8914242,19.0657238]]}},{"type":"Feature","properties":{"kind":"road","class":"minor"},"geometry":{"type":"LineString","coordinates":[[72.8834924,19.084563],[72.883665,19.0853784]]}},{"type":"Feature","properties":{"kind":"road","class":"major"},"geometry":{"type":"LineString","coordinates":[[72.8679,19.07322],[72.86925,19.07382]]}},{"type":"Feature","properties":{"kind":"road","class":"major"},"geometry":{"type":"LineString","coordinates":[[72.91423,19.06268],[72.91389,19.06325]]}},{"type":"Feature","properties":{"kind":"road","class":"minor"},"geometry":{"type":"LineString","coordinates":[[72.88253,19.05923],[72.88376,19.05645]]}},{"type":"Feature","properties":{"kind":"road","class":"minor"},"geometry":{"type":"LineString","coordinates":[[72.87635,19.06732],[72.87626,19.06692],[72.87642,19.06689],[72.87661,19.06737],[72.87676,19.06736],[72.87674,19.06764],[72.87661,19.06737]]}},{"type":"Feature","properties":{"kind":"road","class":"minor"},"geometry":{"type":"LineString","coordinates":[[72.88604,19.07108],[72.88561,19.07085]]}},{"type":"Feature","properties":{"kind":"road","class":"minor"},"geometry":{"type":"LineString","coordinates":[[72.9010023,19.0797811],[72.9006179,19.0800265]]}},{"type":"Feature","properties":{"kind":"road","class":"minor"},"geometry":{"type":"LineString","coordinates":[[72.89986,19.07893],[72.90062,19.08003]]}},{"type":"Feature","properties":{"kind":"road","class":"minor"},"geometry":{"type":"LineString","coordinates":[[72.88335,19.09097],[72.88287,19.0909]]}},{"type":"Feature","properties":{"kind":"road","class":"minor"},"geometry":{"type":"LineString","coordinates":[[72.89307,19.093],[72.89347,19.09302],[72.89348,19.09326],[72.89316,19.09328]]}},{"type":"Feature","properties":{"kind":"road","class":"minor"},"geometry":{"type":"LineString","coordinates":[[72.89212,19.08763],[72.89294,19.08918]]}},{"type":"Feature","properties":{"kind":"road","class":"minor"},"geometry":{"type":"LineString","coordinates":[[72.88223,19.05877],[72.88229,19.05859],[72.88203,19.05847]]}},{"type":"Feature","properties":{"kind":"road","class":"minor"},"geometry":{"type":"LineString","coordinates":[[72.88203,19.05847],[72.88147,19.05824],[72.88175,19.05761]]}},{"type":"Feature","properties":{"kind":"road","class":"major"},"geometry":{"type":"LineString","coordinates":[[72.87501,19.07614],[72.87447,19.07594]]}},{"type":"Feature","properties":{"kind":"road","class":"minor"},"geometry":{"type":"LineString","coordinates":[[72.88255,19.05944],[72.88449,19.06073]]}},{"type":"Feature","properties":{"kind":"road","class":"minor"},"geometry":{"type":"LineString","coordinates":[[72.89618,19.08262],[72.89331,19.08171]]}},{"type":"Feature","properties":{"kind":"road","class":"minor"},"geometry":{"type":"LineString","coordinates":[[72.88301,19.05351],[72.88309,19.05285]]}},{"type":"Feature","properties":{"kind":"road","class":"minor"},"geometry":{"type":"LineString","coordinates":[[72.89494,19.05317],[72.89506,19.05358]]}},{"type":"Feature","properties":{"kind":"road","class":"minor"},"geometry":{"type":"LineString","coordinates":[[72.89526,19.05308],[72.89539,19.05342],[72.89559,19.05339]]}},{"type":"Feature","properties":{"kind":"road","class":"minor"},"geometry":{"type":"LineString","coordinates":[[72.85552,19.0638],[72.85622,19.0642]]}},{"type":"Feature","properties":{"kind":"road","class":"minor"},"geometry":{"type":"LineString","coordinates":[[72.89554,19.0915],[72.89658,19.0914],[72.89668,19.09118]]}},{"type":"Feature","properties":{"kind":"road","class":"minor"},"geometry":{"type":"LineString","coordinates":[[72.86985,19.07551],[72.86985,19.07589],[72.87073,19.07588]]}},{"type":"Feature","properties":{"kind":"road","class":"minor"},"geometry":{"type":"LineString","coordinates":[[72.87141,19.07677],[72.87232,19.07673]]}},{"type":"Feature","properties":{"kind":"road","class":"major"},"geometry":{"type":"LineString","coordinates":[[72.88644,19.05821],[72.88737,19.05697]]}},{"type":"Feature","properties":{"kind":"road","class":"major"},"geometry":{"type":"LineString","coordinates":[[72.8621,19.10234],[72.86021,19.10194],[72.85702,19.1021]]}},{"type":"Feature","properties":{"kind":"road","class":"major"},"geometry":{"type":"LineString","coordinates":[[72.85705,19.10221],[72.85929,19.10199],[72.8614,19.10224]]}},{"type":"Feature","properties":{"kind":"road","class":"major"},"geometry":{"type":"LineString","coordinates":[[72.8614,19.10224],[72.864,19.10281],[72.87182,19.10319]]}},{"type":"Feature","properties":{"kind":"road","class":"major"},"geometry":{"type":"LineString","coordinates":[[72.85372,19.10609],[72.8543,19.10362]]}},{"type":"Feature","properties":{"kind":"road","class":"minor"},"geometry":{"type":"LineString","coordinates":[[72.866385,19.0533108],[72.8665611,19.0537239]]}},{"type":"Feature","properties":{"kind":"road","class":"minor"},"geometry":{"type":"LineString","coordinates":[[72.8576,19.07652],[72.85813,19.07656]]}},{"type":"Feature","properties":{"kind":"road","class":"minor"},"geometry":{"type":"LineString","coordinates":[[72.88954,19.08062],[72.89629,19.08274]]}},{"type":"Feature","properties":{"kind":"road","class":"major"},"geometry":{"type":"LineString","coordinates":[[72.85686,19.05984],[72.85599,19.05974]]}},{"type":"Feature","properties":{"kind":"road","class":"major"},"geometry":{"type":"LineString","coordinates":[[72.91001,19.06057],[72.91097,19.06051],[72.914,19.06081]]}},{"type":"Feature","properties":{"kind":"road","class":"major"},"geometry":{"type":"LineString","coordinates":[[72.89546,19.10502],[72.89656,19.10374]]}},{"type":"Feature","properties":{"kind":"road","class":"major"},"geometry":{"type":"LineString","coordinates":[[72.89655,19.10369],[72.89465,19.10556]]}},{"type":"Feature","properties":{"kind":"road","class":"major"},"geometry":{"type":"LineString","coordinates":[[72.854142,19.0993089],[72.8539246,19.098929]]}},{"type":"Feature","properties":{"kind":"road","class":"minor"},"geometry":{"type":"LineString","coordinates":[[72.88376,19.05645],[72.88489,19.05499]]}},{"type":"Feature","properties":{"kind":"road","class":"major"},"geometry":{"type":"LineString","coordinates":[[72.88172,19.06404],[72.88336,19.06221]]}},{"type":"Feature","properties":{"kind":"road","class":"major"},"geometry":{"type":"LineString","coordinates":[[72.88079,19.06508],[72.88172,19.06404]]}},{"type":"Feature","properties":{"kind":"road","class":"major"},"geometry":{"type":"LineString","coordinates":[[72.88938,19.05395],[72.8832,19.05354],[72.8824,19.05331]]}},{"type":"Feature","properties":{"kind":"road","class":"major"},"geometry":{"type":"LineString","coordinates":[[72.89463,19.05373],[72.89415,19.05221],[72.89398,19.05079]]}},{"type":"Feature","properties":{"kind":"road","class":"major"},"geometry":{"type":"LineString","coordinates":[[72.88737,19.05697],[72.89018,19.05909]]}},{"type":"Feature","properties":{"kind":"road","class":"major"},"geometry":{"type":"LineString","coordinates":[[72.88085,19.05313],[72.88229,19.0536]]}},{"type":"Feature","properties":{"kind":"road","class":"major"},"geometry":{"type":"LineString","coordinates":[[72.9200375,19.1023916],[72.9194695,19.1016164]]}},{"type":"Feature","properties":{"kind":"road","class":"major"},"geometry":{"type":"LineString","coordinates":[[72.91936,19.10169],[72.91992,19.10238]]}},{"type":"Feature","properties":{"kind":"road","class":"major"},"geometry":{"type":"LineString","coordinates":[[72.9177,19.06231],[72.91821,19.06211]]}},{"type":"Feature","properties":{"kind":"road","class":"major"},"geometry":{"type":"LineString","coordinates":[[72.90076,19.06017],[72.90089,19.05993],[72.90069,19.05967]]}},{"type":"Feature","properties":{"kind":"road","class":"major"},"geometry":{"type":"LineString","coordinates":[[72.89996,19.05273],[72.90002,19.05363],[72.90034,19.05393]]}},{"type":"Feature","properties":{"kind":"road","class":"major"},"geometry":{"type":"LineString","coordinates":[[72.8973549,19.0533881],[72.8996224,19.0525858]]}},{"type":"Feature","properties":{"kind":"road","class":"major"},"geometry":{"type":"LineString","coordinates":[[72.92062,19.08451],[72.91948,19.08619]]}},{"type":"Feature","properties":{"kind":"road","class":"major"},"geometry":{"type":"LineString","coordinates":[[72.91958,19.08629],[72.92073,19.08458]]}},{"type":"Feature","properties":{"kind":"road","class":"major"},"geometry":{"type":"LineString","coordinates":[[72.88643,19.05382],[72.88939,19.05409]]}},{"type":"Feature","properties":{"kind":"road","class":"major"},"geometry":{"type":"LineString","coordinates":[[72.88762,19.05664],[72.88939,19.05409]]}},{"type":"Feature","properties":{"kind":"road","class":"major"},"geometry":{"type":"LineString","coordinates":[[72.87856,19.1084],[72.87677,19.10905]]}},{"type":"Feature","properties":{"kind":"road","class":"major"},"geometry":{"type":"LineString","coordinates":[[72.92105,19.08394],[72.91875,19.08138]]}},{"type":"Feature","properties":{"kind":"road","class":"major"},"geometry":{"type":"LineString","coordinates":[[72.9253165,19.1257254],[72.9253152,19.1253542]]}},{"type":"Feature","properties":{"kind":"road","class":"major"},"geometry":{"type":"LineString","coordinates":[[72.92105,19.08394],[72.92062,19.08451]]}},{"type":"Feature","properties":{"kind":"road","class":"major"},"geometry":{"type":"LineString","coordinates":[[72.9187961,19.0818376],[72.9205334,19.0838906]]}},{"type":"Feature","properties":{"kind":"road","class":"major"},"geometry":{"type":"LineString","coordinates":[[72.875038,19.1031928],[72.8754874,19.1031842]]}},{"type":"Feature","properties":{"kind":"road","class":"major"},"geometry":{"type":"LineString","coordinates":[[72.87624,19.10944],[72.87605,19.10896]]}},{"type":"Feature","properties":{"kind":"road","class":"major"},"geometry":{"type":"LineString","coordinates":[[72.87273,19.10318],[72.87423,19.1032]]}},{"type":"Feature","properties":{"kind":"road","class":"major"},"geometry":{"type":"LineString","coordinates":[[72.86045,19.0744],[72.85514,19.07518],[72.85268,19.07399]]}},{"type":"Feature","properties":{"kind":"road","class":"major"},"geometry":{"type":"LineString","coordinates":[[72.88048,19.07404],[72.88016,19.07429]]}},{"type":"Feature","properties":{"kind":"road","class":"major"},"geometry":{"type":"LineString","coordinates":[[72.8593826,19.114976],[72.860099,19.114917]]}},{"type":"Feature","properties":{"kind":"road","class":"major"},"geometry":{"type":"LineString","coordinates":[[72.85586,19.12021],[72.85585,19.11957]]}},{"type":"Feature","properties":{"kind":"road","class":"major"},"geometry":{"type":"LineString","coordinates":[[72.85541,19.11929],[72.85571,19.12021]]}},{"type":"Feature","properties":{"kind":"road","class":"major"},"geometry":{"type":"LineString","coordinates":[[72.86525,19.05046],[72.86768,19.05355]]}},{"type":"Feature","properties":{"kind":"road","class":"major"},"geometry":{"type":"LineString","coordinates":[[72.87617,19.07445],[72.87727,19.07593]]}},{"type":"Feature","properties":{"kind":"road","class":"major"},"geometry":{"type":"LineString","coordinates":[[72.87657,19.13001],[72.87354,19.12592]]}},{"type":"Feature","properties":{"kind":"road","class":"major"},"geometry":{"type":"LineString","coordinates":[[72.8732,19.12556],[72.87648,19.13006]]}},{"type":"Feature","properties":{"kind":"road","class":"major"},"geometry":{"type":"LineString","coordinates":[[72.86753,19.11785],[72.86309,19.11786]]}},{"type":"Feature","properties":{"kind":"road","class":"major"},"geometry":{"type":"LineString","coordinates":[[72.86313,19.11794],[72.86754,19.11797]]}},{"type":"Feature","properties":{"kind":"road","class":"major"},"geometry":{"type":"LineString","coordinates":[[72.89031,19.05895],[72.88758,19.0567]]}},{"type":"Feature","properties":{"kind":"road","class":"major"},"geometry":{"type":"LineString","coordinates":[[72.88938,19.05395],[72.88747,19.05661]]}},{"type":"Feature","properties":{"kind":"road","class":"major"},"geometry":{"type":"LineString","coordinates":[[72.87623,19.07442],[72.87594,19.07394],[72.8755,19.07082]]}},{"type":"Feature","properties":{"kind":"road","class":"major"},"geometry":{"type":"LineString","coordinates":[[72.87736,19.07588],[72.87623,19.07442]]}},{"type":"Feature","properties":{"kind":"road","class":"major"},"geometry":{"type":"LineString","coordinates":[[72.8595,19.06213],[72.85908,19.06078],[72.85872,19.06051],[72.85817,19.06045]]}},{"type":"Feature","properties":{"kind":"road","class":"major"},"geometry":{"type":"LineString","coordinates":[[72.8599894,19.0623085],[72.8595787,19.0624565]]}},{"type":"Feature","properties":{"kind":"road","class":"major"},"geometry":{"type":"LineString","coordinates":[[72.85863,19.06066],[72.85904,19.06004],[72.86121,19.05877],[72.86248,19.05886],[72.86264,19.05903]]}},{"type":"Feature","properties":{"kind":"road","class":"minor"},"geometry":{"type":"LineString","coordinates":[[72.86486,19.05896],[72.86455,19.05875]]}},{"type":"Feature","properties":{"kind":"road","class":"minor"},"geometry":{"type":"LineString","coordinates":[[72.86705,19.06031],[72.8662,19.05915],[72.86486,19.05896]]}},{"type":"Feature","properties":{"kind":"road","class":"minor"},"geometry":{"type":"LineString","coordinates":[[72.86811,19.05996],[72.86892,19.06198]]}},{"type":"Feature","properties":{"kind":"road","class":"minor"},"geometry":{"type":"LineString","coordinates":[[72.86452,19.05927],[72.86488,19.05905],[72.86629,19.05934],[72.86778,19.06179],[72.86785,19.0622]]}},{"type":"Feature","properties":{"kind":"road","class":"major"},"geometry":{"type":"LineString","coordinates":[[72.85789,19.06052],[72.85895,19.06087],[72.85942,19.06252]]}},{"type":"Feature","properties":{"kind":"road","class":"major"},"geometry":{"type":"LineString","coordinates":[[72.92053,19.08389],[72.92114,19.0846]]}},{"type":"Feature","properties":{"kind":"road","class":"major"},"geometry":{"type":"LineString","coordinates":[[72.9077345,19.0709365],[72.9073765,19.0707033]]}},{"type":"Feature","properties":{"kind":"road","class":"major"},"geometry":{"type":"LineString","coordinates":[[72.91895,19.08721],[72.91958,19.08629]]}},{"type":"Feature","properties":{"kind":"road","class":"major"},"geometry":{"type":"LineString","coordinates":[[72.9194406,19.0862536],[72.9188384,19.087151]]}},{"type":"Feature","properties":{"kind":"road","class":"major"},"geometry":{"type":"LineString","coordinates":[[72.92073,19.08458],[72.92113,19.08403]]}},{"type":"Feature","properties":{"kind":"road","class":"major"},"geometry":{"type":"LineString","coordinates":[[72.89971,19.06551],[72.89918,19.06514]]}},{"type":"Feature","properties":{"kind":"road","class":"major"},"geometry":{"type":"LineString","coordinates":[[72.90738,19.0707],[72.90668,19.0702]]}},{"type":"Feature","properties":{"kind":"road","class":"major"},"geometry":{"type":"LineString","coordinates":[[72.90764,19.07027],[72.90704,19.07086]]}},{"type":"Feature","properties":{"kind":"road","class":"major"},"geometry":{"type":"LineString","coordinates":[[72.90528,19.06974],[72.90714,19.07091]]}},{"type":"Feature","properties":{"kind":"road","class":"minor"},"geometry":{"type":"LineString","coordinates":[[72.8895,19.08093],[72.89042,19.08464]]}},{"type":"Feature","properties":{"kind":"road","class":"major"},"geometry":{"type":"LineString","coordinates":[[72.89986,19.05234],[72.895,19.05395]]}},{"type":"Feature","properties":{"kind":"road","class":"major"},"geometry":{"type":"LineString","coordinates":[[72.89524,19.05664],[72.89472,19.05413]]}},{"type":"Feature","properties":{"kind":"road","class":"major"},"geometry":{"type":"LineString","coordinates":[[72.8972,19.06048],[72.89567,19.0582],[72.89524,19.05664]]}},{"type":"Feature","properties":{"kind":"road","class":"major"},"geometry":{"type":"LineString","coordinates":[[72.89744,19.05614],[72.89757,19.05639],[72.89785,19.05644]]}},{"type":"Feature","properties":{"kind":"road","class":"major"},"geometry":{"type":"LineString","coordinates":[[72.89706,19.06059],[72.89782,19.06191]]}},{"type":"Feature","properties":{"kind":"road","class":"major"},"geometry":{"type":"LineString","coordinates":[[72.89387,19.05076],[72.89397,19.05204],[72.89448,19.05371]]}},{"type":"Feature","properties":{"kind":"road","class":"major"},"geometry":{"type":"LineString","coordinates":[[72.89472,19.05413],[72.89735,19.05339]]}},{"type":"Feature","properties":{"kind":"road","class":"major"},"geometry":{"type":"LineString","coordinates":[[72.87086,19.07452],[72.87138,19.07475]]}},{"type":"Feature","properties":{"kind":"road","class":"major"},"geometry":{"type":"LineString","coordinates":[[72.8551791,19.112981],[72.8547841,19.1131295]]}},{"type":"Feature","properties":{"kind":"road","class":"major"},"geometry":{"type":"LineString","coordinates":[[72.87144,19.07449],[72.87096,19.0743]]}},{"type":"Feature","properties":{"kind":"road","class":"major"},"geometry":{"type":"LineString","coordinates":[[72.8718,19.07107],[72.8726,19.0712]]}},{"type":"Feature","properties":{"kind":"road","class":"major"},"geometry":{"type":"LineString","coordinates":[[72.89839,19.1227],[72.8979,19.12343],[72.89715,19.12404]]}},{"type":"Feature","properties":{"kind":"road","class":"major"},"geometry":{"type":"LineString","coordinates":[[72.91948,19.12825],[72.91753,19.12594]]}},{"type":"Feature","properties":{"kind":"road","class":"major"},"geometry":{"type":"LineString","coordinates":[[72.93267,19.12486],[72.92876,19.12507]]}},{"type":"Feature","properties":{"kind":"road","class":"major"},"geometry":{"type":"LineString","coordinates":[[72.9294,19.12517],[72.93268,19.12504]]}},{"type":"Feature","properties":{"kind":"road","class":"major"},"geometry":{"type":"LineString","coordinates":[[72.89728,19.12412],[72.89835,19.12309],[72.89896,19.12168]]}},{"type":"Feature","properties":{"kind":"road","class":"major"},"geometry":{"type":"LineString","coordinates":[[72.88233,19.13544],[72.87936,19.14104],[72.87764,19.14479],[72.87638,19.14885]]}},{"type":"Feature","properties":{"kind":"road","class":"major"},"geometry":{"type":"LineString","coordinates":[[72.89953,19.09365],[72.90022,19.09341]]}},{"type":"Feature","properties":{"kind":"road","class":"major"},"geometry":{"type":"LineString","coordinates":[[72.86754,19.11797],[72.86849,19.118]]}},{"type":"Feature","properties":{"kind":"road","class":"major"},"geometry":{"type":"LineString","coordinates":[[72.87108,19.13904],[72.87274,19.13766],[72.87417,19.13525],[72.87452,19.13436],[72.87497,19.13154],[72.87559,19.13088],[72.87655,19.13035]]}},{"type":"Feature","properties":{"kind":"road","class":"major"},"geometry":{"type":"LineString","coordinates":[[72.87437,19.1344],[72.87307,19.13695],[72.87171,19.13847],[72.87102,19.13891]]}},{"type":"Feature","properties":{"kind":"road","class":"major"},"geometry":{"type":"LineString","coordinates":[[72.8673,19.12712],[72.86858,19.12851]]}},{"type":"Feature","properties":{"kind":"road","class":"major"},"geometry":{"type":"LineString","coordinates":[[72.89953,19.09365],[72.89973,19.09409]]}},{"type":"Feature","properties":{"kind":"road","class":"minor"},"geometry":{"type":"LineString","coordinates":[[72.89973,19.09409],[72.9002,19.09446],[72.90082,19.09572]]}},{"type":"Feature","properties":{"kind":"road","class":"major"},"geometry":{"type":"LineString","coordinates":[[72.86247,19.06141],[72.86068,19.06206]]}},{"type":"Feature","properties":{"kind":"road","class":"major"},"geometry":{"type":"LineString","coordinates":[[72.87181,19.07493],[72.87234,19.07517]]}},{"type":"Feature","properties":{"kind":"road","class":"major"},"geometry":{"type":"LineString","coordinates":[[72.87948,19.11313],[72.87956,19.11351]]}},{"type":"Feature","properties":{"kind":"road","class":"major"},"geometry":{"type":"LineString","coordinates":[[72.8804724,19.1294223],[72.8799695,19.1294974]]}},{"type":"Feature","properties":{"kind":"road","class":"major"},"geometry":{"type":"LineString","coordinates":[[72.89087,19.12595],[72.88947,19.12679]]}},{"type":"Feature","properties":{"kind":"road","class":"major"},"geometry":{"type":"LineString","coordinates":[[72.89379,19.12618],[72.89309,19.12483]]}},{"type":"Feature","properties":{"kind":"road","class":"major"},"geometry":{"type":"LineString","coordinates":[[72.9252134,19.1253142],[72.9252117,19.1259552]]}},{"type":"Feature","properties":{"kind":"road","class":"major"},"geometry":{"type":"LineString","coordinates":[[72.89312,19.12516],[72.89368,19.12624]]}},{"type":"Feature","properties":{"kind":"road","class":"major"},"geometry":{"type":"LineString","coordinates":[[72.88948,19.12695],[72.89071,19.12616]]}},{"type":"Feature","properties":{"kind":"road","class":"major"},"geometry":{"type":"LineString","coordinates":[[72.87677,19.13026],[72.87792,19.12996]]}},{"type":"Feature","properties":{"kind":"road","class":"major"},"geometry":{"type":"LineString","coordinates":[[72.86852,19.12855],[72.86793,19.12901],[72.86798,19.12923]]}},{"type":"Feature","properties":{"kind":"road","class":"major"},"geometry":{"type":"LineString","coordinates":[[72.87887,19.07774],[72.87753,19.07605]]}},{"type":"Feature","properties":{"kind":"road","class":"major"},"geometry":{"type":"LineString","coordinates":[[72.87872,19.07779],[72.88031,19.07985]]}},{"type":"Feature","properties":{"kind":"road","class":"major"},"geometry":{"type":"LineString","coordinates":[[72.87354,19.12592],[72.87157,19.12315]]}},{"type":"Feature","properties":{"kind":"road","class":"major"},"geometry":{"type":"LineString","coordinates":[[72.87147,19.12322],[72.8732,19.12556]]}},{"type":"Feature","properties":{"kind":"road","class":"major"},"geometry":{"type":"LineString","coordinates":[[72.8606,19.07446],[72.86109,19.07291]]}},{"type":"Feature","properties":{"kind":"road","class":"major"},"geometry":{"type":"LineString","coordinates":[[72.85252,19.07409],[72.85453,19.07517]]}},{"type":"Feature","properties":{"kind":"road","class":"major"},"geometry":{"type":"LineString","coordinates":[[72.86086,19.07287],[72.86045,19.0744]]}},{"type":"Feature","properties":{"kind":"road","class":"major"},"geometry":{"type":"LineString","coordinates":[[72.88393,19.10724],[72.88484,19.10653]]}},{"type":"Feature","properties":{"kind":"road","class":"major"},"geometry":{"type":"LineString","coordinates":[[72.88026,19.11815],[72.88013,19.11703]]}},{"type":"Feature","properties":{"kind":"road","class":"major"},"geometry":{"type":"LineString","coordinates":[[72.88005,19.11703],[72.8802,19.11816]]}},{"type":"Feature","properties":{"kind":"road","class":"major"},"geometry":{"type":"LineString","coordinates":[[72.88465,19.10641],[72.88387,19.10705]]}},{"type":"Feature","properties":{"kind":"road","class":"major"},"geometry":{"type":"LineString","coordinates":[[72.88991,19.102],[72.88864,19.10294]]}},{"type":"Feature","properties":{"kind":"road","class":"major"},"geometry":{"type":"LineString","coordinates":[[72.90498,19.08789],[72.9043,19.0877]]}},{"type":"Feature","properties":{"kind":"road","class":"major"},"geometry":{"type":"LineString","coordinates":[[72.90865,19.08975],[72.90623,19.08826]]}},{"type":"Feature","properties":{"kind":"road","class":"major"},"geometry":{"type":"LineString","coordinates":[[72.88867,19.10319],[72.88973,19.10237]]}},{"type":"Feature","properties":{"kind":"road","class":"major"},"geometry":{"type":"LineString","coordinates":[[72.88374,19.09625],[72.88332,19.09407]]}},{"type":"Feature","properties":{"kind":"road","class":"major"},"geometry":{"type":"LineString","coordinates":[[72.89991,19.09333],[72.89944,19.0935]]}},{"type":"Feature","properties":{"kind":"road","class":"major"},"geometry":{"type":"LineString","coordinates":[[72.87307,19.13022],[72.87396,19.13148],[72.87359,19.13346],[72.87442,19.13427]]}},{"type":"Feature","properties":{"kind":"road","class":"major"},"geometry":{"type":"LineString","coordinates":[[72.86259,19.10261],[72.86168,19.10408],[72.85928,19.10702]]}},{"type":"Feature","properties":{"kind":"road","class":"major"},"geometry":{"type":"LineString","coordinates":[[72.8701,19.13405],[72.86983,19.13246],[72.86806,19.12918]]}},{"type":"Feature","properties":{"kind":"road","class":"major"},"geometry":{"type":"LineString","coordinates":[[72.87001,19.13405],[72.87021,19.13677],[72.87095,19.13896]]}},{"type":"Feature","properties":{"kind":"road","class":"major"},"geometry":{"type":"LineString","coordinates":[[72.87792,19.12996],[72.8805,19.12953]]}},{"type":"Feature","properties":{"kind":"road","class":"major"},"geometry":{"type":"LineString","coordinates":[[72.87463,19.13268],[72.87442,19.13427]]}},{"type":"Feature","properties":{"kind":"road","class":"major"},"geometry":{"type":"LineString","coordinates":[[72.88636,19.05815],[72.88597,19.05871]]}},{"type":"Feature","properties":{"kind":"road","class":"major"},"geometry":{"type":"LineString","coordinates":[[72.88727,19.0569],[72.88636,19.05815]]}},{"type":"Feature","properties":{"kind":"road","class":"major"},"geometry":{"type":"LineString","coordinates":[[72.88597,19.05887],[72.88644,19.05821]]}},{"type":"Feature","properties":{"kind":"road","class":"major"},"geometry":{"type":"LineString","coordinates":[[72.88458,19.06079],[72.88597,19.05887]]}},{"type":"Feature","properties":{"kind":"road","class":"major"},"geometry":{"type":"LineString","coordinates":[[72.89454,19.054],[72.89409,19.05402]]}},{"type":"Feature","properties":{"kind":"road","class":"major"},"geometry":{"type":"LineString","coordinates":[[72.8987215,19.0652151],[72.8993212,19.0655925]]}},{"type":"Feature","properties":{"kind":"road","class":"major"},"geometry":{"type":"LineString","coordinates":[[72.8990917,19.0650793],[72.8993212,19.0655925]]}},{"type":"Feature","properties":{"kind":"road","class":"major"},"geometry":{"type":"LineString","coordinates":[[72.91766,19.08865],[72.91713,19.08906]]}},{"type":"Feature","properties":{"kind":"road","class":"major"},"geometry":{"type":"LineString","coordinates":[[72.91717,19.08912],[72.91772,19.08872]]}},{"type":"Feature","properties":{"kind":"road","class":"major"},"geometry":{"type":"LineString","coordinates":[[72.91697,19.10459],[72.91691,19.10506],[72.91781,19.11076],[72.91759,19.11367]]}},{"type":"Feature","properties":{"kind":"road","class":"major"},"geometry":{"type":"LineString","coordinates":[[72.91706,19.10464],[72.92,19.10248]]}},{"type":"Feature","properties":{"kind":"road","class":"major"},"geometry":{"type":"LineString","coordinates":[[72.91992,19.10238],[72.9171,19.10441]]}},{"type":"Feature","properties":{"kind":"road","class":"major"},"geometry":{"type":"LineString","coordinates":[[72.91753,19.12594],[72.91652,19.12491],[72.91261,19.12385]]}},{"type":"Feature","properties":{"kind":"road","class":"major"},"geometry":{"type":"LineString","coordinates":[[72.91258,19.12398],[72.91652,19.12505]]}},{"type":"Feature","properties":{"kind":"road","class":"major"},"geometry":{"type":"LineString","coordinates":[[72.90275,19.11953],[72.90373,19.1194],[72.90514,19.11979]]}},{"type":"Feature","properties":{"kind":"road","class":"major"},"geometry":{"type":"LineString","coordinates":[[72.9072976,19.0710035],[72.907775,19.0712455]]}},{"type":"Feature","properties":{"kind":"road","class":"major"},"geometry":{"type":"LineString","coordinates":[[72.90738,19.0707],[72.90805,19.07042]]}},{"type":"Feature","properties":{"kind":"road","class":"major"},"geometry":{"type":"LineString","coordinates":[[72.9078212,19.091542],[72.9080731,19.0919363]]}},{"type":"Feature","properties":{"kind":"road","class":"minor"},"geometry":{"type":"LineString","coordinates":[[72.86945,19.07798],[72.86982,19.07769],[72.86993,19.07728]]}},{"type":"Feature","properties":{"kind":"road","class":"minor"},"geometry":{"type":"LineString","coordinates":[[72.86679,19.07886],[72.86721,19.07926],[72.86829,19.07982],[72.87038,19.08165]]}},{"type":"Feature","properties":{"kind":"road","class":"major"},"geometry":{"type":"LineString","coordinates":[[72.90749,19.0911],[72.90781,19.09059],[72.90788,19.08937]]}},{"type":"Feature","properties":{"kind":"road","class":"major"},"geometry":{"type":"LineString","coordinates":[[72.92554,19.11087],[72.92593,19.11212]]}},{"type":"Feature","properties":{"kind":"road","class":"major"},"geometry":{"type":"LineString","coordinates":[[72.92566,19.11082],[72.92547,19.11035]]}},{"type":"Feature","properties":{"kind":"road","class":"major"},"geometry":{"type":"LineString","coordinates":[[72.88794,19.10593],[72.88692,19.10429]]}},{"type":"Feature","properties":{"kind":"road","class":"major"},"geometry":{"type":"LineString","coordinates":[[72.88685,19.10434],[72.88782,19.1059]]}},{"type":"Feature","properties":{"kind":"road","class":"major"},"geometry":{"type":"LineString","coordinates":[[72.9230528,19.0865281],[72.922707,19.0860603]]}},{"type":"Feature","properties":{"kind":"water","class":"body"},"geometry":{"type":"LineString","coordinates":[[72.85966,19.07034],[72.85956,19.0704],[72.85966,19.07034]]}},{"type":"Feature","properties":{"kind":"road","class":"minor"},"geometry":{"type":"LineString","coordinates":[[72.88729,19.0668],[72.88781,19.06667]]}},{"type":"Feature","properties":{"kind":"road","class":"minor"},"geometry":{"type":"LineString","coordinates":[[72.86781,19.06386],[72.86794,19.06189],[72.86705,19.06031]]}},{"type":"Feature","properties":{"kind":"road","class":"minor"},"geometry":{"type":"LineString","coordinates":[[72.86785,19.0622],[72.86756,19.06576]]}},{"type":"Feature","properties":{"kind":"road","class":"minor"},"geometry":{"type":"LineString","coordinates":[[72.86457,19.06854],[72.86235,19.06709]]}},{"type":"Feature","properties":{"kind":"road","class":"minor"},"geometry":{"type":"LineString","coordinates":[[72.86231,19.06715],[72.86457,19.06854]]}},{"type":"Feature","properties":{"kind":"road","class":"minor"},"geometry":{"type":"LineString","coordinates":[[72.86655,19.06613],[72.86767,19.06573]]}},{"type":"Feature","properties":{"kind":"road","class":"minor"},"geometry":{"type":"LineString","coordinates":[[72.86766,19.06564],[72.86649,19.06607]]}},{"type":"Feature","properties":{"kind":"road","class":"major"},"geometry":{"type":"LineString","coordinates":[[72.89071,19.05261],[72.89005,19.0531],[72.88938,19.05395]]}},{"type":"Feature","properties":{"kind":"road","class":"major"},"geometry":{"type":"LineString","coordinates":[[72.8550145,19.1167801],[72.8553351,19.1165769]]}},{"type":"Feature","properties":{"kind":"road","class":"major"},"geometry":{"type":"LineString","coordinates":[[72.8605959,19.0620899],[72.8599894,19.0623085]]}},{"type":"Feature","properties":{"kind":"road","class":"major"},"geometry":{"type":"LineString","coordinates":[[72.93859,19.12401],[72.93838,19.12335]]}},{"type":"Feature","properties":{"kind":"road","class":"major"},"geometry":{"type":"LineString","coordinates":[[72.93824,19.1243],[72.93866,19.12417]]}},{"type":"Feature","properties":{"kind":"road","class":"major"},"geometry":{"type":"LineString","coordinates":[[72.88854,19.11212],[72.888,19.11061],[72.88785,19.1096]]}},{"type":"Feature","properties":{"kind":"road","class":"major"},"geometry":{"type":"LineString","coordinates":[[72.88774,19.10961],[72.88791,19.11062],[72.88845,19.11211]]}},{"type":"Feature","properties":{"kind":"road","class":"minor"},"geometry":{"type":"LineString","coordinates":[[72.8802068,19.0767717],[72.8806485,19.0767819]]}},{"type":"Feature","properties":{"kind":"road","class":"minor"},"geometry":{"type":"LineString","coordinates":[[72.88443,19.08457],[72.88424,19.08491],[72.88412,19.08484],[72.8842,19.08453],[72.88442,19.08459]]}},{"type":"Feature","properties":{"kind":"road","class":"minor"},"geometry":{"type":"LineString","coordinates":[[72.87387,19.0688],[72.87466,19.06871],[72.87467,19.06854]]}},{"type":"Feature","properties":{"kind":"road","class":"minor"},"geometry":{"type":"LineString","coordinates":[[72.87424,19.07044],[72.87462,19.07036],[72.87448,19.07042]]}},{"type":"Feature","properties":{"kind":"road","class":"minor"},"geometry":{"type":"LineString","coordinates":[[72.87427,19.07068],[72.87419,19.07015]]}},{"type":"Feature","properties":{"kind":"road","class":"minor"},"geometry":{"type":"LineString","coordinates":[[72.85323,19.05975],[72.85347,19.0601],[72.85364,19.06],[72.85338,19.05966]]}},{"type":"Feature","properties":{"kind":"road","class":"minor"},"geometry":{"type":"LineString","coordinates":[[72.88859,19.06482],[72.88856,19.06464],[72.88928,19.06444],[72.8894,19.06459]]}},{"type":"Feature","properties":{"kind":"road","class":"minor"},"geometry":{"type":"LineString","coordinates":[[72.88846,19.06359],[72.88875,19.06402]]}},{"type":"Feature","properties":{"kind":"road","class":"minor"},"geometry":{"type":"LineString","coordinates":[[72.9005362,19.0805597],[72.9012479,19.0801333]]}},{"type":"Feature","properties":{"kind":"road","class":"minor"},"geometry":{"type":"LineString","coordinates":[[72.90058,19.08296],[72.90052,19.0828],[72.90079,19.08269]]}},{"type":"Feature","properties":{"kind":"road","class":"minor"},"geometry":{"type":"LineString","coordinates":[[72.90056,19.08303],[72.90073,19.08337]]}},{"type":"Feature","properties":{"kind":"road","class":"major"},"geometry":{"type":"LineString","coordinates":[[72.92521,19.12596],[72.92526,19.12835],[72.92706,19.13186]]}},{"type":"Feature","properties":{"kind":"road","class":"minor"},"geometry":{"type":"LineString","coordinates":[[72.88204,19.07949],[72.88236,19.07938]]}},{"type":"Feature","properties":{"kind":"road","class":"major"},"geometry":{"type":"LineString","coordinates":[[72.876,19.1208],[72.87673,19.12053]]}},{"type":"Feature","properties":{"kind":"road","class":"major"},"geometry":{"type":"LineString","coordinates":[[72.88012,19.12028],[72.87931,19.12014]]}},{"type":"Feature","properties":{"kind":"road","class":"major"},"geometry":{"type":"LineString","coordinates":[[72.85586,19.12021],[72.85557,19.11873]]}},{"type":"Feature","properties":{"kind":"road","class":"major"},"geometry":{"type":"LineString","coordinates":[[72.8554533,19.1187547],[72.855711,19.1202138]]}},{"type":"Feature","properties":{"kind":"road","class":"major"},"geometry":{"type":"LineString","coordinates":[[72.92298,19.08667],[72.92347,19.08755]]}},{"type":"Feature","properties":{"kind":"road","class":"major"},"geometry":{"type":"LineString","coordinates":[[72.92279,19.12557],[72.92193,19.12592],[72.92151,19.12651]]}},{"type":"Feature","properties":{"kind":"road","class":"major"},"geometry":{"type":"LineString","coordinates":[[72.92164,19.12655],[72.92199,19.12601],[72.9228,19.12569]]}},{"type":"Feature","properties":{"kind":"road","class":"major"},"geometry":{"type":"LineString","coordinates":[[72.8971457,19.1240356],[72.8968085,19.124233]]}},{"type":"Feature","properties":{"kind":"road","class":"major"},"geometry":{"type":"LineString","coordinates":[[72.89693,19.12429],[72.89728,19.12412]]}},{"type":"Feature","properties":{"kind":"road","class":"major"},"geometry":{"type":"LineString","coordinates":[[72.8907118,19.1261584],[72.8911723,19.1259103]]}},{"type":"Feature","properties":{"kind":"road","class":"major"},"geometry":{"type":"LineString","coordinates":[[72.8728368,19.0753367],[72.8733435,19.0756082]]}},{"type":"Feature","properties":{"kind":"road","class":"major"},"geometry":{"type":"LineString","coordinates":[[72.8738429,19.0756853],[72.8728796,19.0752569]]}},{"type":"Feature","properties":{"kind":"road","class":"major"},"geometry":{"type":"LineString","coordinates":[[72.87483,19.13149],[72.87463,19.13268]]}},{"type":"Feature","properties":{"kind":"road","class":"major"},"geometry":{"type":"LineString","coordinates":[[72.9070676,19.0706303],[72.9057789,19.0697671]]}},{"type":"Feature","properties":{"kind":"road","class":"major"},"geometry":{"type":"LineString","coordinates":[[72.9089233,19.072002],[72.9092984,19.0722544]]}},{"type":"Feature","properties":{"kind":"road","class":"major"},"geometry":{"type":"LineString","coordinates":[[72.9165,19.11559],[72.91752,19.11476],[72.91766,19.11368]]}},{"type":"Feature","properties":{"kind":"road","class":"major"},"geometry":{"type":"LineString","coordinates":[[72.91759,19.11367],[72.91742,19.1148],[72.9167,19.11548],[72.91648,19.1155]]}},{"type":"Feature","properties":{"kind":"road","class":"major"},"geometry":{"type":"LineString","coordinates":[[72.91649,19.11562],[72.91635,19.1155],[72.91649,19.11562]]}},{"type":"Feature","properties":{"kind":"road","class":"minor"},"geometry":{"type":"LineString","coordinates":[[72.86288,19.07828],[72.86365,19.07846]]}},{"type":"Feature","properties":{"kind":"road","class":"minor"},"geometry":{"type":"LineString","coordinates":[[72.86486,19.07764],[72.86484,19.07882]]}},{"type":"Feature","properties":{"kind":"road","class":"minor"},"geometry":{"type":"LineString","coordinates":[[72.86391,19.07864],[72.86472,19.07883]]}},{"type":"Feature","properties":{"kind":"road","class":"minor"},"geometry":{"type":"LineString","coordinates":[[72.8833798,19.0840276],[72.8834924,19.084563]]}},{"type":"Feature","properties":{"kind":"road","class":"minor"},"geometry":{"type":"LineString","coordinates":[[72.87615,19.0686],[72.87673,19.06857]]}},{"type":"Feature","properties":{"kind":"road","class":"major"},"geometry":{"type":"LineString","coordinates":[[72.86186,19.104],[72.86263,19.10276]]}},{"type":"Feature","properties":{"kind":"road","class":"minor"},"geometry":{"type":"LineString","coordinates":[[72.89296,19.09294],[72.89344,19.09296],[72.89339,19.09265],[72.89303,19.09271]]}},{"type":"Feature","properties":{"kind":"road","class":"minor"},"geometry":{"type":"LineString","coordinates":[[72.8925,19.09518],[72.89324,19.09503]]}},{"type":"Feature","properties":{"kind":"road","class":"minor"},"geometry":{"type":"LineString","coordinates":[[72.89228,19.09472],[72.89259,19.09472],[72.8926,19.0945]]}},{"type":"Feature","properties":{"kind":"road","class":"minor"},"geometry":{"type":"LineString","coordinates":[[72.89295,19.09075],[72.89428,19.09153],[72.89399,19.09174],[72.89281,19.09107]]}},{"type":"Feature","properties":{"kind":"road","class":"minor"},"geometry":{"type":"LineString","coordinates":[[72.892558,19.0941587],[72.8925512,19.093794]]}},{"type":"Feature","properties":{"kind":"road","class":"minor"},"geometry":{"type":"LineString","coordinates":[[72.8927701,19.0941588],[72.8927598,19.0937888]]}},{"type":"Feature","properties":{"kind":"road","class":"minor"},"geometry":{"type":"LineString","coordinates":[[72.8929301,19.0941482],[72.8929242,19.0937864]]}},{"type":"Feature","properties":{"kind":"road","class":"minor"},"geometry":{"type":"LineString","coordinates":[[72.8928117,19.0937875],[72.8928142,19.0933885]]}},{"type":"Feature","properties":{"kind":"road","class":"minor"},"geometry":{"type":"LineString","coordinates":[[72.8930637,19.0937812],[72.8930546,19.0933827]]}},{"type":"Feature","properties":{"kind":"road","class":"minor"},"geometry":{"type":"LineString","coordinates":[[72.8932509,19.0937801],[72.8932519,19.0933685]]}},{"type":"Feature","properties":{"kind":"road","class":"minor"},"geometry":{"type":"LineString","coordinates":[[72.88456,19.08969],[72.88565,19.08975],[72.88631,19.09011],[72.88663,19.09167]]}},{"type":"Feature","properties":{"kind":"road","class":"major"},"geometry":{"type":"LineString","coordinates":[[72.86644,19.07241],[72.86406,19.07133]]}},{"type":"Feature","properties":{"kind":"road","class":"major"},"geometry":{"type":"LineString","coordinates":[[72.89896,19.12168],[72.89933,19.12075],[72.89993,19.12022]]}},{"type":"Feature","properties":{"kind":"road","class":"major"},"geometry":{"type":"LineString","coordinates":[[72.89989,19.12013],[72.89924,19.1207],[72.89839,19.1227]]}},{"type":"Feature","properties":{"kind":"road","class":"minor"},"geometry":{"type":"LineString","coordinates":[[72.89842,19.06782],[72.89776,19.06775],[72.89705,19.06797],[72.89654,19.06841],[72.89625,19.06904]]}},{"type":"Feature","properties":{"kind":"road","class":"minor"},"geometry":{"type":"LineString","coordinates":[[72.89623,19.06924],[72.8961,19.06935],[72.89623,19.06924]]}},{"type":"Feature","properties":{"kind":"road","class":"minor"},"geometry":{"type":"LineString","coordinates":[[72.88834,19.06305],[72.88803,19.06325]]}},{"type":"Feature","properties":{"kind":"road","class":"minor"},"geometry":{"type":"LineString","coordinates":[[72.8878,19.06351],[72.88802,19.06383]]}},{"type":"Feature","properties":{"kind":"road","class":"minor"},"geometry":{"type":"LineString","coordinates":[[72.88817,19.06375],[72.88793,19.06337],[72.88804,19.06329],[72.88831,19.06367]]}},{"type":"Feature","properties":{"kind":"road","class":"minor"},"geometry":{"type":"LineString","coordinates":[[72.88823,19.06324],[72.88846,19.06359]]}},{"type":"Feature","properties":{"kind":"road","class":"minor"},"geometry":{"type":"LineString","coordinates":[[72.88841,19.05642],[72.88822,19.0567],[72.88849,19.05693],[72.88876,19.05663]]}},{"type":"Feature","properties":{"kind":"road","class":"major"},"geometry":{"type":"LineString","coordinates":[[72.85386,19.09847],[72.85382,19.09807]]}},{"type":"Feature","properties":{"kind":"road","class":"minor"},"geometry":{"type":"LineString","coordinates":[[72.85666,19.07541],[72.85522,19.0756]]}},{"type":"Feature","properties":{"kind":"road","class":"major"},"geometry":{"type":"LineString","coordinates":[[72.86058,19.07398],[72.86039,19.0743],[72.86001,19.07447]]}},{"type":"Feature","properties":{"kind":"road","class":"major"},"geometry":{"type":"LineString","coordinates":[[72.86065,19.07361],[72.86017,19.07426],[72.85979,19.07445]]}},{"type":"Feature","properties":{"kind":"road","class":"major"},"geometry":{"type":"LineString","coordinates":[[72.87753,19.07605],[72.87816,19.07565]]}},{"type":"Feature","properties":{"kind":"road","class":"major"},"geometry":{"type":"LineString","coordinates":[[72.87801,19.07546],[72.87736,19.07588]]}},{"type":"Feature","properties":{"kind":"road","class":"minor"},"geometry":{"type":"LineString","coordinates":[[72.85481,19.08425],[72.85558,19.08552]]}},{"type":"Feature","properties":{"kind":"road","class":"minor"},"geometry":{"type":"LineString","coordinates":[[72.85558,19.08552],[72.8561,19.08666]]}},{"type":"Feature","properties":{"kind":"road","class":"minor"},"geometry":{"type":"LineString","coordinates":[[72.8911,19.0662],[72.89086,19.06585],[72.89005,19.0661],[72.88881,19.06718]]}},{"type":"Feature","properties":{"kind":"road","class":"minor"},"geometry":{"type":"LineString","coordinates":[[72.88916,19.09049],[72.88962,19.08824],[72.88935,19.08749]]}},{"type":"Feature","properties":{"kind":"road","class":"minor"},"geometry":{"type":"LineString","coordinates":[[72.86587,19.0577],[72.86564,19.05808],[72.86555,19.05911]]}},{"type":"Feature","properties":{"kind":"road","class":"minor"},"geometry":{"type":"LineString","coordinates":[[72.86563,19.05912],[72.86573,19.0581],[72.86598,19.05776]]}},{"type":"Feature","properties":{"kind":"road","class":"major"},"geometry":{"type":"LineString","coordinates":[[72.86412,19.06086],[72.86499,19.06277]]}},{"type":"Feature","properties":{"kind":"road","class":"major"},"geometry":{"type":"LineString","coordinates":[[72.86406,19.07133],[72.8637,19.07115]]}},{"type":"Feature","properties":{"kind":"road","class":"major"},"geometry":{"type":"LineString","coordinates":[[72.8564122,19.1247313],[72.8562448,19.1251154]]}},{"type":"Feature","properties":{"kind":"road","class":"major"},"geometry":{"type":"LineString","coordinates":[[72.85642,19.1252],[72.8566,19.12477]]}},{"type":"Feature","properties":{"kind":"road","class":"minor"},"geometry":{"type":"LineString","coordinates":[[72.86486,19.05896],[72.86426,19.05898]]}},{"type":"Feature","properties":{"kind":"road","class":"minor"},"geometry":{"type":"LineString","coordinates":[[72.88852,19.07597],[72.88576,19.07383]]}},{"type":"Feature","properties":{"kind":"road","class":"minor"},"geometry":{"type":"LineString","coordinates":[[72.8888933,19.0762432],[72.8885193,19.075971]]}},{"type":"Feature","properties":{"kind":"road","class":"minor"},"geometry":{"type":"LineString","coordinates":[[72.89045,19.07746],[72.88889,19.07624]]}},{"type":"Feature","properties":{"kind":"road","class":"major"},"geometry":{"type":"LineString","coordinates":[[72.914,19.06081],[72.91457,19.06308]]}},{"type":"Feature","properties":{"kind":"road","class":"major"},"geometry":{"type":"LineString","coordinates":[[72.914,19.06081],[72.91657,19.06097]]}},{"type":"Feature","properties":{"kind":"road","class":"major"},"geometry":{"type":"LineString","coordinates":[[72.91311,19.05829],[72.91353,19.05926]]}},{"type":"Feature","properties":{"kind":"road","class":"minor"},"geometry":{"type":"LineString","coordinates":[[72.85459,19.07601],[72.85423,19.07615],[72.85443,19.07681],[72.85476,19.07682]]}},{"type":"Feature","properties":{"kind":"road","class":"minor"},"geometry":{"type":"LineString","coordinates":[[72.85525,19.07546],[72.85514,19.07572],[72.85458,19.07584]]}},{"type":"Feature","properties":{"kind":"road","class":"minor"},"geometry":{"type":"LineString","coordinates":[[72.88032,19.07965],[72.881,19.07961]]}},{"type":"Feature","properties":{"kind":"road","class":"minor"},"geometry":{"type":"LineString","coordinates":[[72.89942,19.06592],[72.90025,19.06851]]}},{"type":"Feature","properties":{"kind":"road","class":"minor"},"geometry":{"type":"LineString","coordinates":[[72.88033,19.07384],[72.88103,19.07361]]}},{"type":"Feature","properties":{"kind":"road","class":"minor"},"geometry":{"type":"LineString","coordinates":[[72.90095,19.07708],[72.89953,19.07703]]}},{"type":"Feature","properties":{"kind":"road","class":"major"},"geometry":{"type":"LineString","coordinates":[[72.91483,19.06303],[72.91448,19.06232],[72.91409,19.05998],[72.91373,19.05915]]}},{"type":"Feature","properties":{"kind":"road","class":"major"},"geometry":{"type":"LineString","coordinates":[[72.84752,19.08042],[72.85014,19.08026],[72.85289,19.0808],[72.85445,19.08143]]}},{"type":"Feature","properties":{"kind":"road","class":"major"},"geometry":{"type":"LineString","coordinates":[[72.87663,19.07656],[72.87745,19.07611]]}},{"type":"Feature","properties":{"kind":"road","class":"minor"},"geometry":{"type":"LineString","coordinates":[[72.85917,19.08009],[72.85883,19.07999],[72.85879,19.08011],[72.85905,19.08005]]}},{"type":"Feature","properties":{"kind":"road","class":"major"},"geometry":{"type":"LineString","coordinates":[[72.8993,19.06485],[72.89933,19.06525]]}},{"type":"Feature","properties":{"kind":"road","class":"minor"},"geometry":{"type":"LineString","coordinates":[[72.90051,19.05863],[72.89872,19.05861]]}},{"type":"Feature","properties":{"kind":"road","class":"major"},"geometry":{"type":"LineString","coordinates":[[72.854153,19.1036134],[72.8535834,19.1060906]]}},{"type":"Feature","properties":{"kind":"road","class":"minor"},"geometry":{"type":"LineString","coordinates":[[72.89927,19.06844],[72.89856,19.06783]]}},{"type":"Feature","properties":{"kind":"road","class":"minor"},"geometry":{"type":"LineString","coordinates":[[72.89855,19.06785],[72.89843,19.06777],[72.89855,19.06785]]}},{"type":"Feature","properties":{"kind":"road","class":"minor"},"geometry":{"type":"LineString","coordinates":[[72.89158,19.08859],[72.89344,19.08947]]}},{"type":"Feature","properties":{"kind":"road","class":"major"},"geometry":{"type":"LineString","coordinates":[[72.88032,19.07965],[72.87887,19.07774]]}},{"type":"Feature","properties":{"kind":"road","class":"major"},"geometry":{"type":"LineString","coordinates":[[72.88265,19.08338],[72.88154,19.08124],[72.88051,19.07989]]}},{"type":"Feature","properties":{"kind":"road","class":"major"},"geometry":{"type":"LineString","coordinates":[[72.90823,19.09196],[72.90749,19.0909]]}},{"type":"Feature","properties":{"kind":"road","class":"minor"},"geometry":{"type":"LineString","coordinates":[[72.89048,19.05861],[72.89087,19.05891],[72.89113,19.05861]]}},{"type":"Feature","properties":{"kind":"road","class":"minor"},"geometry":{"type":"LineString","coordinates":[[72.85716,19.06628],[72.85513,19.06664],[72.85366,19.06762],[72.85276,19.06748]]}},{"type":"Feature","properties":{"kind":"road","class":"minor"},"geometry":{"type":"LineString","coordinates":[[72.85479,19.06695],[72.85537,19.06664],[72.85718,19.06635]]}},{"type":"Feature","properties":{"kind":"road","class":"minor"},"geometry":{"type":"LineString","coordinates":[[72.86598,19.07433],[72.86571,19.07597]]}},{"type":"Feature","properties":{"kind":"road","class":"major"},"geometry":{"type":"LineString","coordinates":[[72.86666,19.07277],[72.87086,19.07452]]}},{"type":"Feature","properties":{"kind":"road","class":"minor"},"geometry":{"type":"LineString","coordinates":[[72.86722,19.07163],[72.86666,19.07277]]}},{"type":"Feature","properties":{"kind":"road","class":"minor"},"geometry":{"type":"LineString","coordinates":[[72.87991,19.05858],[72.87922,19.0584]]}},{"type":"Feature","properties":{"kind":"road","class":"minor"},"geometry":{"type":"LineString","coordinates":[[72.87922,19.0584],[72.87721,19.05789]]}},{"type":"Feature","properties":{"kind":"road","class":"major"},"geometry":{"type":"LineString","coordinates":[[72.91963,19.0612],[72.91805,19.06185]]}},{"type":"Feature","properties":{"kind":"road","class":"minor"},"geometry":{"type":"LineString","coordinates":[[72.88505,19.07538],[72.88532,19.07539],[72.88589,19.07485]]}},{"type":"Feature","properties":{"kind":"road","class":"minor"},"geometry":{"type":"LineString","coordinates":[[72.85269,19.06754],[72.85368,19.06769],[72.85479,19.06695]]}},{"type":"Feature","properties":{"kind":"road","class":"major"},"geometry":{"type":"LineString","coordinates":[[72.8839,19.06161],[72.8843,19.06115]]}},{"type":"Feature","properties":{"kind":"road","class":"minor"},"geometry":{"type":"LineString","coordinates":[[72.88508,19.08068],[72.88498,19.08167],[72.88529,19.08167]]}},{"type":"Feature","properties":{"kind":"road","class":"minor"},"geometry":{"type":"LineString","coordinates":[[72.87847,19.0595],[72.87865,19.05902]]}},{"type":"Feature","properties":{"kind":"road","class":"minor"},"geometry":{"type":"LineString","coordinates":[[72.87403,19.07477],[72.87383,19.07446],[72.87333,19.07469]]}},{"type":"Feature","properties":{"kind":"road","class":"minor"},"geometry":{"type":"LineString","coordinates":[[72.88367,19.08546],[72.88535,19.09353]]}},{"type":"Feature","properties":{"kind":"road","class":"minor"},"geometry":{"type":"LineString","coordinates":[[72.88534,19.09353],[72.88459,19.09355],[72.8833,19.094]]}},{"type":"Feature","properties":{"kind":"road","class":"minor"},"geometry":{"type":"LineString","coordinates":[[72.88332,19.09407],[72.88456,19.09364],[72.88533,19.09361]]}},{"type":"Feature","properties":{"kind":"road","class":"major"},"geometry":{"type":"LineString","coordinates":[[72.85817,19.06045],[72.8577,19.06027]]}},{"type":"Feature","properties":{"kind":"road","class":"major"},"geometry":{"type":"LineString","coordinates":[[72.87133,19.07446],[72.87115,19.07385]]}},{"type":"Feature","properties":{"kind":"road","class":"minor"},"geometry":{"type":"LineString","coordinates":[[72.8829,19.07943],[72.8825,19.07939],[72.88253,19.07915],[72.88289,19.07916]]}},{"type":"Feature","properties":{"kind":"road","class":"minor"},"geometry":{"type":"LineString","coordinates":[[72.88248,19.075],[72.88186,19.0746],[72.88184,19.07415]]}},{"type":"Feature","properties":{"kind":"road","class":"minor"},"geometry":{"type":"LineString","coordinates":[[72.88386,19.07645],[72.88358,19.07671]]}},{"type":"Feature","properties":{"kind":"road","class":"minor"},"geometry":{"type":"LineString","coordinates":[[72.88441,19.07732],[72.88397,19.07733]]}},{"type":"Feature","properties":{"kind":"road","class":"minor"},"geometry":{"type":"LineString","coordinates":[[72.88291,19.07865],[72.8826,19.07865],[72.88261,19.07889],[72.88289,19.07891]]}},{"type":"Feature","properties":{"kind":"road","class":"minor"},"geometry":{"type":"LineString","coordinates":[[72.88039,19.08024],[72.87934,19.08016],[72.87934,19.08046],[72.87992,19.0805]]}},{"type":"Feature","properties":{"kind":"road","class":"minor"},"geometry":{"type":"LineString","coordinates":[[72.87843,19.07718],[72.87897,19.07713]]}},{"type":"Feature","properties":{"kind":"road","class":"minor"},"geometry":{"type":"LineString","coordinates":[[72.87763,19.0768],[72.87719,19.07683]]}},{"type":"Feature","properties":{"kind":"road","class":"minor"},"geometry":{"type":"LineString","coordinates":[[72.8768,19.07515],[72.87701,19.07502],[72.87695,19.07486]]}},{"type":"Feature","properties":{"kind":"road","class":"minor"},"geometry":{"type":"LineString","coordinates":[[72.8751,19.06816],[72.87561,19.06813],[72.87561,19.06832],[72.87512,19.06834]]}},{"type":"Feature","properties":{"kind":"road","class":"minor"},"geometry":{"type":"LineString","coordinates":[[72.87507,19.06794],[72.8756,19.06778]]}},{"type":"Feature","properties":{"kind":"road","class":"minor"},"geometry":{"type":"LineString","coordinates":[[72.8750178,19.0675933],[72.8754931,19.0675186]]}},{"type":"Feature","properties":{"kind":"road","class":"minor"},"geometry":{"type":"LineString","coordinates":[[72.87496,19.06722],[72.87546,19.06716]]}},{"type":"Feature","properties":{"kind":"road","class":"minor"},"geometry":{"type":"LineString","coordinates":[[72.87494,19.06709],[72.87543,19.06703],[72.87547,19.06734],[72.87513,19.06738],[72.87508,19.06707]]}},{"type":"Feature","properties":{"kind":"road","class":"minor"},"geometry":{"type":"LineString","coordinates":[[72.88681,19.08221],[72.88729,19.08197],[72.8876,19.08228]]}},{"type":"Feature","properties":{"kind":"road","class":"minor"},"geometry":{"type":"LineString","coordinates":[[72.88312,19.08585],[72.88336,19.08584],[72.88345,19.08625]]}},{"type":"Feature","properties":{"kind":"road","class":"minor"},"geometry":{"type":"LineString","coordinates":[[72.88317,19.0863],[72.88359,19.08622]]}},{"type":"Feature","properties":{"kind":"road","class":"minor"},"geometry":{"type":"LineString","coordinates":[[72.89825,19.08189],[72.89817,19.0828]]}},{"type":"Feature","properties":{"kind":"road","class":"minor"},"geometry":{"type":"LineString","coordinates":[[72.8986,19.08193],[72.89859,19.08173],[72.89825,19.08159]]}},{"type":"Feature","properties":{"kind":"road","class":"minor"},"geometry":{"type":"LineString","coordinates":[[72.88416,19.0729],[72.88579,19.07119]]}},{"type":"Feature","properties":{"kind":"road","class":"minor"},"geometry":{"type":"LineString","coordinates":[[72.85542,19.0593],[72.85555,19.05874]]}},{"type":"Feature","properties":{"kind":"road","class":"major"},"geometry":{"type":"LineString","coordinates":[[72.93518,19.05389],[72.93548,19.0535]]}},{"type":"Feature","properties":{"kind":"road","class":"major"},"geometry":{"type":"LineString","coordinates":[[72.93548,19.0535],[72.93663,19.05174]]}},{"type":"Feature","properties":{"kind":"road","class":"minor"},"geometry":{"type":"LineString","coordinates":[[72.88112,19.06463],[72.88033,19.06375]]}},{"type":"Feature","properties":{"kind":"road","class":"minor"},"geometry":{"type":"LineString","coordinates":[[72.86311,19.07283],[72.86358,19.07282]]}},{"type":"Feature","properties":{"kind":"road","class":"minor"},"geometry":{"type":"LineString","coordinates":[[72.8631,19.07218],[72.86354,19.07228]]}},{"type":"Feature","properties":{"kind":"road","class":"major"},"geometry":{"type":"LineString","coordinates":[[72.90034,19.05393],[72.90043,19.05466]]}},{"type":"Feature","properties":{"kind":"road","class":"minor"},"geometry":{"type":"LineString","coordinates":[[72.86758,19.07283],[72.86783,19.07232],[72.86812,19.07245],[72.8679,19.07297]]}},{"type":"Feature","properties":{"kind":"road","class":"minor"},"geometry":{"type":"LineString","coordinates":[[72.86779,19.07231],[72.86757,19.07195],[72.86764,19.07172]]}},{"type":"Feature","properties":{"kind":"road","class":"minor"},"geometry":{"type":"LineString","coordinates":[[72.8993979,19.0626853],[72.8985532,19.0630759]]}},{"type":"Feature","properties":{"kind":"road","class":"minor"},"geometry":{"type":"LineString","coordinates":[[72.89958,19.06543],[72.89942,19.06592]]}},{"type":"Feature","properties":{"kind":"road","class":"major"},"geometry":{"type":"LineString","coordinates":[[72.85408,19.12368],[72.85409,19.12383],[72.85425,19.12381],[72.85408,19.12368]]}},{"type":"Feature","properties":{"kind":"road","class":"minor"},"geometry":{"type":"LineString","coordinates":[[72.88521,19.07886],[72.88536,19.07903],[72.88537,19.07841]]}},{"type":"Feature","properties":{"kind":"road","class":"minor"},"geometry":{"type":"LineString","coordinates":[[72.88525,19.0781],[72.88531,19.07769],[72.88506,19.07758]]}},{"type":"Feature","properties":{"kind":"road","class":"minor"},"geometry":{"type":"LineString","coordinates":[[72.88325,19.09188],[72.88279,19.09192],[72.88273,19.09169]]}},{"type":"Feature","properties":{"kind":"road","class":"minor"},"geometry":{"type":"LineString","coordinates":[[72.88291,19.09144],[72.88319,19.09134],[72.88291,19.09144]]}},{"type":"Feature","properties":{"kind":"road","class":"major"},"geometry":{"type":"LineString","coordinates":[[72.87661,19.07649],[72.87752,19.07612],[72.8784,19.07736]]}},{"type":"Feature","properties":{"kind":"road","class":"minor"},"geometry":{"type":"LineString","coordinates":[[72.86314,19.07196],[72.86254,19.07193],[72.8625,19.0721],[72.86269,19.07215]]}},{"type":"Feature","properties":{"kind":"road","class":"major"},"geometry":{"type":"LineString","coordinates":[[72.92897,19.13543],[72.92985,19.13716]]}},{"type":"Feature","properties":{"kind":"road","class":"major"},"geometry":{"type":"LineString","coordinates":[[72.88348,19.09687],[72.88349,19.09905],[72.88395,19.10036]]}},{"type":"Feature","properties":{"kind":"road","class":"major"},"geometry":{"type":"LineString","coordinates":[[72.88361,19.09675],[72.88374,19.09625]]}},{"type":"Feature","properties":{"kind":"road","class":"major"},"geometry":{"type":"LineString","coordinates":[[72.88366,19.09624],[72.88353,19.09671]]}},{"type":"Feature","properties":{"kind":"road","class":"minor"},"geometry":{"type":"LineString","coordinates":[[72.87583,19.07337],[72.87629,19.07327]]}},{"type":"Feature","properties":{"kind":"road","class":"minor"},"geometry":{"type":"LineString","coordinates":[[72.85791,19.06222],[72.85857,19.06257]]}},{"type":"Feature","properties":{"kind":"road","class":"minor"},"geometry":{"type":"LineString","coordinates":[[72.85847,19.06274],[72.85873,19.0626],[72.85872,19.06288]]}},{"type":"Feature","properties":{"kind":"road","class":"minor"},"geometry":{"type":"LineString","coordinates":[[72.85796,19.06617],[72.85793,19.06602],[72.85762,19.06602],[72.85766,19.06577],[72.85787,19.06588],[72.85815,19.06576],[72.85829,19.06591],[72.85793,19.06602]]}},{"type":"Feature","properties":{"kind":"road","class":"minor"},"geometry":{"type":"LineString","coordinates":[[72.86201,19.07146],[72.8622,19.07182],[72.8625,19.07179],[72.86248,19.07128]]}},{"type":"Feature","properties":{"kind":"road","class":"minor"},"geometry":{"type":"LineString","coordinates":[[72.87648,19.06986],[72.87703,19.06978],[72.87688,19.0686],[72.87673,19.06857]]}},{"type":"Feature","properties":{"kind":"road","class":"minor"},"geometry":{"type":"LineString","coordinates":[[72.87616,19.06887],[72.87668,19.06887],[72.8768,19.06969]]}},{"type":"Feature","properties":{"kind":"road","class":"minor"},"geometry":{"type":"LineString","coordinates":[[72.87623,19.0695],[72.87676,19.06938]]}},{"type":"Feature","properties":{"kind":"road","class":"minor"},"geometry":{"type":"LineString","coordinates":[[72.87658,19.06936],[72.87652,19.06916],[72.87618,19.06925]]}},{"type":"Feature","properties":{"kind":"road","class":"minor"},"geometry":{"type":"LineString","coordinates":[[72.85825,19.06262],[72.858,19.06309]]}},{"type":"Feature","properties":{"kind":"road","class":"minor"},"geometry":{"type":"LineString","coordinates":[[72.85818,19.07749],[72.85785,19.07759],[72.85786,19.07775],[72.85809,19.07774],[72.85807,19.07756]]}},{"type":"Feature","properties":{"kind":"road","class":"minor"},"geometry":{"type":"LineString","coordinates":[[72.85337,19.06138],[72.85388,19.06153]]}},{"type":"Feature","properties":{"kind":"road","class":"minor"},"geometry":{"type":"LineString","coordinates":[[72.85392,19.06143],[72.85398,19.06156],[72.85392,19.06143]]}},{"type":"Feature","properties":{"kind":"road","class":"minor"},"geometry":{"type":"LineString","coordinates":[[72.85393,19.06157],[72.85401,19.06172],[72.85401,19.06154]]}},{"type":"Feature","properties":{"kind":"road","class":"minor"},"geometry":{"type":"LineString","coordinates":[[72.85388,19.06146],[72.85337,19.06138]]}},{"type":"Feature","properties":{"kind":"road","class":"minor"},"geometry":{"type":"LineString","coordinates":[[72.85402,19.06151],[72.85471,19.06046]]}},{"type":"Feature","properties":{"kind":"road","class":"minor"},"geometry":{"type":"LineString","coordinates":[[72.85471,19.06046],[72.85522,19.05967]]}},{"type":"Feature","properties":{"kind":"road","class":"minor"},"geometry":{"type":"LineString","coordinates":[[72.85429,19.06058],[72.85409,19.06051],[72.8541,19.06025],[72.85449,19.06009],[72.8546,19.06019],[72.85449,19.06036],[72.85434,19.0603],[72.85429,19.06058]]}},{"type":"Feature","properties":{"kind":"road","class":"minor"},"geometry":{"type":"LineString","coordinates":[[72.85466,19.05984],[72.85455,19.06001],[72.85479,19.06014]]}},{"type":"Feature","properties":{"kind":"road","class":"minor"},"geometry":{"type":"LineString","coordinates":[[72.86389,19.07295],[72.8638,19.07269],[72.8637,19.07294]]}},{"type":"Feature","properties":{"kind":"road","class":"minor"},"geometry":{"type":"LineString","coordinates":[[72.86055,19.07483],[72.8601,19.07515],[72.85989,19.0751],[72.85989,19.07491],[72.86016,19.07486],[72.86027,19.0746]]}},{"type":"Feature","properties":{"kind":"road","class":"minor"},"geometry":{"type":"LineString","coordinates":[[72.85772,19.07705],[72.85818,19.07674]]}},{"type":"Feature","properties":{"kind":"road","class":"minor"},"geometry":{"type":"LineString","coordinates":[[72.8569,19.07648],[72.85735,19.0764],[72.85743,19.07655]]}},{"type":"Feature","properties":{"kind":"road","class":"minor"},"geometry":{"type":"LineString","coordinates":[[72.85681,19.07608],[72.85707,19.07606],[72.85715,19.07643]]}},{"type":"Feature","properties":{"kind":"road","class":"minor"},"geometry":{"type":"LineString","coordinates":[[72.8568083,19.0760778],[72.856277,19.0762078]]}},{"type":"Feature","properties":{"kind":"road","class":"minor"},"geometry":{"type":"LineString","coordinates":[[72.85377,19.07586],[72.85398,19.07586],[72.85394,19.07611]]}},{"type":"Feature","properties":{"kind":"road","class":"minor"},"geometry":{"type":"LineString","coordinates":[[72.85356,19.0621],[72.85367,19.06192],[72.85352,19.06183],[72.85339,19.06202]]}},{"type":"Feature","properties":{"kind":"road","class":"minor"},"geometry":{"type":"LineString","coordinates":[[72.85356,19.06148],[72.85346,19.06172],[72.85374,19.06186],[72.85382,19.06172]]}},{"type":"Feature","properties":{"kind":"road","class":"minor"},"geometry":{"type":"LineString","coordinates":[[72.85668,19.06383],[72.85662,19.06414],[72.8571,19.06462],[72.8566,19.06539],[72.85649,19.06527],[72.85685,19.06473]]}},{"type":"Feature","properties":{"kind":"road","class":"minor"},"geometry":{"type":"LineString","coordinates":[[72.85699,19.06484],[72.85622,19.0642]]}},{"type":"Feature","properties":{"kind":"road","class":"minor"},"geometry":{"type":"LineString","coordinates":[[72.85649,19.06527],[72.85635,19.06514],[72.85671,19.06461]]}},{"type":"Feature","properties":{"kind":"road","class":"minor"},"geometry":{"type":"LineString","coordinates":[[72.85582,19.06397],[72.85639,19.06462],[72.85625,19.06492],[72.85641,19.06505]]}},{"type":"Feature","properties":{"kind":"road","class":"minor"},"geometry":{"type":"LineString","coordinates":[[72.86146,19.07475],[72.86108,19.07472],[72.86115,19.07529],[72.8613,19.07526],[72.86132,19.07478]]}},{"type":"Feature","properties":{"kind":"road","class":"minor"},"geometry":{"type":"LineString","coordinates":[[72.86096,19.07328],[72.86124,19.07352]]}},{"type":"Feature","properties":{"kind":"road","class":"minor"},"geometry":{"type":"LineString","coordinates":[[72.86017,19.07457],[72.8601,19.0748],[72.85985,19.07474]]}},{"type":"Feature","properties":{"kind":"road","class":"minor"},"geometry":{"type":"LineString","coordinates":[[72.85522,19.07794],[72.85462,19.07786],[72.85459,19.07747],[72.85479,19.07751],[72.8548,19.07788]]}},{"type":"Feature","properties":{"kind":"road","class":"minor"},"geometry":{"type":"LineString","coordinates":[[72.85436,19.07776],[72.85455,19.07788],[72.85454,19.07761],[72.85431,19.07758],[72.85436,19.07776]]}},{"type":"Feature","properties":{"kind":"road","class":"minor"},"geometry":{"type":"LineString","coordinates":[[72.85508,19.07917],[72.85529,19.07868],[72.85553,19.07878],[72.85531,19.07917]]}},{"type":"Feature","properties":{"kind":"road","class":"minor"},"geometry":{"type":"LineString","coordinates":[[72.85531,19.07917],[72.85536,19.07944],[72.8555,19.07944],[72.85563,19.07907]]}},{"type":"Feature","properties":{"kind":"road","class":"minor"},"geometry":{"type":"LineString","coordinates":[[72.8558,19.07895],[72.85615,19.07919],[72.85606,19.07889]]}},{"type":"Feature","properties":{"kind":"road","class":"minor"},"geometry":{"type":"LineString","coordinates":[[72.85606,19.07889],[72.85579,19.07848],[72.85564,19.07855],[72.8558,19.07895]]}},{"type":"Feature","properties":{"kind":"road","class":"minor"},"geometry":{"type":"LineString","coordinates":[[72.85342,19.08005],[72.85378,19.07992]]}},{"type":"Feature","properties":{"kind":"road","class":"minor"},"geometry":{"type":"LineString","coordinates":[[72.85346,19.08089],[72.85359,19.08059],[72.85389,19.08061]]}},{"type":"Feature","properties":{"kind":"road","class":"minor"},"geometry":{"type":"LineString","coordinates":[[72.85364,19.07668],[72.854,19.07667],[72.85374,19.07655]]}},{"type":"Feature","properties":{"kind":"road","class":"minor"},"geometry":{"type":"LineString","coordinates":[[72.85353,19.07672],[72.85306,19.0769],[72.85287,19.07757]]}},{"type":"Feature","properties":{"kind":"road","class":"minor"},"geometry":{"type":"LineString","coordinates":[[72.85358,19.08232],[72.85269,19.08089]]}},{"type":"Feature","properties":{"kind":"road","class":"minor"},"geometry":{"type":"LineString","coordinates":[[72.85448,19.07949],[72.85459,19.07965],[72.85462,19.07949]]}},{"type":"Feature","properties":{"kind":"road","class":"minor"},"geometry":{"type":"LineString","coordinates":[[72.85366,19.08002],[72.85372,19.08049],[72.85381,19.08038]]}},{"type":"Feature","properties":{"kind":"road","class":"minor"},"geometry":{"type":"LineString","coordinates":[[72.8536,19.08235],[72.85332,19.08251],[72.85296,19.08244],[72.85322,19.08275],[72.85338,19.08268],[72.85332,19.08251]]}},{"type":"Feature","properties":{"kind":"road","class":"minor"},"geometry":{"type":"LineString","coordinates":[[72.85306,19.07884],[72.85334,19.07867],[72.85367,19.07893]]}},{"type":"Feature","properties":{"kind":"road","class":"minor"},"geometry":{"type":"LineString","coordinates":[[72.85375,19.07923],[72.85431,19.07915]]}},{"type":"Feature","properties":{"kind":"road","class":"minor"},"geometry":{"type":"LineString","coordinates":[[72.87799,19.06863],[72.87759,19.06863],[72.87719,19.0683],[72.87714,19.06842],[72.87759,19.06863]]}},{"type":"Feature","properties":{"kind":"road","class":"minor"},"geometry":{"type":"LineString","coordinates":[[72.87788,19.0674],[72.87706,19.06761],[72.87699,19.0679]]}},{"type":"Feature","properties":{"kind":"road","class":"minor"},"geometry":{"type":"LineString","coordinates":[[72.87704,19.06766],[72.87667,19.06785],[72.87675,19.06797],[72.87696,19.06771]]}},{"type":"Feature","properties":{"kind":"road","class":"minor"},"geometry":{"type":"LineString","coordinates":[[72.86916,19.06614],[72.86888,19.06643]]}},{"type":"Feature","properties":{"kind":"road","class":"minor"},"geometry":{"type":"LineString","coordinates":[[72.85947,19.07473],[72.85942,19.07516],[72.85915,19.07509],[72.85944,19.075]]}},{"type":"Feature","properties":{"kind":"road","class":"minor"},"geometry":{"type":"LineString","coordinates":[[72.85422,19.08006],[72.85416,19.08022],[72.85392,19.08014]]}},{"type":"Feature","properties":{"kind":"road","class":"minor"},"geometry":{"type":"LineString","coordinates":[[72.85368,19.07904],[72.85404,19.07905],[72.85372,19.07917]]}},{"type":"Feature","properties":{"kind":"road","class":"minor"},"geometry":{"type":"LineString","coordinates":[[72.8541,19.07917],[72.85423,19.079],[72.85427,19.07915]]}},{"type":"Feature","properties":{"kind":"road","class":"minor"},"geometry":{"type":"LineString","coordinates":[[72.85436,19.0779],[72.85455,19.0779],[72.85457,19.07805],[72.8544,19.07806],[72.85439,19.0779]]}},{"type":"Feature","properties":{"kind":"road","class":"minor"},"geometry":{"type":"LineString","coordinates":[[72.85537,19.0782],[72.85508,19.0783],[72.85497,19.07814],[72.85516,19.07805],[72.85527,19.07825]]}},{"type":"Feature","properties":{"kind":"road","class":"major"},"geometry":{"type":"LineString","coordinates":[[72.85504,19.11321],[72.85823,19.11212]]}},{"type":"Feature","properties":{"kind":"road","class":"minor"},"geometry":{"type":"LineString","coordinates":[[72.85439,19.08357],[72.855,19.08362],[72.85497,19.08375],[72.85451,19.08376]]}},{"type":"Feature","properties":{"kind":"road","class":"minor"},"geometry":{"type":"LineString","coordinates":[[72.85377,19.06214],[72.85407,19.06229],[72.85427,19.06204],[72.85513,19.0629]]}},{"type":"Feature","properties":{"kind":"road","class":"minor"},"geometry":{"type":"LineString","coordinates":[[72.89343,19.06593],[72.89351,19.06617],[72.89398,19.06613]]}},{"type":"Feature","properties":{"kind":"road","class":"minor"},"geometry":{"type":"LineString","coordinates":[[72.85841,19.08257],[72.85845,19.08212],[72.85817,19.08206]]}},{"type":"Feature","properties":{"kind":"road","class":"minor"},"geometry":{"type":"LineString","coordinates":[[72.85665,19.08236],[72.85841,19.08257]]}},{"type":"Feature","properties":{"kind":"road","class":"minor"},"geometry":{"type":"LineString","coordinates":[[72.85524,19.0839],[72.85562,19.08398],[72.85566,19.08347]]}},{"type":"Feature","properties":{"kind":"road","class":"minor"},"geometry":{"type":"LineString","coordinates":[[72.85592,19.08373],[72.85621,19.08319]]}},{"type":"Feature","properties":{"kind":"road","class":"minor"},"geometry":{"type":"LineString","coordinates":[[72.85588,19.08319],[72.85569,19.08314],[72.85584,19.0823]]}},{"type":"Feature","properties":{"kind":"road","class":"minor"},"geometry":{"type":"LineString","coordinates":[[72.85573,19.08291],[72.85655,19.08297]]}},{"type":"Feature","properties":{"kind":"road","class":"minor"},"geometry":{"type":"LineString","coordinates":[[72.8561,19.08294],[72.85618,19.0823]]}},{"type":"Feature","properties":{"kind":"road","class":"minor"},"geometry":{"type":"LineString","coordinates":[[72.85748,19.08197],[72.85672,19.08187]]}},{"type":"Feature","properties":{"kind":"road","class":"minor"},"geometry":{"type":"LineString","coordinates":[[72.85616,19.08189],[72.85616,19.08216],[72.85637,19.08218],[72.8564,19.08188]]}},{"type":"Feature","properties":{"kind":"road","class":"minor"},"geometry":{"type":"LineString","coordinates":[[72.85561,19.0822],[72.85596,19.08212],[72.85569,19.08207],[72.85566,19.08221]]}},{"type":"Feature","properties":{"kind":"road","class":"major"},"geometry":{"type":"LineString","coordinates":[[72.91111,19.05486],[72.91071,19.05196]]}},{"type":"Feature","properties":{"kind":"road","class":"major"},"geometry":{"type":"LineString","coordinates":[[72.89377,19.12636],[72.89483,19.12757]]}},{"type":"Feature","properties":{"kind":"road","class":"major"},"geometry":{"type":"LineString","coordinates":[[72.88918,19.11562],[72.889,19.11443],[72.8885,19.11307],[72.88853,19.11257]]}},{"type":"Feature","properties":{"kind":"road","class":"minor"},"geometry":{"type":"LineString","coordinates":[[72.89425,19.05336],[72.89389,19.05338],[72.89382,19.05319],[72.89417,19.0531],[72.89433,19.05333]]}},{"type":"Feature","properties":{"kind":"road","class":"minor"},"geometry":{"type":"LineString","coordinates":[[72.90092,19.05388],[72.90082,19.05407],[72.90114,19.05406],[72.90114,19.05389],[72.90092,19.05388]]}},{"type":"Feature","properties":{"kind":"road","class":"minor"},"geometry":{"type":"LineString","coordinates":[[72.8985,19.05946],[72.89815,19.05945],[72.89813,19.05959],[72.8985,19.05962]]}},{"type":"Feature","properties":{"kind":"road","class":"minor"},"geometry":{"type":"LineString","coordinates":[[72.89195,19.05503],[72.89216,19.05496],[72.89211,19.05467]]}},{"type":"Feature","properties":{"kind":"road","class":"minor"},"geometry":{"type":"LineString","coordinates":[[72.89217,19.05421],[72.89232,19.05476],[72.89246,19.05473],[72.89244,19.05421]]}},{"type":"Feature","properties":{"kind":"road","class":"minor"},"geometry":{"type":"LineString","coordinates":[[72.89196,19.05435],[72.89182,19.05437],[72.89204,19.055]]}},{"type":"Feature","properties":{"kind":"road","class":"minor"},"geometry":{"type":"LineString","coordinates":[[72.88177,19.05974],[72.88206,19.05943],[72.88222,19.05956],[72.88203,19.05982],[72.88182,19.05968]]}},{"type":"Feature","properties":{"kind":"road","class":"minor"},"geometry":{"type":"LineString","coordinates":[[72.88201,19.05993],[72.88188,19.0601],[72.88215,19.0603],[72.8823,19.06015]]}},{"type":"Feature","properties":{"kind":"road","class":"minor"},"geometry":{"type":"LineString","coordinates":[[72.87855,19.05953],[72.87876,19.05895],[72.87898,19.05902],[72.87897,19.05941],[72.87911,19.05907],[72.87929,19.05911],[72.87894,19.05966]]}},{"type":"Feature","properties":{"kind":"road","class":"minor"},"geometry":{"type":"LineString","coordinates":[[72.8785695,19.0594804],[72.8789624,19.0596059]]}},{"type":"Feature","properties":{"kind":"road","class":"minor"},"geometry":{"type":"LineString","coordinates":[[72.88369,19.06609],[72.88397,19.06617],[72.88409,19.06587],[72.88385,19.06577]]}},{"type":"Feature","properties":{"kind":"road","class":"minor"},"geometry":{"type":"LineString","coordinates":[[72.87109,19.05481],[72.87029,19.05535],[72.87043,19.05574],[72.87064,19.0556]]}},{"type":"Feature","properties":{"kind":"road","class":"minor"},"geometry":{"type":"LineString","coordinates":[[72.87136,19.05455],[72.87109,19.05481]]}},{"type":"Feature","properties":{"kind":"road","class":"minor"},"geometry":{"type":"LineString","coordinates":[[72.871,19.05487],[72.87121,19.05513],[72.87105,19.05532]]}},{"type":"Feature","properties":{"kind":"road","class":"minor"},"geometry":{"type":"LineString","coordinates":[[72.89133,19.05439],[72.89134,19.05479],[72.89146,19.05456]]}},{"type":"Feature","properties":{"kind":"road","class":"major"},"geometry":{"type":"LineString","coordinates":[[72.88939,19.05409],[72.88964,19.05377]]}},{"type":"Feature","properties":{"kind":"road","class":"major"},"geometry":{"type":"LineString","coordinates":[[72.88954,19.05376],[72.8892,19.05394]]}},{"type":"Feature","properties":{"kind":"road","class":"major"},"geometry":{"type":"LineString","coordinates":[[72.88451,19.08433],[72.88336,19.08392],[72.88269,19.08345]]}},{"type":"Feature","properties":{"kind":"road","class":"major"},"geometry":{"type":"LineString","coordinates":[[72.88265,19.0835],[72.88338,19.08403],[72.8845,19.08442]]}},{"type":"Feature","properties":{"kind":"road","class":"minor"},"geometry":{"type":"LineString","coordinates":[[72.88267,19.06549],[72.88293,19.06567],[72.88323,19.06537]]}},{"type":"Feature","properties":{"kind":"road","class":"minor"},"geometry":{"type":"LineString","coordinates":[[72.88329,19.06542],[72.88313,19.06531],[72.8831,19.06551]]}},{"type":"Feature","properties":{"kind":"road","class":"minor"},"geometry":{"type":"LineString","coordinates":[[72.88289,19.06575],[72.88228,19.06525]]}},{"type":"Feature","properties":{"kind":"road","class":"minor"},"geometry":{"type":"LineString","coordinates":[[72.88281,19.06567],[72.88243,19.06591],[72.88251,19.06603]]}},{"type":"Feature","properties":{"kind":"road","class":"minor"},"geometry":{"type":"LineString","coordinates":[[72.8822347,19.065868],[72.8825439,19.0654713]]}},{"type":"Feature","properties":{"kind":"road","class":"minor"},"geometry":{"type":"LineString","coordinates":[[72.8820671,19.0657616],[72.8823696,19.0653245]]}},{"type":"Feature","properties":{"kind":"road","class":"minor"},"geometry":{"type":"LineString","coordinates":[[72.88559,19.06374],[72.88535,19.06397],[72.88511,19.06378],[72.88533,19.06351]]}},{"type":"Feature","properties":{"kind":"road","class":"minor"},"geometry":{"type":"LineString","coordinates":[[72.89516,19.06967],[72.89551,19.06947],[72.89562,19.06957],[72.89562,19.06981],[72.89535,19.06998]]}},{"type":"Feature","properties":{"kind":"road","class":"minor"},"geometry":{"type":"LineString","coordinates":[[72.89543,19.06993],[72.89528,19.0696]]}},{"type":"Feature","properties":{"kind":"road","class":"minor"},"geometry":{"type":"LineString","coordinates":[[72.89483,19.06999],[72.89506,19.07028],[72.89522,19.07019],[72.89501,19.06988],[72.89483,19.06999]]}},{"type":"Feature","properties":{"kind":"road","class":"minor"},"geometry":{"type":"LineString","coordinates":[[72.89149,19.06429],[72.89177,19.06473],[72.89229,19.06463]]}},{"type":"Feature","properties":{"kind":"road","class":"minor"},"geometry":{"type":"LineString","coordinates":[[72.88519,19.06267],[72.88531,19.06271],[72.88545,19.06237],[72.88532,19.06233],[72.88519,19.06267]]}},{"type":"Feature","properties":{"kind":"road","class":"minor"},"geometry":{"type":"LineString","coordinates":[[72.88569,19.06212],[72.88596,19.06242]]}},{"type":"Feature","properties":{"kind":"road","class":"minor"},"geometry":{"type":"LineString","coordinates":[[72.88516,19.06311],[72.8853,19.06277],[72.88517,19.06274],[72.88506,19.06304]]}},{"type":"Feature","properties":{"kind":"road","class":"minor"},"geometry":{"type":"LineString","coordinates":[[72.88475,19.06237],[72.885,19.06244],[72.8853,19.06173],[72.8851,19.0616]]}},{"type":"Feature","properties":{"kind":"road","class":"minor"},"geometry":{"type":"LineString","coordinates":[[72.88481,19.06239],[72.88515,19.06163]]}},{"type":"Feature","properties":{"kind":"road","class":"minor"},"geometry":{"type":"LineString","coordinates":[[72.8785697,19.060289],[72.878161,19.0604094]]}},{"type":"Feature","properties":{"kind":"road","class":"minor"},"geometry":{"type":"LineString","coordinates":[[72.87838,19.05988],[72.878,19.06001],[72.87809,19.06029]]}},{"type":"Feature","properties":{"kind":"road","class":"minor"},"geometry":{"type":"LineString","coordinates":[[72.88713,19.0784551],[72.8864669,19.0791831]]}},{"type":"Feature","properties":{"kind":"road","class":"major"},"geometry":{"type":"LineString","coordinates":[[72.91193,19.06054],[72.91052,19.06041],[72.91002,19.06052]]}},{"type":"Feature","properties":{"kind":"road","class":"minor"},"geometry":{"type":"LineString","coordinates":[[72.89411,19.05507],[72.89408,19.05483],[72.89424,19.05481],[72.8943,19.055]]}},{"type":"Feature","properties":{"kind":"road","class":"minor"},"geometry":{"type":"LineString","coordinates":[[72.88477,19.06183],[72.88461,19.06169],[72.88484,19.06143]]}},{"type":"Feature","properties":{"kind":"road","class":"minor"},"geometry":{"type":"LineString","coordinates":[[72.88484,19.06143],[72.88497,19.06153],[72.88473,19.0618]]}},{"type":"Feature","properties":{"kind":"road","class":"major"},"geometry":{"type":"LineString","coordinates":[[72.90623,19.08826],[72.90564,19.08805]]}},{"type":"Feature","properties":{"kind":"road","class":"major"},"geometry":{"type":"LineString","coordinates":[[72.9055,19.08802],[72.90498,19.08789]]}},{"type":"Feature","properties":{"kind":"road","class":"minor"},"geometry":{"type":"LineString","coordinates":[[72.90064,19.09549],[72.90027,19.09558]]}},{"type":"Feature","properties":{"kind":"road","class":"minor"},"geometry":{"type":"LineString","coordinates":[[72.89964,19.09414],[72.89971,19.09441],[72.89935,19.0945]]}},{"type":"Feature","properties":{"kind":"road","class":"minor"},"geometry":{"type":"LineString","coordinates":[[72.89861,19.09493],[72.89901,19.09483],[72.89902,19.09506],[72.89887,19.09509],[72.89884,19.0949]]}},{"type":"Feature","properties":{"kind":"road","class":"minor"},"geometry":{"type":"LineString","coordinates":[[72.89913,19.09438],[72.89908,19.09478],[72.89884,19.09476],[72.89913,19.09448]]}},{"type":"Feature","properties":{"kind":"road","class":"minor"},"geometry":{"type":"LineString","coordinates":[[72.8987,19.09534],[72.89883,19.09572],[72.89902,19.09567],[72.89894,19.09533],[72.89871,19.09538]]}},{"type":"Feature","properties":{"kind":"road","class":"minor"},"geometry":{"type":"LineString","coordinates":[[72.89871,19.09538],[72.89855,19.09556],[72.89876,19.09552]]}},{"type":"Feature","properties":{"kind":"road","class":"minor"},"geometry":{"type":"LineString","coordinates":[[72.90068,19.09467],[72.90119,19.09449]]}},{"type":"Feature","properties":{"kind":"road","class":"minor"},"geometry":{"type":"LineString","coordinates":[[72.9008,19.09468],[72.90122,19.09457],[72.90124,19.09471],[72.90095,19.09483]]}},{"type":"Feature","properties":{"kind":"road","class":"minor"},"geometry":{"type":"LineString","coordinates":[[72.90041,19.09489],[72.89993,19.09493],[72.90001,19.09507]]}},{"type":"Feature","properties":{"kind":"road","class":"minor"},"geometry":{"type":"LineString","coordinates":[[72.900625,19.0943104],[72.9009615,19.0941421]]}},{"type":"Feature","properties":{"kind":"road","class":"minor"},"geometry":{"type":"LineString","coordinates":[[72.90018,19.08219],[72.90018,19.08262],[72.90045,19.08263],[72.90051,19.08229]]}},{"type":"Feature","properties":{"kind":"road","class":"minor"},"geometry":{"type":"LineString","coordinates":[[72.90014,19.08218],[72.89997,19.08243],[72.89993,19.08212]]}},{"type":"Feature","properties":{"kind":"road","class":"minor"},"geometry":{"type":"LineString","coordinates":[[72.90018,19.08219],[72.9001,19.08189]]}},{"type":"Feature","properties":{"kind":"road","class":"minor"},"geometry":{"type":"LineString","coordinates":[[72.9002,19.08195],[72.90043,19.08201],[72.90045,19.08184],[72.90016,19.08174],[72.9001,19.08189]]}},{"type":"Feature","properties":{"kind":"road","class":"minor"},"geometry":{"type":"LineString","coordinates":[[72.89988,19.08211],[72.89995,19.08178],[72.90016,19.08174]]}},{"type":"Feature","properties":{"kind":"road","class":"minor"},"geometry":{"type":"LineString","coordinates":[[72.89983,19.08209],[72.89969,19.08137]]}},{"type":"Feature","properties":{"kind":"road","class":"minor"},"geometry":{"type":"LineString","coordinates":[[72.90078,19.08429],[72.90013,19.08296]]}},{"type":"Feature","properties":{"kind":"road","class":"minor"},"geometry":{"type":"LineString","coordinates":[[72.90061,19.08394],[72.90083,19.08387],[72.90092,19.08408],[72.90075,19.08415],[72.90066,19.08393]]}},{"type":"Feature","properties":{"kind":"road","class":"minor"},"geometry":{"type":"LineString","coordinates":[[72.90079,19.08354],[72.90074,19.08339],[72.90107,19.08327]]}},{"type":"Feature","properties":{"kind":"road","class":"minor"},"geometry":{"type":"LineString","coordinates":[[72.90061,19.08389],[72.90045,19.08351],[72.90061,19.08344],[72.9008,19.08384],[72.90061,19.08389]]}},{"type":"Feature","properties":{"kind":"road","class":"minor"},"geometry":{"type":"LineString","coordinates":[[72.90081,19.08251],[72.90106,19.08227],[72.90104,19.08264]]}},{"type":"Feature","properties":{"kind":"road","class":"minor"},"geometry":{"type":"LineString","coordinates":[[72.89895,19.08749],[72.89897,19.08715]]}},{"type":"Feature","properties":{"kind":"road","class":"minor"},"geometry":{"type":"LineString","coordinates":[[72.89374,19.09379],[72.89378,19.09353],[72.89401,19.09345]]}},{"type":"Feature","properties":{"kind":"road","class":"major"},"geometry":{"type":"LineString","coordinates":[[72.89042,19.08464],[72.88849,19.08486]]}},{"type":"Feature","properties":{"kind":"road","class":"minor"},"geometry":{"type":"LineString","coordinates":[[72.88239,19.08548],[72.88247,19.08607],[72.88234,19.08608],[72.8823,19.08582]]}},{"type":"Feature","properties":{"kind":"road","class":"minor"},"geometry":{"type":"LineString","coordinates":[[72.88231,19.08591],[72.88215,19.0859],[72.88213,19.08563],[72.88241,19.08561]]}},{"type":"Feature","properties":{"kind":"road","class":"minor"},"geometry":{"type":"LineString","coordinates":[[72.8929,19.08771],[72.89235,19.0878],[72.89226,19.08759],[72.89212,19.08763]]}},{"type":"Feature","properties":{"kind":"road","class":"minor"},"geometry":{"type":"LineString","coordinates":[[72.89344,19.08947],[72.89316,19.09007]]}},{"type":"Feature","properties":{"kind":"road","class":"minor"},"geometry":{"type":"LineString","coordinates":[[72.89212,19.08763],[72.89175,19.08754]]}},{"type":"Feature","properties":{"kind":"road","class":"minor"},"geometry":{"type":"LineString","coordinates":[[72.89256,19.08144],[72.88949,19.08053]]}},{"type":"Feature","properties":{"kind":"road","class":"minor"},"geometry":{"type":"LineString","coordinates":[[72.8932,19.08168],[72.89256,19.08144]]}},{"type":"Feature","properties":{"kind":"road","class":"minor"},"geometry":{"type":"LineString","coordinates":[[72.8939,19.08129],[72.89369,19.08121],[72.89381,19.08097]]}},{"type":"Feature","properties":{"kind":"road","class":"minor"},"geometry":{"type":"LineString","coordinates":[[72.8951561,19.0806733],[72.8953687,19.0801606]]}},{"type":"Feature","properties":{"kind":"road","class":"minor"},"geometry":{"type":"LineString","coordinates":[[72.89491,19.08119],[72.89516,19.08067]]}},{"type":"Feature","properties":{"kind":"road","class":"minor"},"geometry":{"type":"LineString","coordinates":[[72.89471,19.08112],[72.89493,19.08067],[72.89514,19.08071]]}},{"type":"Feature","properties":{"kind":"road","class":"minor"},"geometry":{"type":"LineString","coordinates":[[72.89533,19.08014],[72.89627,19.08061]]}},{"type":"Feature","properties":{"kind":"road","class":"major"},"geometry":{"type":"LineString","coordinates":[[72.90418,19.0878],[72.90498,19.08789]]}},{"type":"Feature","properties":{"kind":"road","class":"minor"},"geometry":{"type":"LineString","coordinates":[[72.89789,19.08183],[72.89738,19.08167]]}},{"type":"Feature","properties":{"kind":"road","class":"minor"},"geometry":{"type":"LineString","coordinates":[[72.8974,19.08143],[72.89694,19.08134],[72.89692,19.08114]]}},{"type":"Feature","properties":{"kind":"road","class":"minor"},"geometry":{"type":"LineString","coordinates":[[72.89652,19.08087],[72.89668,19.08175]]}},{"type":"Feature","properties":{"kind":"road","class":"minor"},"geometry":{"type":"LineString","coordinates":[[72.89739,19.08154],[72.89668,19.08159]]}},{"type":"Feature","properties":{"kind":"road","class":"minor"},"geometry":{"type":"LineString","coordinates":[[72.89565,19.07935],[72.89533,19.08007]]}},{"type":"Feature","properties":{"kind":"road","class":"minor"},"geometry":{"type":"LineString","coordinates":[[72.8956482,19.079347],[72.8958951,19.0788066]]}},{"type":"Feature","properties":{"kind":"road","class":"minor"},"geometry":{"type":"LineString","coordinates":[[72.89384,19.07897],[72.89373,19.07925],[72.89418,19.07943],[72.89431,19.07933]]}},{"type":"Feature","properties":{"kind":"road","class":"minor"},"geometry":{"type":"LineString","coordinates":[[72.89468,19.07949],[72.89463,19.07966],[72.89506,19.07983],[72.89534,19.07971]]}},{"type":"Feature","properties":{"kind":"road","class":"minor"},"geometry":{"type":"LineString","coordinates":[[72.89545,19.07936],[72.89506,19.07918]]}},{"type":"Feature","properties":{"kind":"road","class":"minor"},"geometry":{"type":"LineString","coordinates":[[72.8959,19.07881],[72.89448,19.0778]]}},{"type":"Feature","properties":{"kind":"road","class":"minor"},"geometry":{"type":"LineString","coordinates":[[72.89354,19.07924],[72.89537,19.07999]]}},{"type":"Feature","properties":{"kind":"road","class":"minor"},"geometry":{"type":"LineString","coordinates":[[72.89667,19.08278],[72.89669,19.08189]]}},{"type":"Feature","properties":{"kind":"road","class":"minor"},"geometry":{"type":"LineString","coordinates":[[72.8972,19.08226],[72.89738,19.08167]]}},{"type":"Feature","properties":{"kind":"road","class":"minor"},"geometry":{"type":"LineString","coordinates":[[72.89726,19.0821],[72.89666,19.0822]]}},{"type":"Feature","properties":{"kind":"road","class":"minor"},"geometry":{"type":"LineString","coordinates":[[72.89671,19.08265],[72.89711,19.08258],[72.8972,19.08226]]}},{"type":"Feature","properties":{"kind":"road","class":"minor"},"geometry":{"type":"LineString","coordinates":[[72.8876422,19.0795738],[72.8890246,19.0806334]]}},{"type":"Feature","properties":{"kind":"road","class":"minor"},"geometry":{"type":"LineString","coordinates":[[72.8887872,19.0803271],[72.8891278,19.0799169]]}},{"type":"Feature","properties":{"kind":"road","class":"minor"},"geometry":{"type":"LineString","coordinates":[[72.88839,19.07971],[72.88882,19.08003]]}},{"type":"Feature","properties":{"kind":"road","class":"minor"},"geometry":{"type":"LineString","coordinates":[[72.8881161,19.0798148],[72.888463,19.0794311]]}},{"type":"Feature","properties":{"kind":"road","class":"minor"},"geometry":{"type":"LineString","coordinates":[[72.88773,19.07921],[72.88818,19.07955]]}},{"type":"Feature","properties":{"kind":"road","class":"minor"},"geometry":{"type":"LineString","coordinates":[[72.8861891,19.0787992],[72.886728,19.0781608]]}},{"type":"Feature","properties":{"kind":"road","class":"minor"},"geometry":{"type":"LineString","coordinates":[[72.88599,19.07759],[72.88661,19.07688]]}},{"type":"Feature","properties":{"kind":"road","class":"minor"},"geometry":{"type":"LineString","coordinates":[[72.88623,19.07778],[72.88685,19.07707]]}},{"type":"Feature","properties":{"kind":"road","class":"minor"},"geometry":{"type":"LineString","coordinates":[[72.88673,19.07816],[72.88737,19.07745]]}},{"type":"Feature","properties":{"kind":"road","class":"minor"},"geometry":{"type":"LineString","coordinates":[[72.88673,19.07789],[72.8871,19.07748]]}},{"type":"Feature","properties":{"kind":"road","class":"minor"},"geometry":{"type":"LineString","coordinates":[[72.88707,19.07814],[72.88745,19.07771]]}},{"type":"Feature","properties":{"kind":"road","class":"minor"},"geometry":{"type":"LineString","coordinates":[[72.88661,19.07688],[72.88722,19.07623]]}},{"type":"Feature","properties":{"kind":"road","class":"minor"},"geometry":{"type":"LineString","coordinates":[[72.8869033,19.0770117],[72.8872924,19.0765759]]}},{"type":"Feature","properties":{"kind":"road","class":"minor"},"geometry":{"type":"LineString","coordinates":[[72.88604,19.07753],[72.88583,19.07733],[72.88631,19.07676],[72.88657,19.07692]]}},{"type":"Feature","properties":{"kind":"road","class":"minor"},"geometry":{"type":"LineString","coordinates":[[72.88633,19.07666],[72.88683,19.07608]]}},{"type":"Feature","properties":{"kind":"road","class":"minor"},"geometry":{"type":"LineString","coordinates":[[72.88731,19.07723],[72.88769,19.0768]]}},{"type":"Feature","properties":{"kind":"road","class":"minor"},"geometry":{"type":"LineString","coordinates":[[72.88737,19.07745],[72.88797,19.07681]]}},{"type":"Feature","properties":{"kind":"road","class":"minor"},"geometry":{"type":"LineString","coordinates":[[72.88765,19.07748],[72.88802,19.07706]]}},{"type":"Feature","properties":{"kind":"road","class":"minor"},"geometry":{"type":"LineString","coordinates":[[72.88718,19.07599],[72.88756,19.07555]]}},{"type":"Feature","properties":{"kind":"road","class":"minor"},"geometry":{"type":"LineString","coordinates":[[72.88754,19.0763],[72.8879,19.07585]]}},{"type":"Feature","properties":{"kind":"road","class":"minor"},"geometry":{"type":"LineString","coordinates":[[72.88722,19.07623],[72.88776,19.07562]]}},{"type":"Feature","properties":{"kind":"road","class":"minor"},"geometry":{"type":"LineString","coordinates":[[72.8878897,19.0765695],[72.888264,19.0761318]]}},{"type":"Feature","properties":{"kind":"road","class":"minor"},"geometry":{"type":"LineString","coordinates":[[72.8879688,19.076806],[72.8884873,19.0761966]]}},{"type":"Feature","properties":{"kind":"road","class":"minor"},"geometry":{"type":"LineString","coordinates":[[72.88821,19.07684],[72.88858,19.07639]]}},{"type":"Feature","properties":{"kind":"road","class":"minor"},"geometry":{"type":"LineString","coordinates":[[72.88852,19.07722],[72.88898,19.07667]]}},{"type":"Feature","properties":{"kind":"road","class":"minor"},"geometry":{"type":"LineString","coordinates":[[72.88892,19.07737],[72.88929,19.07692]]}},{"type":"Feature","properties":{"kind":"road","class":"minor"},"geometry":{"type":"LineString","coordinates":[[72.88866,19.07732],[72.88911,19.07677]]}},{"type":"Feature","properties":{"kind":"road","class":"minor"},"geometry":{"type":"LineString","coordinates":[[72.8892348,19.0777569],[72.8897245,19.0771634]]}},{"type":"Feature","properties":{"kind":"road","class":"minor"},"geometry":{"type":"LineString","coordinates":[[72.8893571,19.0778522],[72.8898637,19.0772454]]}},{"type":"Feature","properties":{"kind":"road","class":"minor"},"geometry":{"type":"LineString","coordinates":[[72.88961,19.0779],[72.88999,19.07745]]}},{"type":"Feature","properties":{"kind":"road","class":"minor"},"geometry":{"type":"LineString","coordinates":[[72.88314,19.07435],[72.88315,19.07413],[72.8838,19.07416]]}},{"type":"Feature","properties":{"kind":"road","class":"minor"},"geometry":{"type":"LineString","coordinates":[[72.8951019,19.0787259],[72.8957019,19.078629]]}},{"type":"Feature","properties":{"kind":"road","class":"minor"},"geometry":{"type":"LineString","coordinates":[[72.89225,19.06318],[72.89255,19.0635]]}},{"type":"Feature","properties":{"kind":"road","class":"minor"},"geometry":{"type":"LineString","coordinates":[[72.89102,19.06371],[72.89119,19.06414]]}},{"type":"Feature","properties":{"kind":"road","class":"minor"},"geometry":{"type":"LineString","coordinates":[[72.89116,19.06406],[72.89252,19.06347]]}},{"type":"Feature","properties":{"kind":"road","class":"major"},"geometry":{"type":"LineString","coordinates":[[72.87503,19.12111],[72.87581,19.12086]]}},{"type":"Feature","properties":{"kind":"road","class":"major"},"geometry":{"type":"LineString","coordinates":[[72.85952,19.06289],[72.86027,19.0641],[72.86208,19.06529]]}},{"type":"Feature","properties":{"kind":"road","class":"minor"},"geometry":{"type":"LineString","coordinates":[[72.88094,19.07946],[72.88096,19.07885]]}},{"type":"Feature","properties":{"kind":"road","class":"minor"},"geometry":{"type":"LineString","coordinates":[[72.8809417,19.0793059],[72.881419,19.079316]]}},{"type":"Feature","properties":{"kind":"road","class":"minor"},"geometry":{"type":"LineString","coordinates":[[72.88007,19.06242],[72.87965,19.06268],[72.87981,19.06283],[72.88015,19.06253]]}},{"type":"Feature","properties":{"kind":"road","class":"minor"},"geometry":{"type":"LineString","coordinates":[[72.88054,19.06293],[72.88058,19.06342],[72.88066,19.06304]]}},{"type":"Feature","properties":{"kind":"road","class":"minor"},"geometry":{"type":"LineString","coordinates":[[72.88303,19.0649],[72.88322,19.06471],[72.8836,19.06484]]}},{"type":"Feature","properties":{"kind":"road","class":"minor"},"geometry":{"type":"LineString","coordinates":[[72.8834276,19.0661748],[72.8846569,19.0634716]]}},{"type":"Feature","properties":{"kind":"road","class":"minor"},"geometry":{"type":"LineString","coordinates":[[72.88466,19.06347],[72.88486,19.06303]]}},{"type":"Feature","properties":{"kind":"road","class":"minor"},"geometry":{"type":"LineString","coordinates":[[72.88148,19.06285],[72.88139,19.06297],[72.88105,19.06289],[72.88123,19.06259]]}},{"type":"Feature","properties":{"kind":"road","class":"minor"},"geometry":{"type":"LineString","coordinates":[[72.88494,19.06398],[72.88513,19.06384],[72.88537,19.06404],[72.88524,19.0642]]}},{"type":"Feature","properties":{"kind":"road","class":"minor"},"geometry":{"type":"LineString","coordinates":[[72.88584,19.06321],[72.88597,19.06304],[72.8856,19.06273]]}},{"type":"Feature","properties":{"kind":"road","class":"minor"},"geometry":{"type":"LineString","coordinates":[[72.88587,19.06317],[72.88556,19.06291],[72.88565,19.06277]]}},{"type":"Feature","properties":{"kind":"road","class":"minor"},"geometry":{"type":"LineString","coordinates":[[72.88622,19.06295],[72.8861,19.06311],[72.88639,19.06333],[72.88652,19.06321]]}},{"type":"Feature","properties":{"kind":"road","class":"minor"},"geometry":{"type":"LineString","coordinates":[[72.88492,19.06396],[72.88513,19.06356]]}},{"type":"Feature","properties":{"kind":"road","class":"minor"},"geometry":{"type":"LineString","coordinates":[[72.88657,19.06325],[72.88646,19.06342],[72.8867,19.0636],[72.88684,19.06347]]}},{"type":"Feature","properties":{"kind":"road","class":"minor"},"geometry":{"type":"LineString","coordinates":[[72.89808,19.063],[72.89761,19.06316],[72.89767,19.06335],[72.8981,19.06322]]}},{"type":"Feature","properties":{"kind":"road","class":"minor"},"geometry":{"type":"LineString","coordinates":[[72.89767,19.06335],[72.8974,19.06342],[72.89729,19.06325],[72.89745,19.0632],[72.89751,19.0634]]}},{"type":"Feature","properties":{"kind":"road","class":"minor"},"geometry":{"type":"LineString","coordinates":[[72.89312,19.06017],[72.89351,19.06002],[72.89348,19.05986],[72.89305,19.05997],[72.89312,19.06017]]}},{"type":"Feature","properties":{"kind":"road","class":"minor"},"geometry":{"type":"LineString","coordinates":[[72.89322,19.06015],[72.89326,19.0609]]}},{"type":"Feature","properties":{"kind":"road","class":"minor"},"geometry":{"type":"LineString","coordinates":[[72.89375,19.06088],[72.89399,19.06083],[72.89398,19.06103]]}},{"type":"Feature","properties":{"kind":"road","class":"minor"},"geometry":{"type":"LineString","coordinates":[[72.89257,19.05639],[72.89261,19.05592]]}},{"type":"Feature","properties":{"kind":"road","class":"minor"},"geometry":{"type":"LineString","coordinates":[[72.89198,19.05585],[72.89229,19.05585],[72.89228,19.05567],[72.892,19.05565]]}},{"type":"Feature","properties":{"kind":"road","class":"minor"},"geometry":{"type":"LineString","coordinates":[[72.89194,19.05621],[72.89163,19.05621],[72.89162,19.05638],[72.89192,19.0564]]}},{"type":"Feature","properties":{"kind":"road","class":"minor"},"geometry":{"type":"LineString","coordinates":[[72.88775,19.05509],[72.88845,19.05523]]}},{"type":"Feature","properties":{"kind":"road","class":"minor"},"geometry":{"type":"LineString","coordinates":[[72.88808,19.05513],[72.88768,19.05516],[72.88755,19.05536],[72.88795,19.05554],[72.8883,19.05517]]}},{"type":"Feature","properties":{"kind":"road","class":"minor"},"geometry":{"type":"LineString","coordinates":[[72.89415,19.05547],[72.89482,19.05525]]}},{"type":"Feature","properties":{"kind":"road","class":"minor"},"geometry":{"type":"LineString","coordinates":[[72.89319,19.0556],[72.89322,19.05538],[72.89365,19.05539],[72.89367,19.05559]]}},{"type":"Feature","properties":{"kind":"road","class":"minor"},"geometry":{"type":"LineString","coordinates":[[72.87535,19.05617],[72.87548,19.05621],[72.87538,19.05648],[72.87483,19.0563]]}},{"type":"Feature","properties":{"kind":"road","class":"minor"},"geometry":{"type":"LineString","coordinates":[[72.87504,19.05637],[72.87486,19.05683],[72.87503,19.0569],[72.87524,19.05644]]}},{"type":"Feature","properties":{"kind":"road","class":"minor"},"geometry":{"type":"LineString","coordinates":[[72.86892,19.05428],[72.86916,19.05413],[72.86911,19.05389],[72.86878,19.05404]]}},{"type":"Feature","properties":{"kind":"road","class":"minor"},"geometry":{"type":"LineString","coordinates":[[72.8687,19.05385],[72.86901,19.05379],[72.86897,19.05346],[72.86862,19.0535]]}},{"type":"Feature","properties":{"kind":"road","class":"minor"},"geometry":{"type":"LineString","coordinates":[[72.88906,19.06576],[72.88898,19.06543],[72.88919,19.06553],[72.88984,19.0652],[72.88983,19.06553],[72.88903,19.06566]]}},{"type":"Feature","properties":{"kind":"road","class":"minor"},"geometry":{"type":"LineString","coordinates":[[72.89152,19.06519],[72.89137,19.06497],[72.89153,19.06488]]}},{"type":"Feature","properties":{"kind":"road","class":"minor"},"geometry":{"type":"LineString","coordinates":[[72.89738,19.06273],[72.89719,19.06229]]}},{"type":"Feature","properties":{"kind":"road","class":"minor"},"geometry":{"type":"LineString","coordinates":[[72.89782,19.0625],[72.89765,19.0621]]}},{"type":"Feature","properties":{"kind":"road","class":"minor"},"geometry":{"type":"LineString","coordinates":[[72.89517,19.06067],[72.8955,19.06056],[72.89557,19.06067],[72.89535,19.06081],[72.89523,19.06064]]}},{"type":"Feature","properties":{"kind":"road","class":"minor"},"geometry":{"type":"LineString","coordinates":[[72.89692,19.06051],[72.89681,19.06038],[72.89676,19.06061]]}},{"type":"Feature","properties":{"kind":"road","class":"minor"},"geometry":{"type":"LineString","coordinates":[[72.8919,19.06215],[72.8928,19.06288]]}},{"type":"Feature","properties":{"kind":"road","class":"minor"},"geometry":{"type":"LineString","coordinates":[[72.89387,19.05594],[72.89368,19.05584],[72.89368,19.05605],[72.89387,19.05594]]}},{"type":"Feature","properties":{"kind":"road","class":"minor"},"geometry":{"type":"LineString","coordinates":[[72.89368,19.05605],[72.8935,19.05606],[72.8935,19.05626],[72.89383,19.05627],[72.89383,19.05605]]}},{"type":"Feature","properties":{"kind":"road","class":"minor"},"geometry":{"type":"LineString","coordinates":[[72.89367,19.05627],[72.89367,19.05647],[72.89385,19.05648],[72.89383,19.05627]]}},{"type":"Feature","properties":{"kind":"road","class":"minor"},"geometry":{"type":"LineString","coordinates":[[72.89573,19.05935],[72.89619,19.05924]]}},{"type":"Feature","properties":{"kind":"road","class":"minor"},"geometry":{"type":"LineString","coordinates":[[72.89436,19.0588],[72.89592,19.05883]]}},{"type":"Feature","properties":{"kind":"road","class":"minor"},"geometry":{"type":"LineString","coordinates":[[72.89424,19.06061],[72.89431,19.059],[72.89387,19.05895]]}},{"type":"Feature","properties":{"kind":"road","class":"minor"},"geometry":{"type":"LineString","coordinates":[[72.89425,19.06038],[72.89601,19.05991]]}},{"type":"Feature","properties":{"kind":"road","class":"minor"},"geometry":{"type":"LineString","coordinates":[[72.89436,19.06022],[72.89444,19.05915],[72.895,19.05913],[72.89502,19.05881]]}},{"type":"Feature","properties":{"kind":"road","class":"minor"},"geometry":{"type":"LineString","coordinates":[[72.87264,19.0568],[72.87292,19.05651]]}},{"type":"Feature","properties":{"kind":"road","class":"minor"},"geometry":{"type":"LineString","coordinates":[[72.87283,19.05664],[72.87309,19.05642]]}},{"type":"Feature","properties":{"kind":"road","class":"minor"},"geometry":{"type":"LineString","coordinates":[[72.87219,19.05683],[72.87195,19.05656],[72.8723,19.05633],[72.87241,19.05662]]}},{"type":"Feature","properties":{"kind":"road","class":"minor"},"geometry":{"type":"LineString","coordinates":[[72.87274,19.05603],[72.87239,19.05638]]}},{"type":"Feature","properties":{"kind":"road","class":"minor"},"geometry":{"type":"LineString","coordinates":[[72.87243,19.0564],[72.87259,19.05664],[72.87281,19.0566]]}},{"type":"Feature","properties":{"kind":"road","class":"minor"},"geometry":{"type":"LineString","coordinates":[[72.87293,19.05685],[72.87314,19.05671],[72.87311,19.05646]]}},{"type":"Feature","properties":{"kind":"road","class":"minor"},"geometry":{"type":"LineString","coordinates":[[72.8721,19.05636],[72.87186,19.05597],[72.87215,19.05559]]}},{"type":"Feature","properties":{"kind":"road","class":"minor"},"geometry":{"type":"LineString","coordinates":[[72.87198,19.05621],[72.87251,19.05573]]}},{"type":"Feature","properties":{"kind":"road","class":"minor"},"geometry":{"type":"LineString","coordinates":[[72.8792129,19.0850128],[72.8789587,19.0844232]]}},{"type":"Feature","properties":{"kind":"road","class":"minor"},"geometry":{"type":"LineString","coordinates":[[72.8804,19.0804],[72.88018,19.08046],[72.88003,19.08103],[72.87971,19.0814]]}},{"type":"Feature","properties":{"kind":"road","class":"minor"},"geometry":{"type":"LineString","coordinates":[[72.88043,19.08135],[72.8798,19.08122]]}},{"type":"Feature","properties":{"kind":"road","class":"minor"},"geometry":{"type":"LineString","coordinates":[[72.8848,19.09091],[72.88452,19.09088],[72.8845,19.09066],[72.88436,19.09067],[72.88436,19.09106],[72.88471,19.09092]]}},{"type":"Feature","properties":{"kind":"road","class":"minor"},"geometry":{"type":"LineString","coordinates":[[72.8838,19.09136],[72.88372,19.09116],[72.88341,19.09109],[72.88378,19.09133]]}},{"type":"Feature","properties":{"kind":"road","class":"minor"},"geometry":{"type":"LineString","coordinates":[[72.88378,19.09122],[72.88418,19.09126],[72.88379,19.09134]]}},{"type":"Feature","properties":{"kind":"road","class":"minor"},"geometry":{"type":"LineString","coordinates":[[72.88226,19.08965],[72.88226,19.09],[72.88203,19.0901]]}},{"type":"Feature","properties":{"kind":"road","class":"major"},"geometry":{"type":"LineString","coordinates":[[72.8833,19.094],[72.88283,19.09295]]}},{"type":"Feature","properties":{"kind":"road","class":"major"},"geometry":{"type":"LineString","coordinates":[[72.88328,19.09417],[72.88366,19.09624]]}},{"type":"Feature","properties":{"kind":"road","class":"minor"},"geometry":{"type":"LineString","coordinates":[[72.88667,19.09359],[72.88541,19.09354]]}},{"type":"Feature","properties":{"kind":"road","class":"minor"},"geometry":{"type":"LineString","coordinates":[[72.88541,19.09361],[72.88667,19.09359]]}},{"type":"Feature","properties":{"kind":"road","class":"minor"},"geometry":{"type":"LineString","coordinates":[[72.88667,19.09359],[72.88714,19.09357],[72.88723,19.09377]]}},{"type":"Feature","properties":{"kind":"road","class":"minor"},"geometry":{"type":"LineString","coordinates":[[72.89113,19.09127],[72.89025,19.09162],[72.88928,19.09158]]}},{"type":"Feature","properties":{"kind":"road","class":"minor"},"geometry":{"type":"LineString","coordinates":[[72.88448,19.09178],[72.88497,19.0917]]}},{"type":"Feature","properties":{"kind":"road","class":"minor"},"geometry":{"type":"LineString","coordinates":[[72.88341,19.0916],[72.88341,19.09137],[72.88376,19.09137],[72.88375,19.09152],[72.8834,19.09153]]}},{"type":"Feature","properties":{"kind":"road","class":"minor"},"geometry":{"type":"LineString","coordinates":[[72.88381,19.09158],[72.88382,19.09178],[72.88417,19.09177],[72.88442,19.09141],[72.88411,19.09158]]}},{"type":"Feature","properties":{"kind":"road","class":"minor"},"geometry":{"type":"LineString","coordinates":[[72.88431,19.09202],[72.88416,19.09235],[72.88402,19.09234],[72.88404,19.09213]]}},{"type":"Feature","properties":{"kind":"road","class":"minor"},"geometry":{"type":"LineString","coordinates":[[72.88399,19.09194],[72.88409,19.09213],[72.88418,19.09186],[72.88402,19.09186]]}},{"type":"Feature","properties":{"kind":"road","class":"minor"},"geometry":{"type":"LineString","coordinates":[[72.88387,19.0928],[72.88414,19.09259],[72.88404,19.09235]]}},{"type":"Feature","properties":{"kind":"road","class":"major"},"geometry":{"type":"LineString","coordinates":[[72.88283,19.09295],[72.88328,19.09417]]}},{"type":"Feature","properties":{"kind":"road","class":"minor"},"geometry":{"type":"LineString","coordinates":[[72.88696,19.09498],[72.88751,19.09494]]}},{"type":"Feature","properties":{"kind":"road","class":"minor"},"geometry":{"type":"LineString","coordinates":[[72.88698,19.09517],[72.88756,19.09513]]}},{"type":"Feature","properties":{"kind":"road","class":"minor"},"geometry":{"type":"LineString","coordinates":[[72.88705,19.09566],[72.88697,19.09522],[72.88758,19.09519]]}},{"type":"Feature","properties":{"kind":"road","class":"minor"},"geometry":{"type":"LineString","coordinates":[[72.887,19.09548],[72.88762,19.09539]]}},{"type":"Feature","properties":{"kind":"road","class":"minor"},"geometry":{"type":"LineString","coordinates":[[72.88755,19.09466],[72.88819,19.09448],[72.88842,19.09495]]}},{"type":"Feature","properties":{"kind":"road","class":"minor"},"geometry":{"type":"LineString","coordinates":[[72.88783,19.09458],[72.88794,19.09484],[72.88832,19.09472]]}},{"type":"Feature","properties":{"kind":"road","class":"minor"},"geometry":{"type":"LineString","coordinates":[[72.8884,19.08904],[72.88831,19.09],[72.88779,19.09062],[72.88774,19.09115],[72.88756,19.09126]]}},{"type":"Feature","properties":{"kind":"road","class":"minor"},"geometry":{"type":"LineString","coordinates":[[72.87421,19.0736],[72.87345,19.07309]]}},{"type":"Feature","properties":{"kind":"road","class":"minor"},"geometry":{"type":"LineString","coordinates":[[72.87276,19.07496],[72.87289,19.07477],[72.87263,19.07463]]}},{"type":"Feature","properties":{"kind":"road","class":"minor"},"geometry":{"type":"LineString","coordinates":[[72.86835,19.07352],[72.86823,19.07396],[72.86802,19.0741],[72.8687,19.07442],[72.8687,19.07459],[72.86904,19.0746]]}},{"type":"Feature","properties":{"kind":"road","class":"minor"},"geometry":{"type":"LineString","coordinates":[[72.8684,19.07408],[72.86852,19.07386],[72.86879,19.07394]]}},{"type":"Feature","properties":{"kind":"road","class":"minor"},"geometry":{"type":"LineString","coordinates":[[72.8683169,19.073581],[72.8687579,19.0737763]]}},{"type":"Feature","properties":{"kind":"road","class":"minor"},"geometry":{"type":"LineString","coordinates":[[72.86704,19.073],[72.86704,19.07347],[72.86722,19.07355],[72.86748,19.07313]]}},{"type":"Feature","properties":{"kind":"road","class":"minor"},"geometry":{"type":"LineString","coordinates":[[72.86704,19.07331],[72.86729,19.07329],[72.86704,19.07318]]}},{"type":"Feature","properties":{"kind":"road","class":"minor"},"geometry":{"type":"LineString","coordinates":[[72.8763,19.06963],[72.87596,19.06972],[72.876,19.06987],[72.87636,19.0697]]}},{"type":"Feature","properties":{"kind":"road","class":"minor"},"geometry":{"type":"LineString","coordinates":[[72.88483,19.07091],[72.88498,19.07072],[72.88481,19.07058]]}},{"type":"Feature","properties":{"kind":"road","class":"minor"},"geometry":{"type":"LineString","coordinates":[[72.88384,19.07004],[72.88401,19.0699],[72.88478,19.07054]]}},{"type":"Feature","properties":{"kind":"road","class":"minor"},"geometry":{"type":"LineString","coordinates":[[72.88523,19.07082],[72.88528,19.07062],[72.88448,19.07001]]}},{"type":"Feature","properties":{"kind":"road","class":"minor"},"geometry":{"type":"LineString","coordinates":[[72.8851218,19.0711962],[72.8853767,19.0709256]]}},{"type":"Feature","properties":{"kind":"road","class":"minor"},"geometry":{"type":"LineString","coordinates":[[72.88119,19.07601],[72.88151,19.07594],[72.88119,19.07601]]}},{"type":"Feature","properties":{"kind":"road","class":"minor"},"geometry":{"type":"LineString","coordinates":[[72.88503,19.08386],[72.88466,19.08383],[72.88502,19.08398]]}},{"type":"Feature","properties":{"kind":"road","class":"minor"},"geometry":{"type":"LineString","coordinates":[[72.885,19.08408],[72.88532,19.08415],[72.88537,19.08397],[72.88519,19.08393],[72.88513,19.08411]]}},{"type":"Feature","properties":{"kind":"road","class":"minor"},"geometry":{"type":"LineString","coordinates":[[72.88941,19.07885],[72.8899,19.07826]]}},{"type":"Feature","properties":{"kind":"road","class":"major"},"geometry":{"type":"LineString","coordinates":[[72.8719734,19.074757],[72.8714159,19.0745216]]}},{"type":"Feature","properties":{"kind":"road","class":"major"},"geometry":{"type":"LineString","coordinates":[[72.87234,19.0749],[72.87197,19.07476]]}},{"type":"Feature","properties":{"kind":"road","class":"major"},"geometry":{"type":"LineString","coordinates":[[72.87717,19.0784],[72.87662,19.07862]]}},{"type":"Feature","properties":{"kind":"road","class":"major"},"geometry":{"type":"LineString","coordinates":[[72.8758261,19.0790636],[72.8766457,19.0786776]]}},{"type":"Feature","properties":{"kind":"road","class":"major"},"geometry":{"type":"LineString","coordinates":[[72.87665,19.07868],[72.87717,19.0784]]}},{"type":"Feature","properties":{"kind":"road","class":"minor"},"geometry":{"type":"LineString","coordinates":[[72.8827468,19.0812037],[72.8833565,19.0839169]]}},{"type":"Feature","properties":{"kind":"road","class":"minor"},"geometry":{"type":"LineString","coordinates":[[72.8865,19.09074],[72.88704,19.09084]]}},{"type":"Feature","properties":{"kind":"road","class":"minor"},"geometry":{"type":"LineString","coordinates":[[72.89194,19.05621],[72.89228,19.05615],[72.89202,19.05622]]}},{"type":"Feature","properties":{"kind":"road","class":"major"},"geometry":{"type":"LineString","coordinates":[[72.9078849,19.0893724],[72.908547,19.0897853]]}},{"type":"Feature","properties":{"kind":"road","class":"minor"},"geometry":{"type":"LineString","coordinates":[[72.88054,19.07087],[72.8796,19.07119]]}},{"type":"Feature","properties":{"kind":"road","class":"major"},"geometry":{"type":"LineString","coordinates":[[72.89465,19.10556],[72.89546,19.10502]]}},{"type":"Feature","properties":{"kind":"road","class":"minor"},"geometry":{"type":"LineString","coordinates":[[72.88723,19.09377],[72.88777,19.09618],[72.88784,19.09798]]}},{"type":"Feature","properties":{"kind":"road","class":"minor"},"geometry":{"type":"LineString","coordinates":[[72.9019,19.09172],[72.90161,19.09245],[72.90043,19.09315]]}},{"type":"Feature","properties":{"kind":"road","class":"major"},"geometry":{"type":"LineString","coordinates":[[72.91267,19.12386],[72.91278,19.12347]]}},{"type":"Feature","properties":{"kind":"road","class":"minor"},"geometry":{"type":"LineString","coordinates":[[72.87581,19.07406],[72.8759,19.07424],[72.87555,19.07446]]}},{"type":"Feature","properties":{"kind":"road","class":"minor"},"geometry":{"type":"LineString","coordinates":[[72.8920272,19.0553618],[72.8926449,19.0554536]]}},{"type":"Feature","properties":{"kind":"road","class":"minor"},"geometry":{"type":"LineString","coordinates":[[72.90057,19.05763],[72.9009,19.05754]]}},{"type":"Feature","properties":{"kind":"water","class":"body"},"geometry":{"type":"Polygon","coordinates":[[[72.95696,19.08218],[72.95835,19.08161],[72.95971,19.08078],[72.9603,19.08079],[72.96037,19.0774],[72.95941,19.07924],[72.95842,19.08052],[72.95768,19.08127],[72.95694,19.08172],[72.95672,19.08151],[72.95629,19.08166],[72.95659,19.08197],[72.95569,19.0826],[72.9539,19.08237],[72.95379,19.08276],[72.95208,19.08396],[72.95084,19.08409],[72.94926,19.08447],[72.94756,19.08514],[72.94422,19.08576],[72.94233,19.08692],[72.94151,19.08724],[72.94019,19.08686],[72.93928,19.08542],[72.94007,19.08692],[72.94137,19.08732],[72.9417,19.08727],[72.94414,19.08587],[72.94749,19.08538],[72.95068,19.08436],[72.95241,19.08416],[72.95414,19.08291],[72.9556,19.08291],[72.95696,19.08218]]]}},{"type":"Feature","properties":{"kind":"road","class":"minor"},"geometry":{"type":"LineString","coordinates":[[72.88734,19.09448],[72.88697,19.09437],[72.88695,19.09449]]}},{"type":"Feature","properties":{"kind":"road","class":"minor"},"geometry":{"type":"LineString","coordinates":[[72.89707,19.06971],[72.89646,19.07005]]}},{"type":"Feature","properties":{"kind":"road","class":"minor"},"geometry":{"type":"LineString","coordinates":[[72.89857,19.06651],[72.89941,19.06626]]}},{"type":"Feature","properties":{"kind":"road","class":"minor"},"geometry":{"type":"LineString","coordinates":[[72.89167,19.06618],[72.8921,19.06597]]}},{"type":"Feature","properties":{"kind":"road","class":"minor"},"geometry":{"type":"LineString","coordinates":[[72.89201,19.06667],[72.89238,19.06648]]}},{"type":"Feature","properties":{"kind":"road","class":"minor"},"geometry":{"type":"LineString","coordinates":[[72.89398,19.0659],[72.89343,19.06593]]}},{"type":"Feature","properties":{"kind":"road","class":"minor"},"geometry":{"type":"LineString","coordinates":[[72.88995,19.06671],[72.89079,19.06632]]}},{"type":"Feature","properties":{"kind":"road","class":"minor"},"geometry":{"type":"LineString","coordinates":[[72.88995,19.06671],[72.89008,19.06682],[72.89083,19.06645],[72.89079,19.06632]]}},{"type":"Feature","properties":{"kind":"road","class":"minor"},"geometry":{"type":"LineString","coordinates":[[72.8894,19.0666],[72.88906,19.06631]]}},{"type":"Feature","properties":{"kind":"road","class":"minor"},"geometry":{"type":"LineString","coordinates":[[72.88906,19.06631],[72.8888,19.06654],[72.88879,19.06688],[72.88892,19.06697],[72.88935,19.06656]]}},{"type":"Feature","properties":{"kind":"road","class":"minor"},"geometry":{"type":"LineString","coordinates":[[72.89556,19.07169],[72.8959,19.07149],[72.89623,19.07186]]}},{"type":"Feature","properties":{"kind":"road","class":"minor"},"geometry":{"type":"LineString","coordinates":[[72.8959553,19.0720324],[72.895659,19.0716232]]}},{"type":"Feature","properties":{"kind":"road","class":"minor"},"geometry":{"type":"LineString","coordinates":[[72.89551,19.07162],[72.89574,19.07143],[72.89541,19.07101],[72.89517,19.07115]]}},{"type":"Feature","properties":{"kind":"road","class":"minor"},"geometry":{"type":"LineString","coordinates":[[72.8955637,19.0715862],[72.8952395,19.0711137]]}},{"type":"Feature","properties":{"kind":"road","class":"minor"},"geometry":{"type":"LineString","coordinates":[[72.89794,19.07715],[72.89806,19.07728],[72.89826,19.07716],[72.89816,19.077]]}},{"type":"Feature","properties":{"kind":"road","class":"minor"},"geometry":{"type":"LineString","coordinates":[[72.89857,19.0704],[72.89891,19.07006],[72.89863,19.06975]]}},{"type":"Feature","properties":{"kind":"road","class":"minor"},"geometry":{"type":"LineString","coordinates":[[72.89866,19.07031],[72.89849,19.07011],[72.89873,19.06984]]}},{"type":"Feature","properties":{"kind":"road","class":"minor"},"geometry":{"type":"LineString","coordinates":[[72.8987,19.07135],[72.89858,19.07087],[72.8988,19.07081]]}},{"type":"Feature","properties":{"kind":"road","class":"minor"},"geometry":{"type":"LineString","coordinates":[[72.89869,19.07129],[72.89892,19.07122],[72.8988,19.07081]]}},{"type":"Feature","properties":{"kind":"road","class":"minor"},"geometry":{"type":"LineString","coordinates":[[72.89858,19.07139],[72.8985,19.07089],[72.89832,19.0709],[72.89834,19.07143]]}},{"type":"Feature","properties":{"kind":"water","class":"body"},"geometry":{"type":"Polygon","coordinates":[[[72.85798,19.07032],[72.85837,19.07022],[72.85811,19.06984],[72.85795,19.06995],[72.85798,19.07032]]]}},{"type":"Feature","properties":{"kind":"road","class":"minor"},"geometry":{"type":"LineString","coordinates":[[72.89356,19.06591],[72.89345,19.06561],[72.89287,19.06578],[72.89299,19.06595],[72.89355,19.06583]]}},{"type":"Feature","properties":{"kind":"road","class":"minor"},"geometry":{"type":"LineString","coordinates":[[72.89378,19.0659],[72.89356,19.06558],[72.89388,19.06548],[72.89411,19.06592]]}},{"type":"Feature","properties":{"kind":"road","class":"minor"},"geometry":{"type":"LineString","coordinates":[[72.89944,19.07715],[72.90385,19.0771]]}},{"type":"Feature","properties":{"kind":"road","class":"minor"},"geometry":{"type":"LineString","coordinates":[[72.90075,19.06754],[72.90094,19.06789],[72.90093,19.06751]]}},{"type":"Feature","properties":{"kind":"road","class":"minor"},"geometry":{"type":"LineString","coordinates":[[72.85491,19.05607],[72.85548,19.05717],[72.85555,19.05874]]}},{"type":"Feature","properties":{"kind":"road","class":"major"},"geometry":{"type":"LineString","coordinates":[[72.8623,19.07748],[72.86082,19.07554],[72.86062,19.07494]]}},{"type":"Feature","properties":{"kind":"road","class":"minor"},"geometry":{"type":"LineString","coordinates":[[72.87993,19.078],[72.88025,19.07789]]}},{"type":"Feature","properties":{"kind":"road","class":"major"},"geometry":{"type":"LineString","coordinates":[[72.8584,19.11186],[72.85518,19.11298]]}},{"type":"Feature","properties":{"kind":"road","class":"major"},"geometry":{"type":"LineString","coordinates":[[72.85866,19.11198],[72.86223,19.11102],[72.86578,19.11158],[72.86676,19.11217]]}},{"type":"Feature","properties":{"kind":"road","class":"major"},"geometry":{"type":"LineString","coordinates":[[72.86194,19.07786],[72.86245,19.07781]]}},{"type":"Feature","properties":{"kind":"road","class":"minor"},"geometry":{"type":"LineString","coordinates":[[72.85717,19.07988],[72.8572,19.08022],[72.85701,19.07996]]}},{"type":"Feature","properties":{"kind":"road","class":"minor"},"geometry":{"type":"LineString","coordinates":[[72.88948,19.05325],[72.88988,19.05332]]}},{"type":"Feature","properties":{"kind":"road","class":"minor"},"geometry":{"type":"LineString","coordinates":[[72.85564,19.07821],[72.85563,19.07801],[72.85592,19.07795],[72.856,19.07815]]}},{"type":"Feature","properties":{"kind":"road","class":"minor"},"geometry":{"type":"LineString","coordinates":[[72.89099,19.06233],[72.8911,19.06268],[72.89077,19.06279]]}},{"type":"Feature","properties":{"kind":"road","class":"minor"},"geometry":{"type":"LineString","coordinates":[[72.89714,19.0666],[72.89676,19.06676],[72.89681,19.06692],[72.89718,19.06689]]}},{"type":"Feature","properties":{"kind":"road","class":"minor"},"geometry":{"type":"LineString","coordinates":[[72.85319,19.0831],[72.85356,19.08328],[72.85331,19.08298]]}},{"type":"Feature","properties":{"kind":"road","class":"minor"},"geometry":{"type":"LineString","coordinates":[[72.85442,19.08362],[72.85412,19.08382],[72.85426,19.08397],[72.85453,19.08379]]}},{"type":"Feature","properties":{"kind":"road","class":"minor"},"geometry":{"type":"LineString","coordinates":[[72.85468,19.08403],[72.85482,19.08396],[72.85486,19.08415],[72.85472,19.08401]]}},{"type":"Feature","properties":{"kind":"road","class":"minor"},"geometry":{"type":"LineString","coordinates":[[72.87532,19.07049],[72.87486,19.07052],[72.87503,19.0706]]}},{"type":"Feature","properties":{"kind":"road","class":"minor"},"geometry":{"type":"LineString","coordinates":[[72.87529,19.06954],[72.87573,19.06937],[72.87564,19.0692],[72.87526,19.06935]]}},{"type":"Feature","properties":{"kind":"road","class":"minor"},"geometry":{"type":"LineString","coordinates":[[72.87615,19.0686],[72.87574,19.06862]]}},{"type":"Feature","properties":{"kind":"road","class":"minor"},"geometry":{"type":"LineString","coordinates":[[72.8758244,19.0686171],[72.8757672,19.0689788]]}},{"type":"Feature","properties":{"kind":"road","class":"minor"},"geometry":{"type":"LineString","coordinates":[[72.87505,19.06779],[72.87547,19.06773],[72.87557,19.06755]]}},{"type":"Feature","properties":{"kind":"road","class":"minor"},"geometry":{"type":"LineString","coordinates":[[72.87512,19.06838],[72.87576,19.06836],[72.87577,19.0685]]}},{"type":"Feature","properties":{"kind":"road","class":"minor"},"geometry":{"type":"LineString","coordinates":[[72.87609,19.06738],[72.87626,19.06747],[72.87618,19.06766],[72.87609,19.06743]]}},{"type":"Feature","properties":{"kind":"road","class":"minor"},"geometry":{"type":"LineString","coordinates":[[72.87609,19.06738],[72.87608,19.06689],[72.87625,19.06725],[72.87607,19.06733]]}},{"type":"Feature","properties":{"kind":"road","class":"minor"},"geometry":{"type":"LineString","coordinates":[[72.87627,19.06734],[72.87631,19.0675],[72.87652,19.06746],[72.87647,19.06729]]}},{"type":"Feature","properties":{"kind":"road","class":"minor"},"geometry":{"type":"LineString","coordinates":[[72.87589,19.06643],[72.8756,19.06636],[72.87588,19.06646]]}},{"type":"Feature","properties":{"kind":"road","class":"minor"},"geometry":{"type":"LineString","coordinates":[[72.86767,19.06573],[72.86781,19.06386]]}},{"type":"Feature","properties":{"kind":"road","class":"minor"},"geometry":{"type":"LineString","coordinates":[[72.86473,19.0794],[72.86526,19.07943],[72.86531,19.07974]]}},{"type":"Feature","properties":{"kind":"road","class":"minor"},"geometry":{"type":"LineString","coordinates":[[72.8646,19.0721],[72.86427,19.07213],[72.8645,19.07227]]}},{"type":"Feature","properties":{"kind":"road","class":"minor"},"geometry":{"type":"LineString","coordinates":[[72.86305,19.07465],[72.86297,19.07437],[72.86321,19.07433],[72.86326,19.0745],[72.86303,19.0746]]}},{"type":"Feature","properties":{"kind":"road","class":"minor"},"geometry":{"type":"LineString","coordinates":[[72.86307,19.07497],[72.86312,19.07558]]}},{"type":"Feature","properties":{"kind":"road","class":"minor"},"geometry":{"type":"LineString","coordinates":[[72.86624,19.07358],[72.86612,19.07331],[72.86595,19.07336],[72.86619,19.07366]]}},{"type":"Feature","properties":{"kind":"road","class":"minor"},"geometry":{"type":"LineString","coordinates":[[72.86597,19.07445],[72.86539,19.07443],[72.86542,19.07428],[72.86526,19.07424],[72.86519,19.07457],[72.86539,19.07443]]}},{"type":"Feature","properties":{"kind":"road","class":"minor"},"geometry":{"type":"LineString","coordinates":[[72.86544,19.07443],[72.86546,19.0746],[72.86573,19.07458],[72.86574,19.07444]]}},{"type":"Feature","properties":{"kind":"road","class":"minor"},"geometry":{"type":"LineString","coordinates":[[72.86417,19.07271],[72.864,19.07257],[72.86419,19.07234],[72.8644,19.07245]]}},{"type":"Feature","properties":{"kind":"road","class":"minor"},"geometry":{"type":"LineString","coordinates":[[72.86534,19.07596],[72.86537,19.07575],[72.8658,19.07575]]}},{"type":"Feature","properties":{"kind":"road","class":"minor"},"geometry":{"type":"LineString","coordinates":[[72.86586,19.07525],[72.8656,19.07523],[72.86555,19.07541],[72.86583,19.07546]]}},{"type":"Feature","properties":{"kind":"road","class":"minor"},"geometry":{"type":"LineString","coordinates":[[72.86548,19.07519],[72.86502,19.07521],[72.86538,19.0753],[72.86542,19.07519]]}},{"type":"Feature","properties":{"kind":"road","class":"minor"},"geometry":{"type":"LineString","coordinates":[[72.86542,19.07539],[72.86488,19.07541],[72.86487,19.07524],[72.86533,19.07543]]}},{"type":"Feature","properties":{"kind":"road","class":"minor"},"geometry":{"type":"LineString","coordinates":[[72.86498,19.07593],[72.86503,19.07545],[72.86496,19.07572]]}},{"type":"Feature","properties":{"kind":"road","class":"minor"},"geometry":{"type":"LineString","coordinates":[[72.86812,19.07341],[72.86771,19.07403],[72.86795,19.07406],[72.86798,19.07367]]}},{"type":"Feature","properties":{"kind":"road","class":"minor"},"geometry":{"type":"LineString","coordinates":[[72.86993,19.07819],[72.86997,19.07893]]}},{"type":"Feature","properties":{"kind":"road","class":"minor"},"geometry":{"type":"LineString","coordinates":[[72.87031,19.07818],[72.87032,19.07868]]}},{"type":"Feature","properties":{"kind":"road","class":"minor"},"geometry":{"type":"LineString","coordinates":[[72.86996,19.07868],[72.87018,19.07867],[72.87021,19.07901]]}},{"type":"Feature","properties":{"kind":"road","class":"minor"},"geometry":{"type":"LineString","coordinates":[[72.86653,19.07882],[72.86645,19.07901],[72.86614,19.07892],[72.86617,19.07877]]}},{"type":"Feature","properties":{"kind":"road","class":"minor"},"geometry":{"type":"LineString","coordinates":[[72.86716,19.07879],[72.86728,19.07838],[72.86695,19.0785],[72.86702,19.07871]]}},{"type":"Feature","properties":{"kind":"road","class":"minor"},"geometry":{"type":"LineString","coordinates":[[72.86648,19.07442],[72.86649,19.07469],[72.86668,19.07468],[72.86668,19.07443]]}},{"type":"Feature","properties":{"kind":"road","class":"minor"},"geometry":{"type":"LineString","coordinates":[[72.86106,19.07816],[72.86103,19.07857],[72.86014,19.07906]]}},{"type":"Feature","properties":{"kind":"road","class":"minor"},"geometry":{"type":"LineString","coordinates":[[72.85735,19.07963],[72.85726,19.07943],[72.85742,19.07937],[72.85752,19.07952]]}},{"type":"Feature","properties":{"kind":"road","class":"minor"},"geometry":{"type":"LineString","coordinates":[[72.85804,19.07924],[72.85775,19.07898]]}},{"type":"Feature","properties":{"kind":"road","class":"minor"},"geometry":{"type":"LineString","coordinates":[[72.8583,19.07781],[72.858,19.07791],[72.85805,19.07806],[72.85828,19.07798],[72.85823,19.07783]]}},{"type":"Feature","properties":{"kind":"road","class":"minor"},"geometry":{"type":"LineString","coordinates":[[72.85841,19.07808],[72.85891,19.07781],[72.85895,19.0775],[72.85882,19.07783]]}},{"type":"Feature","properties":{"kind":"road","class":"minor"},"geometry":{"type":"LineString","coordinates":[[72.85878,19.07783],[72.85878,19.07762],[72.85862,19.07762],[72.8587,19.07786]]}},{"type":"Feature","properties":{"kind":"road","class":"minor"},"geometry":{"type":"LineString","coordinates":[[72.85962,19.07856],[72.85954,19.07837],[72.85936,19.0784]]}},{"type":"Feature","properties":{"kind":"road","class":"minor"},"geometry":{"type":"LineString","coordinates":[[72.85945,19.07787],[72.85923,19.07789],[72.85921,19.07769],[72.85938,19.07788]]}},{"type":"Feature","properties":{"kind":"road","class":"minor"},"geometry":{"type":"LineString","coordinates":[[72.86982,19.07769],[72.87036,19.07772],[72.8702,19.07818]]}},{"type":"Feature","properties":{"kind":"road","class":"minor"},"geometry":{"type":"LineString","coordinates":[[72.86995,19.07771],[72.87008,19.07781],[72.86997,19.07819]]}},{"type":"Feature","properties":{"kind":"road","class":"minor"},"geometry":{"type":"LineString","coordinates":[[72.8578,19.07717],[72.85752,19.07746],[72.85755,19.07767],[72.85803,19.07736],[72.85783,19.07721]]}},{"type":"Feature","properties":{"kind":"road","class":"minor"},"geometry":{"type":"LineString","coordinates":[[72.85424,19.0757],[72.85367,19.07562],[72.85371,19.07576],[72.85396,19.07567]]}},{"type":"Feature","properties":{"kind":"road","class":"minor"},"geometry":{"type":"LineString","coordinates":[[72.85349,19.07627],[72.8531,19.07631],[72.85309,19.07643],[72.85353,19.07654]]}},{"type":"Feature","properties":{"kind":"road","class":"minor"},"geometry":{"type":"LineString","coordinates":[[72.85353,19.07688],[72.85331,19.07691],[72.85331,19.07707],[72.85345,19.07692]]}},{"type":"Feature","properties":{"kind":"road","class":"minor"},"geometry":{"type":"LineString","coordinates":[[72.85366,19.07887],[72.85424,19.07882],[72.85368,19.079]]}},{"type":"Feature","properties":{"kind":"road","class":"minor"},"geometry":{"type":"LineString","coordinates":[[72.85384,19.07845],[72.85393,19.07869],[72.85401,19.07844]]}},{"type":"Feature","properties":{"kind":"road","class":"minor"},"geometry":{"type":"LineString","coordinates":[[72.85522,19.07794],[72.85541,19.07827]]}},{"type":"Feature","properties":{"kind":"road","class":"minor"},"geometry":{"type":"LineString","coordinates":[[72.85521,19.0786],[72.85506,19.07842],[72.85468,19.07849],[72.85473,19.07825],[72.8552,19.07835],[72.85511,19.07856]]}},{"type":"Feature","properties":{"kind":"road","class":"minor"},"geometry":{"type":"LineString","coordinates":[[72.8636,19.0759],[72.86364,19.07603],[72.86387,19.07601],[72.86361,19.07593]]}},{"type":"Feature","properties":{"kind":"road","class":"minor"},"geometry":{"type":"LineString","coordinates":[[72.85687,19.07993],[72.85698,19.08026],[72.85695,19.07987]]}},{"type":"Feature","properties":{"kind":"road","class":"minor"},"geometry":{"type":"LineString","coordinates":[[72.85577,19.07999],[72.85655,19.07989]]}},{"type":"Feature","properties":{"kind":"road","class":"minor"},"geometry":{"type":"LineString","coordinates":[[72.85462,19.07949],[72.85474,19.07888],[72.85486,19.07889],[72.85463,19.07938]]}},{"type":"Feature","properties":{"kind":"road","class":"minor"},"geometry":{"type":"LineString","coordinates":[[72.85571,19.08081],[72.85568,19.08096],[72.85543,19.08094]]}},{"type":"Feature","properties":{"kind":"road","class":"minor"},"geometry":{"type":"LineString","coordinates":[[72.85575,19.08082],[72.85569,19.08112],[72.8559,19.08112],[72.85592,19.08083]]}},{"type":"Feature","properties":{"kind":"road","class":"minor"},"geometry":{"type":"LineString","coordinates":[[72.85651,19.08057],[72.85683,19.08055],[72.8566,19.08055]]}},{"type":"Feature","properties":{"kind":"road","class":"minor"},"geometry":{"type":"LineString","coordinates":[[72.85677,19.08046],[72.8569,19.08058],[72.85711,19.08048],[72.857,19.0803],[72.85679,19.08045]]}},{"type":"Feature","properties":{"kind":"road","class":"minor"},"geometry":{"type":"LineString","coordinates":[[72.85727,19.08125],[72.85752,19.08126],[72.85753,19.08141]]}},{"type":"Feature","properties":{"kind":"road","class":"minor"},"geometry":{"type":"LineString","coordinates":[[72.8573,19.08082],[72.85702,19.08082],[72.857,19.08119]]}},{"type":"Feature","properties":{"kind":"road","class":"minor"},"geometry":{"type":"LineString","coordinates":[[72.85714,19.08081],[72.85715,19.08046],[72.8573,19.08046]]}},{"type":"Feature","properties":{"kind":"road","class":"minor"},"geometry":{"type":"LineString","coordinates":[[72.8555457,19.0587447],[72.855032,19.0582811]]}},{"type":"Feature","properties":{"kind":"road","class":"major"},"geometry":{"type":"LineString","coordinates":[[72.87115,19.07103],[72.87154,19.07192],[72.87101,19.074],[72.87123,19.07449],[72.87529,19.07653],[72.8761,19.07667],[72.87661,19.07649]]}},{"type":"Feature","properties":{"kind":"road","class":"major"},"geometry":{"type":"LineString","coordinates":[[72.91192,19.11882],[72.91256,19.12019]]}},{"type":"Feature","properties":{"kind":"road","class":"major"},"geometry":{"type":"LineString","coordinates":[[72.91263,19.12017],[72.91202,19.11877]]}},{"type":"Feature","properties":{"kind":"road","class":"minor"},"geometry":{"type":"LineString","coordinates":[[72.89709,19.05455],[72.89671,19.05466]]}},{"type":"Feature","properties":{"kind":"road","class":"minor"},"geometry":{"type":"LineString","coordinates":[[72.89923,19.05691],[72.89924,19.05725],[72.89936,19.05726],[72.89939,19.0569]]}},{"type":"Feature","properties":{"kind":"road","class":"minor"},"geometry":{"type":"LineString","coordinates":[[72.89866,19.05368],[72.89878,19.05389],[72.89892,19.05382],[72.89884,19.05362]]}},{"type":"Feature","properties":{"kind":"road","class":"minor"},"geometry":{"type":"LineString","coordinates":[[72.90009,19.05377],[72.90001,19.05406],[72.90042,19.05419]]}},{"type":"Feature","properties":{"kind":"road","class":"minor"},"geometry":{"type":"LineString","coordinates":[[72.89687,19.05264],[72.89656,19.05265],[72.89657,19.0523],[72.89684,19.05229],[72.89695,19.05338]]}},{"type":"Feature","properties":{"kind":"road","class":"major"},"geometry":{"type":"LineString","coordinates":[[72.91302,19.11851],[72.91201,19.11866]]}},{"type":"Feature","properties":{"kind":"road","class":"major"},"geometry":{"type":"LineString","coordinates":[[72.91204,19.11875],[72.91303,19.11856]]}},{"type":"Feature","properties":{"kind":"road","class":"minor"},"geometry":{"type":"LineString","coordinates":[[72.89927,19.05559],[72.8993,19.05575],[72.89964,19.05573]]}},{"type":"Feature","properties":{"kind":"road","class":"minor"},"geometry":{"type":"LineString","coordinates":[[72.89928,19.05562],[72.89955,19.05561],[72.89956,19.0559],[72.8993,19.05593]]}},{"type":"Feature","properties":{"kind":"road","class":"minor"},"geometry":{"type":"LineString","coordinates":[[72.89919,19.0549],[72.89925,19.05451],[72.89932,19.05489]]}},{"type":"Feature","properties":{"kind":"road","class":"minor"},"geometry":{"type":"LineString","coordinates":[[72.89881,19.05562],[72.89883,19.05535],[72.89897,19.05536],[72.89898,19.05561]]}},{"type":"Feature","properties":{"kind":"road","class":"minor"},"geometry":{"type":"LineString","coordinates":[[72.89591,19.05764],[72.89621,19.05751],[72.89591,19.05744]]}},{"type":"Feature","properties":{"kind":"road","class":"minor"},"geometry":{"type":"LineString","coordinates":[[72.89893,19.05611],[72.89892,19.0564],[72.89908,19.05641],[72.89908,19.05618],[72.89894,19.05617]]}},{"type":"Feature","properties":{"kind":"road","class":"minor"},"geometry":{"type":"LineString","coordinates":[[72.89741,19.05539],[72.89702,19.05553],[72.89708,19.05564],[72.89746,19.05552]]}},{"type":"Feature","properties":{"kind":"road","class":"minor"},"geometry":{"type":"LineString","coordinates":[[72.90006,19.05689],[72.90003,19.05718],[72.89967,19.05719]]}},{"type":"Feature","properties":{"kind":"road","class":"minor"},"geometry":{"type":"LineString","coordinates":[[72.8984,19.05831],[72.89814,19.05842],[72.89803,19.05816]]}},{"type":"Feature","properties":{"kind":"road","class":"minor"},"geometry":{"type":"LineString","coordinates":[[72.89805,19.0582],[72.89831,19.05811],[72.89837,19.05832]]}},{"type":"Feature","properties":{"kind":"road","class":"minor"},"geometry":{"type":"LineString","coordinates":[[72.89969,19.05767],[72.89996,19.05783],[72.89998,19.05751],[72.89977,19.05752],[72.89976,19.05767]]}},{"type":"Feature","properties":{"kind":"road","class":"minor"},"geometry":{"type":"LineString","coordinates":[[72.90045,19.05563],[72.90019,19.05564],[72.90019,19.05603]]}},{"type":"Feature","properties":{"kind":"road","class":"minor"},"geometry":{"type":"LineString","coordinates":[[72.90062,19.05953],[72.90111,19.0595],[72.90061,19.05943]]}},{"type":"Feature","properties":{"kind":"road","class":"minor"},"geometry":{"type":"LineString","coordinates":[[72.89643,19.05637],[72.89623,19.05595],[72.89594,19.05605],[72.89608,19.05646]]}},{"type":"Feature","properties":{"kind":"road","class":"minor"},"geometry":{"type":"LineString","coordinates":[[72.8946,19.06875],[72.89417,19.06904],[72.89428,19.06915],[72.89469,19.0689]]}},{"type":"Feature","properties":{"kind":"road","class":"minor"},"geometry":{"type":"LineString","coordinates":[[72.8845769,19.057556],[72.8848178,19.0578659]]}},{"type":"Feature","properties":{"kind":"road","class":"minor"},"geometry":{"type":"LineString","coordinates":[[72.88506,19.0577],[72.88482,19.05787],[72.88501,19.05811]]}},{"type":"Feature","properties":{"kind":"road","class":"minor"},"geometry":{"type":"LineString","coordinates":[[72.89638,19.06871],[72.89669,19.06884],[72.8966,19.06913],[72.89625,19.06904]]}},{"type":"Feature","properties":{"kind":"road","class":"minor"},"geometry":{"type":"LineString","coordinates":[[72.89594,19.07034],[72.8958,19.0699],[72.89543,19.0701]]}},{"type":"Feature","properties":{"kind":"road","class":"minor"},"geometry":{"type":"LineString","coordinates":[[72.8987,19.07065],[72.89897,19.07093],[72.89901,19.07128]]}},{"type":"Feature","properties":{"kind":"road","class":"minor"},"geometry":{"type":"LineString","coordinates":[[72.89878,19.07073],[72.89896,19.0706],[72.89935,19.071],[72.89899,19.07125]]}},{"type":"Feature","properties":{"kind":"road","class":"minor"},"geometry":{"type":"LineString","coordinates":[[72.89742,19.07576],[72.89731,19.07561],[72.89699,19.07571],[72.89699,19.07586],[72.89632,19.07626],[72.8967,19.07663]]}},{"type":"Feature","properties":{"kind":"road","class":"minor"},"geometry":{"type":"LineString","coordinates":[[72.89639,19.07637],[72.89769,19.07548],[72.89731,19.07561]]}},{"type":"Feature","properties":{"kind":"road","class":"minor"},"geometry":{"type":"LineString","coordinates":[[72.896779,19.074129],[72.8966621,19.0745235]]}},{"type":"Feature","properties":{"kind":"road","class":"minor"},"geometry":{"type":"LineString","coordinates":[[72.8959,19.06742],[72.89572,19.06772],[72.89627,19.06775],[72.89588,19.06746]]}},{"type":"Feature","properties":{"kind":"road","class":"minor"},"geometry":{"type":"LineString","coordinates":[[72.89985,19.06851],[72.90021,19.0684]]}},{"type":"Feature","properties":{"kind":"road","class":"minor"},"geometry":{"type":"LineString","coordinates":[[72.90011,19.06812],[72.89985,19.06851]]}},{"type":"Feature","properties":{"kind":"road","class":"minor"},"geometry":{"type":"LineString","coordinates":[[72.89926,19.0685],[72.8987,19.06887]]}},{"type":"Feature","properties":{"kind":"road","class":"minor"},"geometry":{"type":"LineString","coordinates":[[72.89908,19.06869],[72.89914,19.06886],[72.89941,19.0688]]}},{"type":"Feature","properties":{"kind":"road","class":"minor"},"geometry":{"type":"LineString","coordinates":[[72.90089,19.07826],[72.90055,19.07787],[72.90029,19.07791]]}},{"type":"Feature","properties":{"kind":"road","class":"minor"},"geometry":{"type":"LineString","coordinates":[[72.89521,19.06827],[72.89498,19.06844],[72.8947,19.06823],[72.89493,19.06796]]}},{"type":"Feature","properties":{"kind":"road","class":"minor"},"geometry":{"type":"LineString","coordinates":[[72.88575,19.06887],[72.88601,19.06857],[72.88585,19.06847],[72.88563,19.06873],[72.88595,19.06896],[72.88617,19.06873],[72.88601,19.06857]]}},{"type":"Feature","properties":{"kind":"road","class":"minor"},"geometry":{"type":"LineString","coordinates":[[72.89635,19.06776],[72.89669,19.06752]]}},{"type":"Feature","properties":{"kind":"road","class":"minor"},"geometry":{"type":"LineString","coordinates":[[72.89658,19.068],[72.89692,19.06774]]}},{"type":"Feature","properties":{"kind":"road","class":"minor"},"geometry":{"type":"LineString","coordinates":[[72.8909,19.0633],[72.89093,19.06375]]}},{"type":"Feature","properties":{"kind":"road","class":"minor"},"geometry":{"type":"LineString","coordinates":[[72.8909,19.06366],[72.89181,19.06334],[72.89241,19.06292]]}},{"type":"Feature","properties":{"kind":"road","class":"minor"},"geometry":{"type":"LineString","coordinates":[[72.89249,19.063],[72.89221,19.06269]]}},{"type":"Feature","properties":{"kind":"road","class":"minor"},"geometry":{"type":"LineString","coordinates":[[72.88325,19.0632],[72.88286,19.06359],[72.88321,19.06326]]}},{"type":"Feature","properties":{"kind":"road","class":"minor"},"geometry":{"type":"LineString","coordinates":[[72.88241,19.06236],[72.88263,19.06228],[72.8825,19.06195],[72.88217,19.06214]]}},{"type":"Feature","properties":{"kind":"road","class":"minor"},"geometry":{"type":"LineString","coordinates":[[72.89171,19.06298],[72.89179,19.06269],[72.89157,19.06264],[72.89119,19.06298],[72.89123,19.06317]]}},{"type":"Feature","properties":{"kind":"road","class":"minor"},"geometry":{"type":"LineString","coordinates":[[72.89121,19.06312],[72.89167,19.063]]}},{"type":"Feature","properties":{"kind":"road","class":"minor"},"geometry":{"type":"LineString","coordinates":[[72.88009,19.06117],[72.87981,19.06106],[72.87973,19.06125],[72.87998,19.06136]]}},{"type":"Feature","properties":{"kind":"road","class":"minor"},"geometry":{"type":"LineString","coordinates":[[72.88344,19.06339],[72.88326,19.06332],[72.883,19.06369],[72.88338,19.06336]]}},{"type":"Feature","properties":{"kind":"road","class":"minor"},"geometry":{"type":"LineString","coordinates":[[72.88311,19.06385],[72.88295,19.06376],[72.88277,19.06403],[72.88305,19.06381]]}},{"type":"Feature","properties":{"kind":"road","class":"minor"},"geometry":{"type":"LineString","coordinates":[[72.8834,19.06423],[72.88311,19.06459],[72.88287,19.0645],[72.88292,19.06435]]}},{"type":"Feature","properties":{"kind":"road","class":"minor"},"geometry":{"type":"LineString","coordinates":[[72.88287,19.06577],[72.88304,19.06594],[72.88283,19.0665],[72.88241,19.06618],[72.88265,19.06598]]}},{"type":"Feature","properties":{"kind":"road","class":"minor"},"geometry":{"type":"LineString","coordinates":[[72.88253,19.06606],[72.88291,19.06581]]}},{"type":"Feature","properties":{"kind":"road","class":"minor"},"geometry":{"type":"LineString","coordinates":[[72.88338,19.06525],[72.88362,19.06534],[72.88369,19.06518]]}},{"type":"Feature","properties":{"kind":"road","class":"minor"},"geometry":{"type":"LineString","coordinates":[[72.88131,19.06548],[72.88171,19.06497]]}},{"type":"Feature","properties":{"kind":"road","class":"minor"},"geometry":{"type":"LineString","coordinates":[[72.88215,19.0645],[72.88206,19.06468],[72.88224,19.06478]]}},{"type":"Feature","properties":{"kind":"road","class":"minor"},"geometry":{"type":"LineString","coordinates":[[72.88339,19.06575],[72.88299,19.06668],[72.88285,19.06664]]}},{"type":"Feature","properties":{"kind":"road","class":"minor"},"geometry":{"type":"LineString","coordinates":[[72.88961,19.06478],[72.8899,19.06456],[72.88983,19.06444],[72.88958,19.06458],[72.88967,19.06473]]}},{"type":"Feature","properties":{"kind":"road","class":"minor"},"geometry":{"type":"LineString","coordinates":[[72.88366,19.06617],[72.88361,19.0665],[72.88376,19.06657],[72.88393,19.06624],[72.88373,19.0662]]}},{"type":"Feature","properties":{"kind":"road","class":"minor"},"geometry":{"type":"LineString","coordinates":[[72.89379,19.06185],[72.89345,19.06171]]}},{"type":"Feature","properties":{"kind":"road","class":"minor"},"geometry":{"type":"LineString","coordinates":[[72.88665,19.06117],[72.88707,19.06071]]}},{"type":"Feature","properties":{"kind":"road","class":"minor"},"geometry":{"type":"LineString","coordinates":[[72.88644,19.061],[72.88693,19.06046]]}},{"type":"Feature","properties":{"kind":"road","class":"minor"},"geometry":{"type":"LineString","coordinates":[[72.88064,19.06145],[72.88043,19.06131],[72.88033,19.06145],[72.88052,19.06159]]}},{"type":"Feature","properties":{"kind":"road","class":"minor"},"geometry":{"type":"LineString","coordinates":[[72.88151,19.06288],[72.88122,19.06316],[72.88164,19.06328],[72.88174,19.06311]]}},{"type":"Feature","properties":{"kind":"road","class":"minor"},"geometry":{"type":"LineString","coordinates":[[72.88114,19.06347],[72.88146,19.06329],[72.88153,19.06359],[72.88136,19.0637]]}},{"type":"Feature","properties":{"kind":"road","class":"minor"},"geometry":{"type":"LineString","coordinates":[[72.89509,19.06636],[72.89558,19.06663],[72.89533,19.06686]]}},{"type":"Feature","properties":{"kind":"road","class":"minor"},"geometry":{"type":"LineString","coordinates":[[72.893,19.06661],[72.89291,19.06635],[72.89249,19.06647],[72.89256,19.06673]]}},{"type":"Feature","properties":{"kind":"road","class":"minor"},"geometry":{"type":"LineString","coordinates":[[72.89579,19.06892],[72.89547,19.06923],[72.89561,19.06942],[72.89589,19.06942],[72.89597,19.06912]]}},{"type":"Feature","properties":{"kind":"road","class":"minor"},"geometry":{"type":"LineString","coordinates":[[72.89797,19.07089],[72.898,19.07141]]}},{"type":"Feature","properties":{"kind":"road","class":"minor"},"geometry":{"type":"LineString","coordinates":[[72.89799,19.07118],[72.89777,19.0712],[72.89779,19.07151]]}},{"type":"Feature","properties":{"kind":"road","class":"minor"},"geometry":{"type":"LineString","coordinates":[[72.89624,19.07242],[72.89658,19.07222],[72.89649,19.07206],[72.89613,19.07227]]}},{"type":"Feature","properties":{"kind":"road","class":"minor"},"geometry":{"type":"LineString","coordinates":[[72.89614,19.06532],[72.89627,19.06561],[72.89604,19.06575],[72.89588,19.06554]]}},{"type":"Feature","properties":{"kind":"road","class":"minor"},"geometry":{"type":"LineString","coordinates":[[72.89602,19.07104],[72.89643,19.07082],[72.89655,19.07122],[72.89637,19.07124],[72.89615,19.07098]]}},{"type":"Feature","properties":{"kind":"road","class":"minor"},"geometry":{"type":"LineString","coordinates":[[72.89681,19.07173],[72.89682,19.07123],[72.89645,19.07135],[72.89647,19.07152],[72.89682,19.07161]]}},{"type":"Feature","properties":{"kind":"road","class":"minor"},"geometry":{"type":"LineString","coordinates":[[72.89611,19.07025],[72.89626,19.07051],[72.89593,19.07089]]}},{"type":"Feature","properties":{"kind":"road","class":"minor"},"geometry":{"type":"LineString","coordinates":[[72.89624,19.06948],[72.8966,19.06944],[72.8967,19.06992]]}},{"type":"Feature","properties":{"kind":"road","class":"minor"},"geometry":{"type":"LineString","coordinates":[[72.89669,19.06986],[72.89649,19.06989],[72.89637,19.06946]]}},{"type":"Feature","properties":{"kind":"road","class":"minor"},"geometry":{"type":"LineString","coordinates":[[72.89543,19.0701],[72.89507,19.07035],[72.89531,19.07037]]}},{"type":"Feature","properties":{"kind":"road","class":"minor"},"geometry":{"type":"LineString","coordinates":[[72.89695,19.0693],[72.89666,19.06936],[72.8968,19.06986]]}},{"type":"Feature","properties":{"kind":"road","class":"minor"},"geometry":{"type":"LineString","coordinates":[[72.897,19.07059],[72.89714,19.07041],[72.89684,19.07018],[72.89675,19.0703],[72.89704,19.07054]]}},{"type":"Feature","properties":{"kind":"road","class":"minor"},"geometry":{"type":"LineString","coordinates":[[72.89682,19.07046],[72.89661,19.07071],[72.8969,19.07095],[72.89713,19.07067]]}},{"type":"Feature","properties":{"kind":"road","class":"minor"},"geometry":{"type":"LineString","coordinates":[[72.89851,19.06694],[72.89841,19.06733],[72.89835,19.0671],[72.89803,19.06705]]}},{"type":"Feature","properties":{"kind":"road","class":"minor"},"geometry":{"type":"LineString","coordinates":[[72.89797,19.06713],[72.89826,19.06676],[72.89845,19.06683]]}},{"type":"Feature","properties":{"kind":"road","class":"minor"},"geometry":{"type":"LineString","coordinates":[[72.89654,19.06649],[72.89657,19.06669],[72.89637,19.06674],[72.89629,19.06653]]}},{"type":"Feature","properties":{"kind":"road","class":"minor"},"geometry":{"type":"LineString","coordinates":[[72.89629,19.06653],[72.89598,19.06674],[72.89621,19.06676],[72.89623,19.06655]]}},{"type":"Feature","properties":{"kind":"road","class":"minor"},"geometry":{"type":"LineString","coordinates":[[72.89586,19.06789],[72.89575,19.06809],[72.89615,19.06829],[72.89626,19.06811],[72.89585,19.0679]]}},{"type":"Feature","properties":{"kind":"road","class":"minor"},"geometry":{"type":"LineString","coordinates":[[72.89644,19.06784],[72.89586,19.06789]]}},{"type":"Feature","properties":{"kind":"road","class":"minor"},"geometry":{"type":"LineString","coordinates":[[72.89265,19.06157],[72.8931,19.06188],[72.89329,19.06163],[72.89296,19.06138]]}},{"type":"Feature","properties":{"kind":"road","class":"minor"},"geometry":{"type":"LineString","coordinates":[[72.89636,19.06876],[72.89597,19.06826],[72.89589,19.06843],[72.89612,19.06851]]}},{"type":"Feature","properties":{"kind":"road","class":"minor"},"geometry":{"type":"LineString","coordinates":[[72.89563,19.06874],[72.89584,19.06844],[72.89604,19.06853],[72.8958,19.06894]]}},{"type":"Feature","properties":{"kind":"road","class":"minor"},"geometry":{"type":"LineString","coordinates":[[72.89407,19.06591],[72.89406,19.06633],[72.8944,19.06635],[72.89411,19.06618]]}},{"type":"Feature","properties":{"kind":"road","class":"minor"},"geometry":{"type":"LineString","coordinates":[[72.89431,19.06619],[72.89442,19.066],[72.89406,19.06597]]}},{"type":"Feature","properties":{"kind":"road","class":"minor"},"geometry":{"type":"LineString","coordinates":[[72.89682,19.06813],[72.89704,19.06833],[72.89684,19.06855]]}},{"type":"Feature","properties":{"kind":"road","class":"minor"},"geometry":{"type":"LineString","coordinates":[[72.89724,19.06826],[72.89687,19.06864],[72.89707,19.06883]]}},{"type":"Feature","properties":{"kind":"road","class":"minor"},"geometry":{"type":"LineString","coordinates":[[72.89624,19.06938],[72.89671,19.0693],[72.89624,19.06919]]}},{"type":"Feature","properties":{"kind":"road","class":"minor"},"geometry":{"type":"LineString","coordinates":[[72.89546,19.06855],[72.89571,19.06811],[72.8959,19.06819],[72.8956,19.0687]]}},{"type":"Feature","properties":{"kind":"road","class":"minor"},"geometry":{"type":"LineString","coordinates":[[72.89511,19.06815],[72.89539,19.06811],[72.89556,19.06833],[72.89543,19.06851]]}},{"type":"Feature","properties":{"kind":"road","class":"minor"},"geometry":{"type":"LineString","coordinates":[[72.89405,19.06787],[72.8946,19.06807],[72.89468,19.0683],[72.89438,19.06843]]}},{"type":"Feature","properties":{"kind":"road","class":"minor"},"geometry":{"type":"LineString","coordinates":[[72.89438,19.06766],[72.89452,19.06792],[72.89416,19.06782],[72.89437,19.06775]]}},{"type":"Feature","properties":{"kind":"road","class":"minor"},"geometry":{"type":"LineString","coordinates":[[72.88291,19.06144],[72.88271,19.06128],[72.8829,19.06107],[72.88311,19.06121]]}},{"type":"Feature","properties":{"kind":"road","class":"minor"},"geometry":{"type":"LineString","coordinates":[[72.89515,19.06707],[72.89507,19.06739],[72.89482,19.06735]]}},{"type":"Feature","properties":{"kind":"road","class":"minor"},"geometry":{"type":"LineString","coordinates":[[72.89478,19.06747],[72.89504,19.06748],[72.8951,19.06766],[72.89514,19.06793],[72.8949,19.06793]]}},{"type":"Feature","properties":{"kind":"road","class":"minor"},"geometry":{"type":"LineString","coordinates":[[72.89505,19.06809],[72.8953,19.06762],[72.8955,19.06769],[72.8954,19.06801],[72.89512,19.06801]]}},{"type":"Feature","properties":{"kind":"road","class":"minor"},"geometry":{"type":"LineString","coordinates":[[72.89525,19.06617],[72.8954,19.06645],[72.89571,19.06635]]}},{"type":"Feature","properties":{"kind":"road","class":"minor"},"geometry":{"type":"LineString","coordinates":[[72.89534,19.06594],[72.89531,19.06572],[72.89491,19.06571],[72.89487,19.06597]]}},{"type":"Feature","properties":{"kind":"road","class":"minor"},"geometry":{"type":"LineString","coordinates":[[72.89482,19.06597],[72.8947,19.06564],[72.89448,19.06595]]}},{"type":"Feature","properties":{"kind":"road","class":"minor"},"geometry":{"type":"LineString","coordinates":[[72.89452,19.06595],[72.89453,19.06622],[72.89514,19.06624]]}},{"type":"Feature","properties":{"kind":"road","class":"minor"},"geometry":{"type":"LineString","coordinates":[[72.89452,19.06602],[72.89492,19.06604]]}},{"type":"Feature","properties":{"kind":"road","class":"minor"},"geometry":{"type":"LineString","coordinates":[[72.89398,19.06617],[72.89345,19.06624],[72.89349,19.06651]]}},{"type":"Feature","properties":{"kind":"road","class":"minor"},"geometry":{"type":"LineString","coordinates":[[72.89584,19.06557],[72.89597,19.06591]]}},{"type":"Feature","properties":{"kind":"road","class":"minor"},"geometry":{"type":"LineString","coordinates":[[72.896,19.06619],[72.89577,19.06635],[72.89585,19.06658],[72.89608,19.06644],[72.89629,19.06653]]}},{"type":"Feature","properties":{"kind":"road","class":"minor"},"geometry":{"type":"LineString","coordinates":[[72.89715,19.0658],[72.89705,19.06594],[72.8972,19.06613],[72.89739,19.06599]]}},{"type":"Feature","properties":{"kind":"road","class":"minor"},"geometry":{"type":"LineString","coordinates":[[72.89686,19.06557],[72.89673,19.06575],[72.89693,19.06588],[72.89705,19.06572]]}},{"type":"Feature","properties":{"kind":"road","class":"minor"},"geometry":{"type":"LineString","coordinates":[[72.89784,19.06703],[72.89737,19.06718],[72.89711,19.06701]]}},{"type":"Feature","properties":{"kind":"road","class":"minor"},"geometry":{"type":"LineString","coordinates":[[72.89737,19.06718],[72.89731,19.06746],[72.89693,19.06725],[72.89694,19.06704]]}},{"type":"Feature","properties":{"kind":"road","class":"minor"},"geometry":{"type":"LineString","coordinates":[[72.89547,19.06718],[72.89531,19.06752],[72.89565,19.06768],[72.89583,19.06737]]}},{"type":"Feature","properties":{"kind":"road","class":"minor"},"geometry":{"type":"LineString","coordinates":[[72.89545,19.06723],[72.8958,19.06742]]}},{"type":"Feature","properties":{"kind":"road","class":"minor"},"geometry":{"type":"LineString","coordinates":[[72.89583,19.06013],[72.8961,19.06058]]}},{"type":"Feature","properties":{"kind":"road","class":"minor"},"geometry":{"type":"LineString","coordinates":[[72.89607,19.06052],[72.89583,19.06063],[72.89573,19.0605]]}},{"type":"Feature","properties":{"kind":"road","class":"minor"},"geometry":{"type":"LineString","coordinates":[[72.89654,19.06638],[72.89639,19.06592],[72.89659,19.06584],[72.89683,19.06646]]}},{"type":"Feature","properties":{"kind":"road","class":"minor"},"geometry":{"type":"LineString","coordinates":[[72.89943,19.0663],[72.89875,19.06651],[72.89878,19.06674]]}}],"properties":{"bbox":[19.053279,72.85351,19.135468,72.940624],"detailBbox":[19.053279,72.85351,19.095625,72.900849],"source":"openstreetmap","attribution":"Roads and water: \u00a9 OpenStreetMap contributors, ODbL","note":"Backdrop only, for the offline map style. Not evidence."}}
